day,type,buy_time,sell_time,buy_px,sell_px,shares,pnl,pnl_pct,reason
2025-09-08,正T,2025-09-08 11:30:00,2025-09-08 13:01:00,87.835,87.646,1100,-371.63,-0.00216,超时
2025-09-09,正T,2025-09-09 09:50:00,2025-09-09 10:45:00,88.688,89.636,1100,876.38,0.01069,止盈
2025-09-11,正T,2025-09-11 11:24:00,2025-09-11 13:01:00,86.414,86.698,1100,151.68,0.00329,超时
2025-09-12,正T,2025-09-12 10:37:00,2025-09-12 10:57:00,90.678,89.541,1100,-1418.24,-0.01254,止损
2025-09-15,反T,2025-09-15 13:01:00,2025-09-15 11:23:00,88.593,88.499,1100,-268.91,-0.00107,超时
2025-09-16,正T,2025-09-16 11:26:00,2025-09-16 13:01:00,86.508,86.319,1100,-369.16,-0.00219,超时
2025-09-19,反T,2025-09-19 11:13:00,2025-09-19 10:13:00,83.191,82.718,1100,-675.39,-0.0057,超时
2025-09-24,正T,2025-09-24 11:00:00,2025-09-24 13:01:00,82.812,82.528,1100,-466.42,-0.00343,超时
2025-09-26,反T,2025-09-26 10:58:00,2025-09-26 10:43:00,89.446,88.309,1100,-1415.95,-0.01271,止损
2025-10-10,反T,2025-10-10 13:01:00,2025-10-10 11:06:00,110.39,110.106,1100,-517.71,-0.00258,超时
2025-10-13,反T,2025-10-13 13:01:00,2025-10-13 11:16:00,105.841,106.694,1100,740.34,0.00806,超时
2025-10-14,反T,2025-10-14 13:50:00,2025-10-14 13:43:00,104.894,106.031,1100,1054.5,0.01084,止盈
2025-10-20,反T,2025-10-20 13:01:00,2025-10-20 10:40:00,102.145,102.619,1100,330.69,0.00464,超时
2025-10-27,反T,2025-10-27 14:03:00,2025-10-27 13:03:00,106.221,105.747,1100,-718.22,-0.00446,超时
2025-10-28,反T,2025-10-28 14:15:00,2025-10-28 13:45:00,104.609,103.283,1100,-1652.42,-0.01268,止损
2025-10-31,反T,2025-10-31 13:01:00,2025-10-31 11:22:00,110.201,110.39,1100,3.31,0.00172,超时
2025-11-03,反T,2025-11-03 10:00:00,2025-11-03 09:52:00,103.472,104.799,1100,1265.41,0.01282,止盈
2025-11-07,反T,2025-11-07 13:01:00,2025-11-07 10:56:00,110.296,110.58,1100,107.26,0.00258,超时
2025-11-10,反T,2025-11-10 10:48:00,2025-11-10 10:38:00,109.727,108.4,1100,-1661.94,-0.01209,止损
2025-11-12,反T,2025-11-12 13:01:00,2025-11-12 11:02:00,107.263,108.685,1100,1362.5,0.01325,止盈
2025-11-27,反T,2025-11-27 11:11:00,2025-11-27 10:49:00,116.361,117.782,1100,1345.57,0.01222,止盈
2025-12-01,反T,2025-12-01 10:13:00,2025-12-01 10:08:00,124.132,125.743,1100,1539.39,0.01298,止盈
2025-12-02,反T,2025-12-02 14:01:00,2025-12-02 13:01:00,121.384,121.573,1100,-17.49,0.00156,超时
2025-12-09,反T,2025-12-09 10:30:00,2025-12-09 10:02:00,132.661,133.988,1100,1211.13,0.01,止盈
2025-12-15,反T,2025-12-15 11:21:00,2025-12-15 11:09:00,129.629,131.24,1100,1529.16,0.01243,止盈
2025-12-18,反T,2025-12-18 11:20:00,2025-12-18 10:20:00,133.04,132.851,1100,-455.7,-0.00142,超时
2025-12-22,反T,2025-12-22 13:01:00,2025-12-22 10:42:00,138.063,137.116,1100,-1298.11,-0.00686,超时
2025-12-24,反T,2025-12-24 11:13:00,2025-12-24 11:03:00,142.044,143.939,1100,1818.47,0.01334,止盈
2025-12-29,反T,2025-12-29 13:59:00,2025-12-29 13:06:00,142.423,143.939,1100,1401.24,0.01065,止盈
2026-01-07,反T,2026-01-07 13:33:00,2026-01-07 13:12:00,165.641,167.442,1100,1670.45,0.01087,止盈
2026-01-08,反T,2026-01-08 10:56:00,2026-01-08 10:21:00,165.073,162.324,1100,-3326.87,-0.01665,止损
2026-01-14,反T,2026-01-14 11:27:00,2026-01-14 10:27:00,164.504,164.22,1100,-618.36,-0.00173,超时
2026-01-15,反T,2026-01-15 13:01:00,2026-01-15 11:17:00,170.38,171.896,1100,1349.24,0.0089,超时
2026-01-16,反T,2026-01-16 13:54:00,2026-01-16 13:23:00,163.367,165.357,1100,1882.95,0.01218,止盈
2026-01-20,反T,2026-01-20 10:23:00,2026-01-20 10:14:00,153.89,155.88,1100,1900.57,0.01293,止盈
2026-01-30,反T,2026-01-30 13:03:00,2026-01-30 13:01:00,157.87,159.481,1100,1476.64,0.01021,止盈
2026-02-02,反T,2026-02-02 13:01:00,2026-02-02 11:15:00,146.782,148.298,1100,1393.13,0.01033,止盈
2026-02-09,反T,2026-02-09 10:52:00,2026-02-09 09:52:00,154.174,154.079,1100,-390.88,-0.00061,超时
2026-02-24,反T,2026-02-24 13:01:00,2026-02-24 10:31:00,156.449,157.965,1100,1375.15,0.00969,超时
2026-02-25,反T,2026-02-25 13:01:00,2026-02-25 11:30:00,165.262,165.262,1100,-307.37,0.0,超时
2026-02-27,反T,2026-02-27 11:23:00,2026-02-27 10:51:00,160.239,161.851,1100,1472.23,0.01005,止盈
2026-03-02,反T,2026-03-02 10:10:00,2026-03-02 10:01:00,159.671,161.566,1100,1785.69,0.01187,止盈
2026-03-04,反T,2026-03-04 11:04:00,2026-03-04 10:41:00,148.204,149.815,1100,1494.62,0.01087,止盈
2026-03-05,反T,2026-03-05 14:44:00,2026-03-05 13:44:00,147.825,148.772,1100,766.39,0.00641,超时
2026-03-06,反T,2026-03-06 13:50:00,2026-03-06 13:02:00,144.792,146.308,1100,1396.83,0.01047,止盈
2026-03-10,反T,2026-03-10 11:06:00,2026-03-10 10:06:00,141.191,142.044,1100,674.6,0.00604,超时
2026-03-16,反T,2026-03-16 14:36:00,2026-03-16 13:36:00,128.965,128.491,1100,-760.52,-0.00367,超时
2026-03-25,反T,2026-03-25 13:01:00,2026-03-25 10:35:00,120.341,119.014,1100,-1681.68,-0.01103,超时
2026-04-16,反T,2026-04-16 13:01:00,2026-04-16 10:35:00,139.769,138.727,1100,-1405.41,-0.00746,超时
2026-04-17,反T,2026-04-17 14:01:00,2026-04-17 13:01:00,142.517,142.802,1100,47.33,0.00199,超时
2026-04-21,反T,2026-04-21 14:01:00,2026-04-21 13:01:00,142.138,141.191,1100,-1305.69,-0.00667,超时
2026-05-08,反T,2026-05-08 11:17:00,2026-05-08 10:17:00,138.727,139.39,1100,470.91,0.00478,超时
2026-05-15,反T,2026-05-15 14:01:00,2026-05-15 13:40:00,125.743,127.259,1100,1432.26,0.01206,止盈
2026-05-18,反T,2026-05-18 10:31:00,2026-05-18 10:04:00,123.184,124.511,1100,1228.75,0.01077,止盈
2026-05-21,反T,2026-05-21 10:55:00,2026-05-21 10:09:00,121.952,123.184,1100,1126.91,0.0101,止盈
2026-06-01,反T,2026-06-01 13:01:00,2026-06-01 10:56:00,121.952,121.668,1100,-539.22,-0.00233,超时
2026-06-08,反T,2026-06-08 13:01:00,2026-06-08 11:02:00,111.243,112.191,1100,834.43,0.00852,超时
2026-06-16,反T,2026-06-16 14:43:00,2026-06-16 13:43:00,130.671,131.335,1100,485.9,0.00508,超时
2026-06-17,反T,2026-06-17 13:01:00,2026-06-17 11:20:00,128.871,129.344,1100,280.98,0.00368,超时
2026-06-23,反T,2026-06-23 13:34:00,2026-06-23 13:02:00,120.057,121.573,1100,1442.83,0.01263,止盈
2026-06-29,正T,2026-06-29 13:44:00,2026-06-29 13:55:00,109.348,110.58,1100,1150.35,0.01127,止盈
2026-06-30,反T,2026-06-30 14:36:00,2026-06-30 13:36:00,108.495,107.358,1100,-1451.38,-0.01048,超时
2026-07-01,正T,2026-07-01 10:13:00,2026-07-01 11:09:00,109.253,110.39,1100,1046.4,0.01041,止盈
2026-07-02,反T,2026-07-02 14:01:00,2026-07-02 13:01:00,110.485,111.433,1100,835.84,0.00858,超时
2026-07-10,正T,2026-07-10 09:58:00,2026-07-10 10:49:00,106.221,107.547,1100,1260.3,0.01249,止盈
2026-07-14,正T,2026-07-14 13:09:00,2026-07-14 13:31:00,100.155,101.198,1100,959.18,0.01041,止盈
2026-07-16,正T,2026-07-16 10:33:00,2026-07-16 11:24:00,102.051,100.819,1100,-1543.53,-0.01207,止损
2026-07-20,反T,2026-07-20 10:57:00,2026-07-20 10:33:00,94.09,92.953,1100,-1424.59,-0.01209,止损
2026-07-21,正T,2026-07-21 11:11:00,2026-07-21 13:01:00,95.227,95.038,1100,-385.38,-0.00199,超时
2026-07-22,正T,2026-07-22 09:56:00,2026-07-22 10:23:00,103.093,104.136,1100,953.72,0.01011,止盈
2026-07-23,正T,2026-07-23 10:13:00,2026-07-23 10:57:00,110.864,112.096,1100,1147.53,0.01111,止盈
2026-07-28,反T,2026-07-28 11:18:00,2026-07-28 10:41:00,106.126,104.515,1100,-1967.64,-0.01518,止损
2026-07-29,反T,2026-07-29 10:06:00,2026-07-29 09:51:00,103.662,102.335,1100,-1650.66,-0.0128,止损
2026-07-31,正T,2026-07-31 10:08:00,2026-07-31 11:08:00,106.126,105.083,1100,-1342.84,-0.00982,超时
2026-08-03,反T,2026-08-03 14:26:00,2026-08-03 13:26:00,104.894,103.757,1100,-1444.68,-0.01084,超时
2026-08-06,反T,2026-08-06 13:01:00,2026-08-06 11:19:00,113.044,113.139,1100,-106.12,0.00084,超时
2026-08-13,反T,2026-08-13 10:50:00,2026-08-13 09:50:00,120.152,120.436,1100,88.93,0.00237,超时
2026-08-25,反T,2026-08-25 10:36:00,2026-08-25 09:55:00,112.57,113.707,1100,1040.23,0.0101,止盈
2026-09-03,反T,2026-09-03 14:19:00,2026-09-03 13:19:00,115.603,114.939,1100,-943.94,-0.00574,超时
2026-09-04,反T,2026-09-04 13:01:00,2026-09-04 10:43:00,115.129,115.982,1100,723.07,0.00741,超时
