name,expr,ic_mean,ic_std,icir,t,ic_pos,t_h1,t_h2,n,abs_t,both_sig,same_sign,stable
LOW0,$low/$close,0.06557280405326585,0.14865920865331883,0.44109480096981485,22.357023899080147,0.7103931490852472,16.72562181733397,14.943759406727386,2569,22.357023899080147,True,True,True
VMA60,"Mean($volume, 60)/($volume+1e-12)",0.05025453782830686,0.12018754121708185,0.4181343367157956,21.18914058787348,0.6697819314641744,18.951688191104,11.75484714902913,2568,21.18914058787348,True,True,True
VSUMN60,"Sum(Greater(Ref($volume, 1)-$volume, 0), 60)/(Sum(Abs($volum",0.043610104810814565,0.10919399771766002,0.3993818865719711,20.23885196631342,0.6658878504672897,18.02726960834448,11.62687915891443,2568,20.23885196631342,True,True,True
VSUMD60,"(Sum(Greater($volume-Ref($volume, 1), 0), 60)-Sum(Greater(Re",-0.043610071333027016,0.10919399116580869,-0.3993816039456427,-20.23883764410048,0.3341121495327103,-18.027259190098718,-11.626869517631597,2568,20.23883764410048,True,True,True
VSUMP60,"Sum(Greater($volume-Ref($volume, 1), 0), 60)/(Sum(Abs($volum",-0.04361005324232464,0.10919398263778887,-0.39938146946233344,-20.238830829099903,0.3341121495327103,-18.027246183219674,-11.626872974942637,2568,20.238830829099903,True,True,True
VMA30,"Mean($volume, 30)/($volume+1e-12)",0.04466343283890799,0.113774989827357,0.39255932175147285,19.893115506861445,0.6721183800623053,18.450968885511394,10.394460991564396,2568,19.893115506861445,True,True,True
VSUMP30,"Sum(Greater($volume-Ref($volume, 1), 0), 30)/(Sum(Abs($volum",-0.04198782027068599,0.10880247943967737,-0.385908671263002,-19.556090881455468,0.3364485981308411,-17.596001320783614,-10.953287571998233,2568,19.556090881455468,True,True,True
VSUMD30,"(Sum(Greater($volume-Ref($volume, 1), 0), 30)-Sum(Greater(Re",-0.041987828070099195,0.10880250897497601,-0.38590863818918153,-19.556089205425135,0.3364485981308411,-17.595998037367742,-10.953287192860024,2568,19.556089205425135,True,True,True
VSUMN30,"Sum(Greater(Ref($volume, 1)-$volume, 0), 30)/(Sum(Abs($volum",0.04198781454641338,0.10880250786559563,0.3859085178282946,19.556083106084493,0.6635514018691588,17.595985179655084,10.95328945911612,2568,19.556083106084493,True,True,True
MIN5,"Min($low, 5)/$close",0.058237887160177616,0.1545455733043775,0.3768330979333721,19.099899971474258,0.6780848579213702,14.199638934438582,12.861257874743,2569,19.099899971474258,True,True,True
VMA20,"Mean($volume, 20)/($volume+1e-12)",0.040799408517137994,0.1086181069547199,0.37562253348924796,19.0348363461159,0.6639408099688473,17.78438246655478,9.755950055912088,2568,19.0348363461159,True,True,True
VSUMN20,"Sum(Greater(Ref($volume, 1)-$volume, 0), 20)/(Sum(Abs($volum",0.03916602081426649,0.1044838966271917,0.3748522220033056,18.995800474294686,0.6631619937694704,17.964045990948915,9.825145718920892,2568,18.995800474294686,True,True,True
VSUMD20,"(Sum(Greater($volume-Ref($volume, 1), 0), 20)-Sum(Greater(Re",-0.039165999422802404,0.10448390462832703,-0.37485198856345153,-18.995788644627872,0.3368380062305296,-17.96404101327866,-9.825136476461367,2568,18.995788644627872,True,True,True
VSUMP20,"Sum(Greater($volume-Ref($volume, 1), 0), 20)/(Sum(Abs($volum",-0.03916599073114418,0.10448389196538155,-0.3748519508071251,-18.995786731309497,0.3368380062305296,-17.96402441460336,-9.825143572993097,2568,18.995786731309497,True,True,True
VSUMD5,"(Sum(Greater($volume-Ref($volume, 1), 0), 5)-Sum(Greater(Ref",-0.03470836346144314,0.09437742996759564,-0.3677612695467572,-18.63646335387576,0.3383956386292835,-18.37133554154891,-8.733529980459572,2568,18.63646335387576,True,True,True
VSUMN5,"Sum(Greater(Ref($volume, 1)-$volume, 0), 5)/(Sum(Abs($volume",0.03470835733331648,0.09437743273427993,0.36776119383367856,18.63645951708235,0.6616043613707165,18.371327879987007,8.733531542352312,2568,18.63645951708235,True,True,True
VSUMP5,"Sum(Greater($volume-Ref($volume, 1), 0), 5)/(Sum(Abs($volume",-0.034708354072490726,0.09437743395540237,-0.3677611545244174,-18.63645752506833,0.3383956386292835,-18.37132906806618,-8.733527296371822,2568,18.63645752506833,True,True,True
KLOW,"(Less($open, $close)-$low)/$open",-0.04772599182184339,0.1320789784090956,-0.36134434409402383,-18.31484778089771,0.3188010899182561,-12.470697333701654,-13.417403031482497,2569,18.31484778089771,True,True,True
VMA10,"Mean($volume, 10)/($volume+1e-12)",0.03568138596273824,0.09957989638647252,0.35831917141445624,18.15798089691885,0.6561526479750779,17.32942092088359,8.921225534568398,2568,18.15798089691885,True,True,True
VSUMP10,"Sum(Greater($volume-Ref($volume, 1), 0), 10)/(Sum(Abs($volum",-0.035251540723668075,0.09925839582336388,-0.35514920860095556,-17.997341643416807,0.35046728971962615,-16.15386857345967,-9.729912432336766,2568,17.997341643416807,True,True,True
VSUMN10,"Sum(Greater(Ref($volume, 1)-$volume, 0), 10)/(Sum(Abs($volum",0.03525153772906744,0.09925840892312687,0.3551491315599151,17.99733773932835,0.6495327102803738,16.153873828481093,9.729903422350176,2568,17.99733773932835,True,True,True
VSUMD10,"(Sum(Greater($volume-Ref($volume, 1), 0), 10)-Sum(Greater(Re",-0.035251521551505724,0.09925840481948194,-0.35514898325856165,-17.997330224092334,0.35046728971962615,-16.153868549859645,-9.729898515599405,2568,17.997330224092334,True,True,True
CORD5,"Corr($close/Ref($close,1), Log($volume/Ref($volume, 1)+1), 5",-0.034829106198969395,0.09899317308559145,-0.35183341551094094,-17.825840599459323,0.35488897545773274,-15.955997307747593,-9.721397582070209,2567,17.825840599459323,True,True,True
MIN10,"Min($low, 10)/$close",0.05452186137938648,0.1604844445184771,0.3397329974439311,17.219470114951264,0.6562864927987544,12.801325486761407,11.608340551395438,2569,17.219470114951264,True,True,True
VSTD60,"Std($volume, 60)/($volume+1e-12)",0.036304450341866336,0.10810651867519011,0.33582110298958334,17.017881428995338,0.6386292834890965,14.82060325848283,9.64936564512043,2568,17.017881428995338,True,True,True
CORD20,"Corr($close/Ref($close,1), Log($volume/Ref($volume, 1)+1), 2",-0.03439156753577414,0.10252226739101954,-0.3354546130413292,-16.995999233739898,0.358005453837164,-14.711267283900204,-9.798641352691233,2567,16.995999233739898,True,True,True
CORD10,"Corr($close/Ref($close,1), Log($volume/Ref($volume, 1)+1), 1",-0.03439875595616188,0.10306033024688739,-0.3337730033831401,-16.910799521615175,0.35216205687573043,-14.261002090237506,-9.967589935478149,2567,16.910799521615175,True,True,True
KLEN,($high-$low)/$open,-0.06103368911949072,0.19346083784891813,-0.31548343219289965,-15.990373538279723,0.3507201245620864,-11.576313246504995,-11.107417083379389,2569,15.990373538279723,True,True,True
CORR5,"Corr($close, Log($volume+1), 5)",-0.02894450851916076,0.09196713952807464,-0.3147266367931877,-15.948910118549291,0.36098130841121495,-12.813100451407442,-9.879968841039615,2568,15.948910118549291,True,True,True
CORD30,"Corr($close/Ref($close,1), Log($volume/Ref($volume, 1)+1), 3",-0.03217126871815915,0.10245441257792283,-0.31400569198218714,-15.909277418884985,0.37397740553174913,-13.7064054028256,-9.288694215482504,2567,15.909277418884985,True,True,True
VMA5,"Mean($volume, 5)/($volume+1e-12)",0.028585116340114673,0.09195633260898169,0.31085533240722857,15.752730073789431,0.6460280373831776,15.588745661894947,7.352062269358285,2568,15.752730073789431,True,True,True
CORR10,"Corr($close, Log($volume+1), 10)",-0.031049805744494473,0.1006433265269903,-0.30851330948572736,-15.634047036817414,0.37305295950155765,-11.502648160642524,-10.687699196698945,2568,15.634047036817414,True,True,True
QTLD5,"Quantile($close, 5, 0.2)/$close",0.045736541605957706,0.14932253686739203,0.30629362831261486,15.521563721510772,0.6499221183800623,13.225079864589569,9.055316508297858,2568,15.521563721510772,True,True,True
QTLD10,"Quantile($close, 10, 0.2)/$close",0.047558294441145205,0.15716923523622028,0.30259289847447957,15.334027616645779,0.6433021806853583,13.391038792158518,8.720344475985227,2568,15.334027616645779,True,True,True
MIN20,"Min($low, 20)/$close",0.05016537125158612,0.16956898114131166,0.295840494611337,14.994765283560827,0.6372129233164655,11.05943539230126,10.211086841805852,2569,14.994765283560827,True,True,True
QTLD20,"Quantile($close, 20, 0.2)/$close",0.04663879183569788,0.16670048694166817,0.2797759784110152,14.17777020233151,0.6339563862928349,12.105792503177627,8.291871436624577,2568,14.17777020233151,True,True,True
MIN30,"Min($low, 30)/$close",0.048262702765208276,0.17642163583552314,0.27356453496556005,13.865701506158334,0.6282600233553912,10.406115615583952,9.315132248943957,2569,13.865701506158334,True,True,True
QTLD30,"Quantile($close, 30, 0.2)/$close",0.04624519368998376,0.1723794080303035,0.2682756265287445,13.594984835414659,0.6218847352024922,11.838036051738777,7.779298574352692,2568,13.594984835414659,True,True,True
RANK5,"Rank($close, 5)",-0.03814933351799293,0.14337164946872263,-0.2660870099448457,-13.484075731767655,0.37305295950155765,-12.61691109031339,-6.77751996792016,2568,13.484075731767655,True,True,True
RANK10,"Rank($close, 10)",-0.03982306919903793,0.15290578306251226,-0.2604418773536977,-13.198006166061734,0.3781152647975078,-12.34486502185514,-6.642204656935527,2568,13.198006166061734,True,True,True
KSFT,(2*$close-$high-$low)/$open,-0.04050518558487899,0.15817738623532474,-0.2560744398988762,-12.979210727887308,0.3682366679641884,-13.125990516512367,-5.992188530965918,2569,12.979210727887308,True,True,True
SUMP5,"Sum(Greater($close-Ref($close, 1), 0), 5)/(Sum(Abs($close-Re",-0.03575704593495321,0.13988546866267765,-0.2556165860313797,-12.953482415610843,0.37850467289719625,-12.657400046973358,-6.485661896220914,2568,12.953482415610843,True,True,True
KSFT2,(2*$close-$high-$low)/($high-$low+1e-12),-0.034586407878631056,0.13580104341432137,-0.2546844045454781,-12.908756363999636,0.376800311405216,-12.056791555227957,-6.595941730090012,2569,12.908756363999636,True,True,True
CNTD5,"Mean($close>Ref($close, 1), 5)-Mean($close<Ref($close, 1), 5",-0.03150788543725461,0.1238100473358094,-0.25448569090516476,-12.896173809941855,0.38006230529595014,-13.259197295505754,-5.801139907109873,2568,12.896173809941855,True,True,True
CORD60,"Corr($close/Ref($close,1), Log($volume/Ref($volume, 1)+1), 6",-0.02522124527486462,0.10011508728778197,-0.25192252195082104,-12.763798211683735,0.3872224386443319,-11.101178193267005,-7.510450348501513,2567,12.763798211683735,True,True,True
SUMD5,"(Sum(Greater($close-Ref($close, 1), 0), 5)-Sum(Greater(Ref($",-0.03794162661826745,0.15124699384807097,-0.25085871562102036,-12.712375249392846,0.3839563862928349,-12.399103063273467,-6.090580664279936,2568,12.712375249392846,True,True,True
CNTP5,"Mean($close>Ref($close, 1), 5)",-0.030208949719956035,0.12044526053694439,-0.25081061376167635,-12.7099376666098,0.3866822429906542,-11.170014567026321,-7.039607599121217,2568,12.7099376666098,True,True,True
QTLD60,"Quantile($close, 60, 0.2)/$close",0.04426284842123386,0.1773288394242887,0.24960885417699963,12.64903797348116,0.6031931464174455,10.459042156083571,7.744953495477791,2568,12.64903797348116,True,True,True
ROC5,"Ref($close, 5)/$close",0.04255767562050065,0.1721409426397235,0.24722576144810757,12.518512681021722,0.6224648985959438,12.551965356455991,5.642526515506811,2564,12.518512681021722,True,True,True
MIN60,"Min($low, 60)/$close",0.044896050511802135,0.18323980806421297,0.24501253841124496,12.418534892705189,0.615025301673803,9.175961498675708,8.514697835802425,2569,12.418534892705189,True,True,True
KMID,($close-$open)/$open,-0.03749913963479244,0.15394266219575242,-0.24359160157376514,-12.346514277715457,0.37018295056442196,-11.848950830634182,-6.193265151388236,2569,12.346514277715457,True,True,True
OPEN0,$open/$close,0.03749777565171935,0.15394446252309055,0.24357989262585497,12.345920806135911,0.629817049435578,11.847904567723885,6.193260033401548,2569,12.345920806135911,True,True,True
CORR20,"Corr($close, Log($volume+1), 20)",-0.02649449456426955,0.10877698109779728,-0.2435671067249913,-12.342869776048369,0.39057632398753894,-9.292610585491044,-8.260784848872776,2568,12.342869776048369,True,True,True
VSTD30,"Std($volume, 30)/($volume+1e-12)",0.023718649879411028,0.09757002631363919,0.24309360953913597,12.318875098840431,0.6113707165109035,12.40766516540119,5.559512919939376,2568,12.318875098840431,True,True,True
RANK20,"Rank($close, 20)",-0.03773185868298595,0.15883654149735138,-0.23755149997152977,-12.03802626995981,0.39213395638629284,-10.500962264798003,-6.731388380979064,2568,12.03802626995981,True,True,True
MA10,"Mean($close, 10)/$close",0.04218480830593607,0.17836700743362224,0.2365056683570519,11.985028294992073,0.6055295950155763,11.42107571555658,5.791543806866158,2568,11.985028294992073,True,True,True
RANK30,"Rank($close, 30)",-0.03811958676158652,0.16243883581868176,-0.2346704011357022,-11.89202532500177,0.39914330218068533,-10.288708712818792,-6.730624473608211,2568,11.89202532500177,True,True,True
MA5,"Mean($close, 5)/$close",0.03903311936837486,0.16931961059067233,0.2305292294980341,11.682169639103615,0.6140965732087228,10.999185196811734,5.783947189528306,2568,11.682169639103615,True,True,True
KMID2,($close-$open)/($high-$low+1e-12),-0.031563120828274255,0.140827676559448,-0.2241258366209743,-11.35988607147368,0.3923705722070845,-10.743325397126096,-5.819348273749739,2569,11.35988607147368,True,True,True
MA20,"Mean($close, 20)/$close",0.04118674791450318,0.18464436044745478,0.22305987474891717,11.30365681683015,0.5996884735202492,10.066244875585497,6.092400657659709,2568,11.30365681683015,True,True,True
MA30,"Mean($close, 30)/$close",0.04181392669545119,0.18779608510772883,0.22265600835855934,11.283190710671006,0.5965732087227414,9.895418514339193,6.256019717879133,2568,11.283190710671006,True,True,True
RANK60,"Rank($close, 60)",-0.03658924911438993,0.16564469648864658,-0.22088995234989484,-11.193695049186772,0.41238317757009346,-9.365283674560086,-6.662819765047075,2568,11.193695049186772,True,True,True
KUP,"($high-Greater($open, $close))/$open",-0.031281947106748295,0.14295498339369192,-0.2188237609079996,-11.091148754304939,0.38808875048657065,-6.465426783728404,-9.206746939232751,2569,11.091148754304939,True,True,True
IMAX5,"IdxMax($high, 5)/5",-0.02567302234838307,0.1177414367741263,-0.21804577090080762,-11.049564908965609,0.38901869158878505,-10.631657348321957,-5.4617334368874175,2568,11.049564908965609,True,True,True
IMXD5,"(IdxMax($high, 5)-IdxMin($low, 5))/5",-0.029632256286546147,0.13695152678055952,-0.21637039749127127,-10.964664627896418,0.39330218068535827,-10.766258638937247,-5.127799935116535,2568,10.964664627896418,True,True,True
SUMP30,"Sum(Greater($close-Ref($close, 1), 0), 30)/(Sum(Abs($close-R",-0.03333501290559086,0.15441893927649028,-0.21587386276435844,-10.939502513208696,0.4084890965732087,-8.575603107522603,-7.144377674605339,2568,10.939502513208696,True,True,True
SUMP10,"Sum(Greater($close-Ref($close, 1), 0), 10)/(Sum(Abs($close-R",-0.030985595544921668,0.1450822579528073,-0.21357260344680282,-10.822885189714446,0.39953271028037385,-9.280125032127087,-6.409237729008073,2568,10.822885189714446,True,True,True
SUMP20,"Sum(Greater($close-Ref($close, 1), 0), 20)/(Sum(Abs($close-R",-0.03180847082775071,0.15023496807308734,-0.2117248150395739,-10.729247703147472,0.40809968847352024,-8.9579816526886,-6.521932672312854,2568,10.729247703147472,True,True,True
RSV5,"($close-Min($low, 5))/(Max($high, 5)-Min($low, 5)+1e-12)",-0.0286047222546603,0.13697960540732684,-0.20882467991932377,-10.58434229877394,0.3954846243674582,-10.249547450287972,-5.437121626319379,2569,10.58434229877394,True,True,True
ROC10,"Ref($close, 10)/$close",0.03664517841345118,0.17567736632698192,0.2085936235248702,10.552033743540962,0.6029699101211411,9.7415643965706,5.450371673045622,2559,10.552033743540962,True,True,True
SUMD30,"(Sum(Greater($close-Ref($close, 1), 0), 30)-Sum(Greater(Ref(",-0.03398269586422196,0.16457846258085781,-0.206483250185462,-10.463629109212853,0.4100467289719626,-8.190759676447481,-6.767634521978351,2568,10.463629109212853,True,True,True
STD5,"Std($close, 5)/$close",-0.038943956182800665,0.18884005486503275,-0.20622720222483829,-10.450653766700905,0.39135514018691586,-6.86507069354007,-7.891755699228935,2568,10.450653766700905,True,True,True
SUMN5,"Sum(Greater(Ref($close, 1)-$close, 0), 5)/(Sum(Abs($close-Re",0.033625506076713454,0.164548779778337,0.2043497747112451,10.355514305441814,0.5860591900311527,8.940442754123605,5.684953356846849,2568,10.355514305441814,True,True,True
RSV10,"($close-Min($low, 10))/(Max($high, 10)-Min($low, 10)+1e-12)",-0.029046383735294088,0.1422274892923102,-0.20422482235903844,-10.351197121860597,0.39587388088750486,-10.07729133312617,-5.245718473264596,2569,10.351197121860597,True,True,True
SUMD10,"(Sum(Greater($close-Ref($close, 1), 0), 10)-Sum(Greater(Ref(",-0.03193572191707167,0.15682042966793822,-0.20364516271696517,-10.31980778412628,0.4084890965732087,-8.82387622245096,-5.973400759659695,2568,10.31980778412628,True,True,True
ROC20,"Ref($close, 20)/$close",0.036317878236507804,0.17793540552592738,0.20410709228532847,10.304881772920366,0.5916045508042369,9.021490113161814,5.819289775795235,2549,10.304881772920366,True,True,True
RSV30,"($close-Min($low, 30))/(Max($high, 30)-Min($low, 30)+1e-12)",-0.03101887158410893,0.1526466685884854,-0.20320700000162845,-10.299608486674687,0.4087193460490463,-9.118258898187301,-5.865091198215648,2569,10.299608486674687,True,True,True
SUMD20,"(Sum(Greater($close-Ref($close, 1), 0), 20)-Sum(Greater(Ref(",-0.03253365736383625,0.16047019857750913,-0.20273955944612412,-10.273915941869538,0.4135514018691589,-8.622309322744437,-6.106087306234963,2568,10.273915941869538,True,True,True
IMAX20,"IdxMax($high, 20)/20",-0.02484877798780678,0.12293244382541936,-0.20213360456004106,-10.243208912707638,0.41939252336448596,-8.140080219656642,-6.527919344976369,2568,10.243208912707638,True,True,True
MA60,"Mean($close, 60)/$close",0.038697882954473746,0.19157337391361665,0.20200032062870704,10.236454691130614,0.5868380062305296,8.577435258834655,6.102979970203253,2568,10.236454691130614,True,True,True
RSV20,"($close-Min($low, 20))/(Max($high, 20)-Min($low, 20)+1e-12)",-0.029776293050302306,0.14773104038276624,-0.2015574585622149,-10.216000978033897,0.4017127286882055,-9.18978143729112,-5.684056661268889,2569,10.216000978033897,True,True,True
IMAX30,"IdxMax($high, 30)/30",-0.02537175164352083,0.1263107719131236,-0.20086767944836478,-10.179057603404237,0.42017133956386293,-7.1857594130792055,-7.292921600685599,2568,10.179057603404237,True,True,True
IMAX10,"IdxMax($high, 10)/10",-0.023776218792316332,0.11907135479535319,-0.19968042551611423,-10.118892990563408,0.4088785046728972,-9.072739913659907,-5.623080397233382,2568,10.118892990563408,True,True,True
RSV60,"($close-Min($low, 60))/(Max($high, 60)-Min($low, 60)+1e-12)",-0.030828103003387407,0.15648609111823275,-0.1970021922273929,-9.985115920920606,0.4157259634098871,-8.25656204440892,-6.176751741663656,2569,9.985115920920606,True,True,True
CORR30,"Corr($close, Log($volume+1), 30)",-0.022095275133730476,0.11300930140084631,-0.1955173145912838,-9.907925521682463,0.4158878504672897,-7.855204022516149,-6.302931609606132,2568,9.907925521682463,True,True,True
BETA5,"Slope($close, 5)/$close",-0.03281199617488299,0.16849239526482557,-0.19473873656618862,-9.86847073937028,0.39797507788161995,-9.614635665667763,-4.644677583453555,2568,9.86847073937028,True,True,True
ROC30,"Ref($close, 30)/$close",0.035259252303166844,0.18241978773947887,0.19328633554558247,9.739406730619462,0.5868452146514376,8.061825875150422,5.959262615838804,2539,9.739406730619462,True,True,True
CNTD10,"Mean($close>Ref($close, 1), 10)-Mean($close<Ref($close, 1), ",-0.023356168485277804,0.12297152934930253,-0.18993151186185744,-9.62486252269611,0.4069314641744548,-9.474644475585004,-4.768605474588807,2568,9.62486252269611,True,True,True
RESI60,"Resi($close, 60)/$close",-0.03178345969536895,0.16813611222004607,-0.18903410621135772,-9.57752077155997,0.40553174912349044,-9.315558742080263,-4.728956106732614,2567,9.57752077155997,True,True,True
CNTP10,"Mean($close>Ref($close, 1), 10)",-0.023220125335027344,0.12318907112521849,-0.18849176410644974,-9.551902674815585,0.4088785046728972,-7.37294790351846,-6.191898557381886,2568,9.551902674815585,True,True,True
STD10,"Std($close, 10)/$close",-0.03803592934541882,0.20289821811805,-0.18746310193463012,-9.499774768871978,0.40809968847352024,-5.3940617316108215,-7.983669069859145,2568,9.499774768871978,True,True,True
IMXD10,"(IdxMax($high, 10)-IdxMin($low, 10))/10",-0.02581563983194801,0.13833181347745707,-0.1866211335121042,-9.457107650415313,0.42133956386292837,-8.584094089159429,-5.0869023264548705,2568,9.457107650415313,True,True,True
CNTN5,"Mean($close<Ref($close, 1), 5)",0.0262711365148568,0.14259299744347623,0.18423861610224346,9.336372537515679,0.5767133956386293,8.431783639390781,4.664660548873461,2568,9.336372537515679,True,True,True
IMXD20,"(IdxMax($high, 20)-IdxMin($low, 20))/20",-0.02578369366892236,0.1406837854885368,-0.18327409643823714,-9.287495081239493,0.4217289719626168,-7.786814308293138,-5.545578691963467,2568,9.287495081239493,True,True,True
SUMN30,"Sum(Greater(Ref($close, 1)-$close, 0), 30)/(Sum(Abs($close-R",0.03116897453845438,0.1718659504590247,0.1813563097007136,9.190310398636958,0.5708722741433022,6.529731356195406,6.472430272144549,2568,9.190310398636958,True,True,True
WVMA10,"Std(Abs($close/Ref($close, 1)-1)*$volume, 10)/(Mean(Abs($clo",-0.013947055521832804,0.07721658271056818,-0.18062254288189256,-9.151344119505609,0.4020257109466303,-6.625394847347972,-6.394706374205119,2567,9.151344119505609,True,True,True
QTLU20,"Quantile($close, 20, 0.8)/$close",0.03444125527197061,0.19272768925475825,0.17870424019064657,9.055915615039412,0.5802180685358256,8.519315040510195,4.3403370706206115,2568,9.055915615039412,True,True,True
WVMA20,"Std(Abs($close/Ref($close, 1)-1)*$volume, 20)/(Mean(Abs($clo",-0.0136337543276984,0.0764825555259911,-0.17825965978693317,-9.031627300269623,0.4000779119594858,-6.339550346413095,-6.474573039655173,2567,9.031627300269623,True,True,True
IMXD30,"(IdxMax($high, 30)-IdxMin($low, 30))/30",-0.02551755764689547,0.14325345228065092,-0.1781287448270599,-9.026752135516334,0.4302959501557632,-6.900465338718196,-6.015841534251952,2568,9.026752135516334,True,True,True
QTLU30,"Quantile($close, 30, 0.8)/$close",0.0347969919958816,0.19575926954938533,0.17775399385163296,9.007761465756625,0.5763239875389408,8.233528548837748,4.588333211333215,2568,9.007761465756625,True,True,True
BETA10,"Slope($close, 10)/$close",-0.03069052633631394,0.17328018973327547,-0.17711503192346953,-8.975381790285592,0.41939252336448596,-8.502840595021219,-4.4507869198109535,2568,8.975381790285592,True,True,True
SUMP60,"Sum(Greater($close-Ref($close, 1), 0), 60)/(Sum(Abs($close-R",-0.027952735754336655,0.1582061901915701,-0.17668547431986703,-8.953613770646703,0.4217289719626168,-6.805627491389869,-6.083494701667609,2568,8.953613770646703,True,True,True
VSTD20,"Std($volume, 20)/($volume+1e-12)",0.015916423732417553,0.09027647656691823,0.17630754253705685,8.934461912080172,0.5829439252336449,10.027848582536176,3.105632569416431,2568,8.934461912080172,True,True,True
SUMN20,"Sum(Greater(Ref($close, 1)-$close, 0), 20)/(Sum(Abs($close-R",0.02963460540818617,0.1687577028055013,0.17560446080698913,8.898832937573598,0.5681464174454829,6.785368167021609,5.8131011611683645,2568,8.898832937573598,True,True,True
RESI20,"Resi($close, 20)/$close",-0.026600425727799342,0.15516840117243252,-0.17142939881322447,-8.685568233670667,0.4203350214257889,-8.370370120839729,-4.159133412583398,2567,8.685568233670667,True,True,True
SUMN10,"Sum(Greater(Ref($close, 1)-$close, 0), 10)/(Sum(Abs($close-R",0.02872452006224505,0.16809549680504582,0.1708821509689771,8.659527818929046,0.5743769470404985,6.596265276821155,5.64537037813967,2568,8.659527818929046,True,True,True
RESI30,"Resi($close, 30)/$close",-0.0271479067006938,0.15890762277564008,-0.17084080817836933,-8.65574695356279,0.41488118426178416,-8.55955842198927,-4.031786921161589,2567,8.65574695356279,True,True,True
QTLU10,"Quantile($close, 10, 0.8)/$close",0.03207421131376607,0.18849731965923588,0.1701573867031616,8.622800072430032,0.5747663551401869,8.991319107236555,3.305757841510861,2568,8.622800072430032,True,True,True
SUMD60,"(Sum(Greater($close-Ref($close, 1), 0), 60)-Sum(Greater(Ref(",-0.028429845503540423,0.1684438397019948,-0.1687793721268617,-8.55296858042988,0.4295171339563863,-6.4678321841341315,-5.762094753172041,2568,8.55296858042988,True,True,True
BETA20,"Slope($close, 20)/$close",-0.027738058965628795,0.17673029975954538,-0.1569513490520215,-7.953578332362905,0.4279595015576324,-6.651224605631685,-4.697338137260192,2568,7.953578332362905,True,True,True
QTLU60,"Quantile($close, 60, 0.8)/$close",0.031044757912839144,0.19884351815958204,0.15612657732159088,7.911782663807522,0.5638629283489096,6.760180739336483,4.5270323949450315,2568,7.911782663807522,True,True,True
QTLU5,"Quantile($close, 5, 0.8)/$close",0.027861419280370656,0.18025596080592043,0.15456586931052302,7.832693102010508,0.5755451713395638,8.216674213280102,3.0071517459921497,2568,7.832693102010508,True,True,True
CNTP20,"Mean($close>Ref($close, 1), 20)",-0.01977354029834369,0.1281912218313444,-0.15425034581820957,-7.816703810889577,0.4252336448598131,-5.6734644573068405,-5.388667961021388,2568,7.816703810889577,True,True,True
CNTD20,"Mean($close>Ref($close, 1), 20)-Mean($close<Ref($close, 1), ",-0.019038616891711595,0.12512867592108073,-0.1521523084262423,-7.7103848474526515,0.4287383177570093,-7.716152704279605,-3.7268347604220393,2568,7.7103848474526515,True,True,True
IMIN5,"IdxMin($low, 5)/5",0.020485393447817624,0.13490841330204134,0.15184667098525317,7.694896536311061,0.55101246105919,6.68837201518148,4.174537362209067,2568,7.694896536311061,True,True,True
STD20,"Std($close, 20)/$close",-0.03183091072096955,0.2137676993872301,-0.1489042114978716,-7.545786113469544,0.41783489096573206,-3.768814113398592,-6.839879242213737,2568,7.545786113469544,True,True,True
SUMN60,"Sum(Greater(Ref($close, 1)-$close, 0), 60)/(Sum(Abs($close-R",0.02591729372550148,0.174264236320068,0.14872411157215099,7.536659470879189,0.5529595015576324,5.126663259432056,5.525756762166465,2568,7.536659470879189,True,True,True
VSTD5,"Std($volume, 5)/($volume+1e-12)",-0.010528607207636997,0.07081504034106924,-0.14867755715350378,-7.534300305330982,0.43068535825545173,-5.30470074704284,-5.348559474770912,2568,7.534300305330982,True,True,True
WVMA30,"Std(Abs($close/Ref($close, 1)-1)*$volume, 30)/(Mean(Abs($clo",-0.011580213763985834,0.07804292145575613,-0.14838262776401645,-7.5178904380332,0.4222828204129334,-5.041356479129636,-5.63554687730434,2567,7.5178904380332,True,True,True
ROC60,"Ref($close, 60)/$close",0.027484719466816448,0.18328725088564576,0.14995434398197374,7.511200965569477,0.5683539258668793,6.023492342338015,4.796214811030946,2509,7.511200965569477,True,True,True
BETA30,"Slope($close, 30)/$close",-0.026705212655122223,0.18060463170025437,-0.14786560235866095,-7.493154140598243,0.4252336448598131,-6.0144940080271985,-4.717261701726744,2568,7.493154140598243,True,True,True
CNTP30,"Mean($close>Ref($close, 1), 30)",-0.019277534359013755,0.13144192657051035,-0.1466619887732136,-7.4321604951688,0.4302959501557632,-4.687408504189602,-5.800095555544114,2568,7.4321604951688,True,True,True
WVMA5,"Std(Abs($close/Ref($close, 1)-1)*$volume, 5)/(Mean(Abs($clos",-0.01130764483023383,0.07749721063234241,-0.14591034616560428,-7.392630881244736,0.4078691079080639,-5.632313549104733,-4.8341878163567085,2567,7.392630881244736,True,True,True
CNTD30,"Mean($close>Ref($close, 1), 30)-Mean($close<Ref($close, 1), ",-0.018331798136656217,0.12658529240968328,-0.1448177571635005,-7.338703250873238,0.4380841121495327,-6.869198615970791,-3.9960051071037714,2568,7.338703250873238,True,True,True
RESI10,"Resi($close, 10)/$close",-0.02135507846850562,0.15220334230714738,-0.14030623864626393,-7.108695578519388,0.4300740163615115,-6.252301568948284,-3.9501999610465703,2567,7.108695578519388,True,True,True
IMAX60,"IdxMax($high, 60)/60",-0.017998851632351213,0.1303695993656917,-0.13806018979826537,-6.996260565925035,0.4411993769470405,-4.825645199433472,-5.153013526387396,2568,6.996260565925035,True,True,True
CNTN10,"Mean($close<Ref($close, 1), 10)",0.018588368507659818,0.1414477584649688,0.13141508009307512,6.659516722137762,0.5482866043613707,5.91809983057282,3.455921639558811,2568,6.659516722137762,True,True,True
IMXD60,"(IdxMax($high, 60)-IdxMin($low, 60))/60",-0.018416350279628166,0.14484725701113318,-0.12714324495777407,-6.443039606287707,0.4462616822429907,-4.407667711555483,-4.7351495016084515,2568,6.443039606287707,True,True,True
STD30,"Std($close, 30)/$close",-0.027845316781850298,0.21904817031823207,-0.12711960452076254,-6.441841616791483,0.43613707165109034,-3.171561689076222,-5.843522531971877,2568,6.441841616791483,True,True,True
RESI5,"Resi($close, 5)/$close",-0.017709942448369535,0.14991740340032447,-0.11813133129766577,-5.985191254378244,0.4440981690689521,-4.809770943168182,-3.746314552607907,2567,5.985191254378244,True,True,True
KLOW2,"(Less($open, $close)-$low)/($high-$low+1e-12)",-0.011735724696821284,0.10548108951684812,-0.11125903942191248,-5.639198190219925,0.4254573764110549,-3.8598955849987204,-4.111223291206096,2569,5.639198190219925,True,True,True
IMIN10,"IdxMin($low, 10)/10",0.014719768009225772,0.13678311178619415,0.10761392848142144,5.453382943185737,0.5323208722741433,3.9670317454873305,3.7464916229677927,2568,5.453382943185737,True,True,True
CNTP60,"Mean($close>Ref($close, 1), 60)",-0.014676535884761263,0.13680275800386096,-0.10728245613547535,-5.436585436923968,0.45210280373831774,-2.5630163960666934,-5.085457838203009,2568,5.436585436923968,True,True,True
CNTN20,"Mean($close<Ref($close, 1), 20)",0.014485313664675474,0.14114793774117523,0.10262504643346174,5.200569161086834,0.5373831775700935,5.1660020976676035,2.1990408902552034,2568,5.200569161086834,True,True,True
CNTD60,"Mean($close>Ref($close, 1), 60)-Mean($close<Ref($close, 1), ",-0.012884695887065782,0.12695415154966597,-0.10149093771088798,-5.143097705015331,0.46690031152647976,-4.631345627016409,-2.9698040146312032,2568,5.143097705015331,True,True,True
BETA60,"Slope($close, 60)/$close",-0.01860953845709816,0.18421187870085234,-0.1010224671087514,-5.119357752138166,0.4649532710280374,-3.436796413679677,-3.803731700503529,2568,5.119357752138166,True,True,True
STD60,"Std($close, 60)/$close",-0.022259696416384943,0.22292806149751704,-0.09985147794699174,-5.0600173636632855,0.4470404984423676,-2.3608746835100387,-4.668362244273181,2568,5.0600173636632855,True,True,True
IMIN20,"IdxMin($low, 20)/20",0.01340235695242384,0.1362206831833676,0.09838709246805666,4.9858089883556955,0.5245327102803738,3.430447065337651,3.6179098130705127,2568,4.9858089883556955,True,True,True
CNTN30,"Mean($close<Ref($close, 1), 30)",0.01356040337293734,0.14207138092916113,0.09544781844345382,4.836859990235204,0.5280373831775701,4.655625122179585,2.249681894680195,2568,4.836859990235204,True,True,True
CORR60,"Corr($close, Log($volume+1), 60)",-0.010373218526069337,0.11478065427010453,-0.09037427597911087,-4.579756004468593,0.463785046728972,-4.677086457788421,-2.1211003055090543,2568,4.579756004468593,True,True,True
IMIN30,"IdxMin($low, 30)/30",0.012259764563327395,0.13651405675984693,0.08980587680354817,4.550952127380604,0.5206386292834891,2.7010889043168587,3.719702212692907,2568,4.550952127380604,True,True,True
WVMA60,"Std(Abs($close/Ref($close, 1)-1)*$volume, 60)/(Mean(Abs($clo",-0.007267328123220408,0.08364662929492121,-0.08688130274320162,-4.401890740038361,0.44955200623295677,-4.054897327835142,-2.2114837271985324,2567,4.401890740038361,True,True,True
RSQR10,"Rsquare($close, 10)",-0.006333457998383689,0.10678467542638752,-0.05931055156645287,-3.0050029118303683,0.46435527853525516,-2.1669084177073312,-2.096700009960467,2567,3.0050029118303683,True,True,True
