date,daily_return,exposure
2022-01-04,-0.008171171,0.45581677556037903
2022-01-05,0.001866602,0.22656162083148956
2022-01-06,-0.0053555127,0.32611894607543945
2022-01-07,0.0022425395,0.2902064621448517
2022-01-10,-0.0026922007,0.30223390460014343
2022-01-11,0.004012747,0.3057197034358978
2022-01-12,-0.0039181453,0.29750582575798035
2022-01-13,0.00013428874,0.3130175471305847
2022-01-14,0.004739976,0.29600968956947327
2022-01-17,-0.0029153128,0.3521854877471924
2022-01-18,-0.0013854809,0.2850523293018341
2022-01-19,-0.007141657,0.3295939266681671
2022-01-20,-0.004142564,0.29692646861076355
2022-01-21,0.00013884407,0.3298192322254181
2022-01-24,-0.011577014,0.2992229759693146
2022-01-25,0.0012988128,0.27792778611183167
2022-01-26,-0.0088511575,0.3065516948699951
2022-01-27,0.0016050369,0.2881888449192047
2022-01-28,0.004157546,0.3217761814594269
2022-02-07,0.002593894,0.31419944763183594
2022-02-08,0.0049562943,0.3140020966529846
2022-02-09,-0.0007323757,0.2980482876300812
2022-02-10,-0.006720001,0.34410735964775085
2022-02-11,-0.0007924637,0.27253416180610657
2022-02-14,0.0032346847,0.3249601125717163
2022-02-15,0.002525054,0.2915647327899933
2022-02-16,-0.00016813735,0.3013356924057007
2022-02-17,0.0017178807,0.29653871059417725
2022-02-18,0.0038383796,0.319508820772171
2022-02-21,-0.0031788629,0.2896089255809784
2022-02-22,0.0062900474,0.35522225499153137
2022-02-23,-0.0063262773,0.2820322811603546
2022-02-24,0.002960172,0.35854580998420715
2022-02-25,0.001068907,0.27753955125808716
2022-02-28,0.0017325324,0.3706967830657959
2022-03-01,-3.0635794e-05,0.2730591595172882
2022-03-02,-0.0018518234,0.3024565577507019
2022-03-03,-0.003335516,0.3040405213832855
2022-03-04,-0.005705239,0.30339816212654114
2022-03-07,-0.008621713,0.29605674743652344
2022-03-08,-0.0045138937,0.3466929793357849
2022-03-09,0.0053863893,0.2934682369232178
2022-03-10,0.0021971883,0.295662522315979
2022-03-11,-0.0086451825,0.33357635140419006
2022-03-14,-0.015086735,0.31035470962524414
2022-03-15,0.009631349,0.3573261797428131
2022-03-16,0.0054350356,0.26997217535972595
2022-03-17,0.0030451296,0.3105352818965912
2022-03-18,0.0034106108,0.34254220128059387
2022-03-21,-0.0008978648,0.29490360617637634
2022-03-22,0.0015663079,0.31680548191070557
2022-03-23,-0.0034620778,0.32431086897850037
2022-03-24,-0.002401992,0.31039854884147644
2022-03-25,-0.0013725525,0.30490842461586
2022-03-28,-0.0023296583,0.3104139566421509
2022-03-29,0.005355078,0.3081391155719757
2022-03-30,-0.0019767317,0.2884299159049988
2022-03-31,-0.00023520854,0.3175674378871918
2022-04-01,0.0013944539,0.2891978323459625
2022-04-06,-0.0063136583,0.2918773889541626
2022-04-07,-0.0023121422,0.3335473835468292
2022-04-08,-0.009213691,0.29811081290245056
2022-04-11,0.0044567063,0.30728766322135925
2022-04-12,-0.0073950924,0.3626607358455658
2022-04-13,0.002817629,0.27374428510665894
2022-04-14,-0.004449601,0.3405476212501526
2022-04-15,0.0020930422,0.29445430636405945
2022-04-18,0.0012090642,0.37729543447494507
2022-04-19,-0.0034695012,0.2876717746257782
2022-04-20,-0.011910604,0.32000619173049927
2022-04-21,-0.0038162463,0.2836695611476898
2022-04-22,-0.023266688,0.32653167843818665
2022-04-25,-0.007886315,0.2770756781101227
2022-04-26,0.014751805,0.389127254486084
2022-04-27,-0.0043489556,0.34305351972579956
2022-04-28,0.013359488,0.3263486921787262
2022-04-29,0.005233977,0.30446794629096985
2022-05-05,-0.0039964383,0.3774060010910034
2022-05-06,0.004290235,0.30309605598449707
2022-05-09,0.0066969222,0.41134682297706604
2022-05-10,0.001522309,0.31052568554878235
2022-05-11,0.0028263847,0.3916252553462982
2022-05-12,0.001878968,0.37175044417381287
2022-05-13,0.0004624422,0.29222777485847473
2022-05-16,0.00029571573,0.3305402100086212
2022-05-17,0.0013156454,0.3494010269641876
2022-05-18,0.0018036478,0.3821945786476135
2022-05-19,0.0039560907,0.31245139241218567
2022-05-20,0.0049520168,0.3918471038341522
2022-05-23,-0.012713485,0.31545916199684143
2022-05-24,0.006267719,0.3343246281147003
2022-05-25,0.0019290451,0.3129779100418091
2022-05-26,-0.00041117228,0.3085564076900482
2022-05-27,0.0032231482,0.31362199783325195
2022-05-30,0.0038644087,0.32220903038978577
2022-05-31,0.0016549632,0.29771482944488525
2022-06-01,0.002813108,0.30334100127220154
2022-06-02,0.005225192,0.3014835715293884
2022-06-06,-0.0006066347,0.2956774830818176
2022-06-07,-0.0002779982,0.299900621175766
2022-06-08,-0.005571319,0.3035528361797333
2022-06-09,0.005599617,0.30225375294685364
2022-06-10,0.0018481956,0.3012438714504242
2022-06-13,-0.0003934665,0.3101525902748108
2022-06-14,0.00015130737,0.2900923192501068
2022-06-15,0.002537305,0.29633834958076477
2022-06-16,0.002141768,0.2930193841457367
2022-06-17,0.0034848058,0.2946835458278656
2022-06-20,-0.0020132153,0.2933311462402344
2022-06-21,-0.004154606,0.3197903335094452
2022-06-22,0.0059525273,0.29934218525886536
2022-06-23,0.0034651295,0.30386754870414734
2022-06-24,0.002190342,0.2991001605987549
2022-06-27,0.003231791,0.309946745634079
2022-06-28,-0.006537933,0.3232254385948181
2022-06-29,0.002935946,0.2805671989917755
2022-06-30,-0.00043049591,0.34497377276420593
2022-07-01,0.002506295,0.28865936398506165
2022-07-04,-0.002379732,0.3042757511138916
2022-07-05,-0.0031312723,0.3095588684082031
2022-07-06,0.0024716456,0.30207839608192444
2022-07-07,-0.00031187656,0.30181190371513367
2022-07-08,-0.0036848036,0.3099718987941742
2022-07-11,-0.0048292982,0.30534446239471436
2022-07-12,0.0023595528,0.29523059725761414
2022-07-13,0.0027516922,0.3057698607444763
2022-07-14,-0.0039558746,0.29117587208747864
2022-07-15,0.0054591047,0.30780115723609924
2022-07-18,0.0028709138,0.3093855082988739
2022-07-19,0.0038337673,0.30687397718429565
2022-07-20,-0.0008219639,0.32559725642204285
2022-07-21,-0.0016089377,0.3046702444553375
2022-07-22,-0.0027954725,0.3146649897098541
2022-07-25,0.0031570608,0.3193521797657013
2022-07-26,0.0028498408,0.30307385325431824
2022-07-27,0.002372109,0.2996639907360077
2022-07-28,-0.0015051636,0.30144694447517395
2022-07-29,0.0019701035,0.3324437141418457
2022-08-01,-0.009438324,0.2912103235721588
2022-08-02,-0.0013365502,0.31410515308380127
2022-08-03,0.0023736032,0.2944512665271759
2022-08-04,0.0049443375,0.30875250697135925
2022-08-05,0.0029180397,0.29727864265441895
2022-08-08,0.00055084244,0.3116990327835083
2022-08-09,0.00024149421,0.29997774958610535
2022-08-10,0.004018445,0.3003750741481781
2022-08-11,-0.0018190624,0.30671927332878113
2022-08-12,0.0011473907,0.3144568204879761
2022-08-15,0.0016964645,0.31706520915031433
2022-08-16,0.0005188116,0.2895066440105438
2022-08-17,0.00028114123,0.2974845767021179
2022-08-18,-0.0037663316,0.3003784418106079
2022-08-19,0.001855462,0.29986903071403503
2022-08-22,9.402506e-05,0.3129867613315582
2022-08-23,-0.010317345,0.31279948353767395
2022-08-24,-0.0005795807,0.2946337163448334
2022-08-25,-0.0013189738,0.33078625798225403
2022-08-26,0.0015996974,0.2994745373725891
2022-08-29,-0.0013835173,0.31856802105903625
2022-08-30,-0.008258135,0.315338671207428
2022-08-31,-0.0016827282,0.3121841251850128
2022-09-01,0.0034562042,0.32261306047439575
2022-09-02,0.0002639101,0.3153044879436493
2022-09-05,0.004232744,0.30651193857192993
2022-09-06,0.0011987438,0.31497642397880554
2022-09-07,-0.0026780977,0.3041851818561554
2022-09-08,0.0008993335,0.32374507188796997
2022-09-09,3.30018e-05,0.3154360055923462
2022-09-13,-0.00311915,0.3138265311717987
2022-09-14,-0.00738729,0.3082374930381775
2022-09-15,-0.006004928,0.29602792859077454
2022-09-16,-0.004025224,0.3025779128074646
2022-09-19,0.003202552,0.30542993545532227
2022-09-20,0.0006234276,0.3173399567604065
2022-09-21,-0.00039048202,0.2983674705028534
2022-09-22,-0.0053968164,0.3112151622772217
2022-09-23,-0.004771555,0.3119138777256012
2022-09-26,0.006589172,0.3061266243457794
2022-09-27,-0.007873041,0.2948765456676483
2022-09-28,-6.08059e-05,0.3031182587146759
2022-09-29,-0.004434554,0.3570108711719513
2022-09-30,-0.004966723,0.27981266379356384
2022-10-10,0.001173284,0.3228897750377655
2022-10-11,0.008661682,0.3235340416431427
2022-10-12,0.003531159,0.3202439248561859
2022-10-13,0.0066121984,0.3039534091949463
2022-10-14,0.003800678,0.3216124176979065
2022-10-17,0.0010675188,0.3011743724346161
2022-10-18,-0.0025633858,0.33426547050476074
2022-10-19,-0.0011080578,0.32474932074546814
2022-10-20,-0.00015901036,0.31783977150917053
2022-10-21,-0.0031708893,0.30843761563301086
2022-10-24,-0.0011069751,0.29407748579978943
2022-10-25,0.0068877223,0.315344899892807
2022-10-26,-0.00047649664,0.3090377748012543
2022-10-27,-0.010838051,0.3272165358066559
2022-10-28,0.0029730573,0.2963297963142395
2022-10-31,0.007360239,0.3191179037094116
2022-11-01,0.0040266896,0.33042922616004944
2022-11-02,0.0013278706,0.32086265087127686
2022-11-03,0.0061087646,0.3574926555156708
2022-11-04,0.0007990957,0.2813829481601715
2022-11-07,-0.0006722404,0.316189169883728
2022-11-08,-0.00022762857,0.3091895580291748
2022-11-09,-0.0021356973,0.32259586453437805
2022-11-10,0.0014160883,0.3026016354560852
2022-11-11,-0.0007800644,0.31149783730506897
2022-11-14,0.006885223,0.33760586380958557
2022-11-15,-0.001288232,0.2886991798877716
2022-11-16,0.0011247128,0.32876428961753845
2022-11-17,-0.0021740526,0.30817869305610657
2022-11-18,0.0011909134,0.3432498872280121
2022-11-21,-0.003868408,0.2770807445049286
2022-11-22,-0.0015530606,0.32973673939704895
2022-11-23,0.00053087994,0.3106369376182556
2022-11-24,-0.0026879576,0.3045157194137573
2022-11-25,-0.0009880471,0.2984359562397003
2022-11-28,0.0052358587,0.30257752537727356
2022-11-29,-0.00081521703,0.3002786338329315
2022-11-30,0.0033102494,0.3260604441165924
2022-12-01,0.0010043842,0.28859227895736694
2022-12-02,0.0022467112,0.30237480998039246
2022-12-05,-0.0008469021,0.30385804176330566
2022-12-06,0.00038297646,0.2977701723575592
2022-12-07,-0.0018378964,0.29867807030677795
2022-12-08,0.0003969126,0.30795320868492126
2022-12-09,-0.000977286,0.3208218514919281
2022-12-12,-0.0021851668,0.31920674443244934
2022-12-13,-0.0006284229,0.3032369017601013
2022-12-14,0.0007797634,0.30705228447914124
2022-12-15,-0.003118931,0.3094048798084259
2022-12-16,-0.0058871517,0.29177355766296387
2022-12-19,-0.0019040944,0.29325732588768005
2022-12-20,-0.0022631173,0.3221391439437866
2022-12-21,-0.003716527,0.2729976773262024
2022-12-22,-0.0007841858,0.29747387766838074
2022-12-23,0.004474278,0.3113037049770355
2022-12-26,0.0017655836,0.2876654267311096
2022-12-27,-0.0026195112,0.3099333643913269
2022-12-28,-0.0004837914,0.36585405468940735
2022-12-29,0.0011971786,0.2780303955078125
2022-12-30,0.0060420134,0.3006419539451599
2023-01-03,0.00043052284,0.2880854308605194
2023-01-04,0.0027326702,0.3178118169307709
2023-01-05,3.722079e-05,0.295838862657547
2023-01-06,0.001403629,0.30591073632240295
2023-01-09,0.00014296717,0.30368614196777344
2023-01-10,-0.0023029046,0.3145754337310791
2023-01-11,0.000108453045,0.31259095668792725
2023-01-12,0.0017346413,0.3304007947444916
2023-01-13,0.0032660028,0.295493483543396
2023-01-16,-0.00011368661,0.3115357458591461
2023-01-17,0.00071752025,0.294643759727478
2023-01-18,0.0026552568,0.30492502450942993
2023-01-19,0.0023327752,0.2968961298465729
2023-01-20,0.0025110315,0.3025290071964264
2023-01-30,0.0009494143,0.31057479977607727
2023-01-31,0.004599815,0.30505162477493286
2023-02-01,0.0007805301,0.31112316250801086
2023-02-02,-0.00022290258,0.30043312907218933
2023-02-03,-0.0014702763,0.33095234632492065
2023-02-06,0.0013745521,0.3044850528240204
2023-02-07,-0.0020190536,0.3159014880657196
2023-02-08,0.004680823,0.3029088079929352
2023-02-09,-0.00069463503,0.2794032394886017
2023-02-10,0.0028776473,0.29032933712005615
2023-02-13,0.00051557587,0.2779618501663208
2023-02-14,0.0002032191,0.2698410451412201
2023-02-15,-0.0055791084,0.2918679416179657
2023-02-16,-0.0018255666,0.32011184096336365
2023-02-17,0.0035750717,0.2925390899181366
2023-02-20,0.0012412951,0.293471097946167
2023-02-21,0.0005178166,0.30469417572021484
2023-02-22,-0.0012171047,0.31039029359817505
2023-02-23,-0.00072922424,0.3088824450969696
2023-02-24,-0.002130552,0.29720714688301086
2023-02-27,0.0026613565,0.31774258613586426
2023-02-28,0.0019563893,0.30734965205192566
2023-03-01,-0.0012230533,0.32294946908950806
2023-03-02,-0.00024216669,0.2720569968223572
2023-03-03,0.0008443684,0.2880350351333618
2023-03-06,-0.0055039832,0.2840084135532379
2023-03-07,0.0015830693,0.27992939949035645
2023-03-08,0.00012442331,0.31154194474220276
2023-03-09,-0.003588587,0.3076102137565613
2023-03-10,0.0010522594,0.31158164143562317
2023-03-13,-0.002659438,0.3145231306552887
2023-03-14,0.0019946378,0.31823137402534485
2023-03-15,-0.0047755763,0.31589552760124207
2023-03-16,0.0019115118,0.3027648627758026
2023-03-17,-0.00062427233,0.3019518554210663
2023-03-20,0.004196972,0.3255242705345154
2023-03-21,0.0012688234,0.3004976809024811
2023-03-22,0.0007183749,0.33873364329338074
2023-03-23,-0.00025013296,0.28690704703330994
2023-03-24,0.00027103917,0.3145347237586975
2023-03-27,-0.002161273,0.3043123781681061
2023-03-28,-0.00095854595,0.3187490403652191
2023-03-29,-5.006617e-06,0.29898801445961
2023-03-30,0.0023015076,0.2946951985359192
2023-03-31,0.0025148687,0.31109240651130676
2023-04-03,-0.0010713107,0.28053030371665955
2023-04-04,0.0005290849,0.3185195326805115
2023-04-06,0.0025508,0.29402410984039307
2023-04-07,-0.0025339075,0.2990860641002655
2023-04-10,0.00057742273,0.30419960618019104
2023-04-11,0.0011636196,0.2981950342655182
2023-04-12,-0.0018164855,0.32233622670173645
2023-04-13,0.0014521482,0.29337412118911743
2023-04-14,0.00018389453,0.29574158787727356
2023-04-17,-0.0010577408,0.3081941306591034
2023-04-18,-0.0013405485,0.29881033301353455
2023-04-19,-0.0011251152,0.2997565269470215
2023-04-20,-0.0071134246,0.3122587502002716
2023-04-21,-0.0017158805,0.2935868799686432
2023-04-24,-0.0049356027,0.2990926504135132
2023-04-25,0.001938182,0.31247183680534363
2023-04-26,0.0011153696,0.298566073179245
2023-04-27,0.0032109492,0.31986162066459656
2023-04-28,0.00052013446,0.296272873878479
2023-05-04,-0.003294803,0.3213762044906616
2023-05-05,0.001763608,0.3091558516025543
2023-05-08,-0.0043518194,0.3487353026866913
2023-05-09,0.0010838163,0.2807900309562683
2023-05-10,1.40258135e-05,0.3231225907802582
2023-05-11,-0.0032596057,0.30416664481163025
2023-05-12,0.002112811,0.3090932369232178
2023-05-15,-0.0027396723,0.31149113178253174
2023-05-16,0.0018205325,0.31415560841560364
2023-05-17,0.00062455144,0.3060043454170227
2023-05-18,0.0009692625,0.31124940514564514
2023-05-19,0.00050381414,0.39217057824134827
2023-05-22,-0.002482544,0.2742423117160797
2023-05-23,-0.00090022717,0.31868574023246765
2023-05-24,-0.00073405995,0.29873421788215637
2023-05-25,0.0017178524,0.3312329351902008
2023-05-26,-0.0005461119,0.32222163677215576
2023-05-29,0.0010722871,0.3094830811023712
2023-05-30,-0.000524599,0.3136154115200043
2023-05-31,0.0010078511,0.3730163872241974
2023-06-01,0.0023043668,0.2877975106239319
2023-06-02,8.5715765e-05,0.30756884813308716
2023-06-05,-0.0060499376,0.3067997992038727
2023-06-06,0.00023993413,0.2832968831062317
2023-06-07,-0.0018001659,0.32061895728111267
2023-06-08,0.0015247713,0.2876768410205841
2023-06-09,0.0019786686,0.31953945755958557
2023-06-12,0.00073254865,0.2887468934059143
2023-06-13,0.00061004027,0.3454524278640747
2023-06-14,0.001847646,0.27395394444465637
2023-06-15,0.0020190005,0.30081772804260254
2023-06-16,0.00013726173,0.2918996512889862
2023-06-19,-0.00033184752,0.2940698266029358
2023-06-20,-0.0051780283,0.3203393518924713
2023-06-21,-0.0045548854,0.2999642789363861
2023-06-26,0.004267887,0.31473425030708313
2023-06-27,-0.0010862536,0.2953891456127167
2023-06-28,0.0021882628,0.37960106134414673
2023-06-29,0.003240101,0.2673693895339966
2023-06-30,0.0014596231,0.3306148052215576
2023-07-03,0.0008629503,0.2941303551197052
2023-07-04,-0.002017635,0.31797805428504944
2023-07-05,-0.00092487974,0.30369460582733154
2023-07-06,-0.0016367501,0.30513015389442444
2023-07-07,0.0005088427,0.32821834087371826
2023-07-10,0.0025460534,0.3186674416065216
2023-07-11,-0.0036696347,0.3072868287563324
2023-07-12,0.0028070435,0.3076458275318146
2023-07-13,-0.0005459138,0.314790815114975
2023-07-14,-0.0012848172,0.3261624276638031
2023-07-17,0.00011298887,0.3169185519218445
2023-07-18,-0.0005788323,0.29931434988975525
2023-07-19,-0.0031089194,0.32319000363349915
2023-07-20,1.7356047e-05,0.3192848265171051
2023-07-21,-0.0005612915,0.3349827527999878
2023-07-24,0.0049915975,0.3260262608528137
2023-07-25,-0.0012732527,0.3103495240211487
2023-07-26,-0.002297644,0.31782329082489014
2023-07-27,0.0026760318,0.322998970746994
2023-07-28,0.002238432,0.3126661777496338
2023-07-31,-0.0004958479,0.29824480414390564
2023-08-01,-0.00071965845,0.36718252301216125
2023-08-02,0.00023691054,0.2810240685939789
2023-08-03,0.00086393545,0.31810659170150757
2023-08-04,-0.0016021812,0.29032036662101746
2023-08-07,-0.0012601572,0.3048194646835327
2023-08-08,-0.0016753983,0.3094102442264557
2023-08-09,0.00020664069,0.28971999883651733
2023-08-10,-0.0053603556,0.3175133168697357
2023-08-11,0.00014901922,0.2841075360774994
2023-08-14,-0.002458946,0.31124916672706604
2023-08-15,-0.0028908018,0.285420686006546
2023-08-16,0.0026646804,0.2977716028690338
2023-08-17,-0.0051277746,0.2929052412509918
2023-08-18,-0.002524984,0.2884393036365509
2023-08-21,0.0010883119,0.2976374328136444
2023-08-22,-0.0054018614,0.30214616656303406
2023-08-23,0.00044269758,0.2982957363128662
2023-08-24,-0.004733208,0.29923516511917114
2023-08-25,0.0019526875,0.29982250928878784
2023-08-28,0.007776051,0.27039799094200134
2023-08-29,0.0015998187,0.3325067162513733
2023-08-30,-0.0016736822,0.3066062033176422
2023-08-31,0.00025934004,0.3187592029571533
2023-09-01,0.004264533,0.3139666020870209
2023-09-04,-0.0012516812,0.31744545698165894
2023-09-05,0.0012460041,0.31635209918022156
2023-09-06,-0.0053265155,0.3182295858860016
2023-09-07,0.000950673,0.3019774854183197
2023-09-08,0.0035391978,0.31163203716278076
2023-09-11,6.480384e-05,0.30935752391815186
2023-09-12,-0.0036933767,0.32003095746040344
2023-09-13,-0.0017520407,0.3119460642337799
2023-09-14,0.0009144574,0.31623655557632446
2023-09-15,0.00051864673,0.29293394088745117
2023-09-18,-0.0024023599,0.30727913975715637
2023-09-19,-0.002555527,0.3293618857860565
2023-09-20,-0.002190863,0.29549917578697205
2023-09-21,0.0050651985,0.3046497404575348
2023-09-22,-0.0013184136,0.2959798276424408
2023-09-25,-0.0015589907,0.3057338297367096
2023-09-26,0.0018066801,0.30151161551475525
2023-09-27,0.0018342126,0.29910674691200256
2023-09-28,-0.0013022423,0.30739423632621765
2023-10-09,-0.0010801533,0.2880457639694214
2023-10-10,0.0008827438,0.2986782491207123
2023-10-11,0.0020531248,0.28465792536735535
2023-10-12,-0.0015490548,0.33021941781044006
2023-10-13,-0.0025702417,0.28959402441978455
2023-10-16,-0.00066144497,0.2986741065979004
2023-10-17,-0.005026842,0.2882983088493347
2023-10-18,-0.0028813712,0.31008484959602356
2023-10-19,-0.003555639,0.37122058868408203
2023-10-20,-0.005821497,0.2650531232357025
2023-10-23,0.0043354803,0.28543269634246826
2023-10-24,0.002756882,0.2986327111721039
2023-10-25,0.0011931151,0.28477171063423157
2023-10-26,0.0054977215,0.3155747056007385
2023-10-27,0.003465904,0.2798241674900055
2023-10-30,-0.0014580486,0.307341068983078
2023-10-31,-0.00010888021,0.30436310172080994
2023-11-01,-0.003779096,0.3477371633052826
2023-11-02,0.0037767098,0.2889626622200012
2023-11-03,0.0057533165,0.3093511164188385
2023-11-06,0.00055515615,0.29569461941719055
2023-11-07,0.00065170054,0.30327731370925903
2023-11-08,-0.0015836644,0.3051542341709137
2023-11-09,-0.0005190359,0.33927401900291443
2023-11-10,0.0024736794,0.3134896457195282
2023-11-13,0.0016656787,0.29937243461608887
2023-11-14,0.0015352077,0.3017118275165558
2023-11-15,-0.0029732562,0.3213507831096649
2023-11-16,0.0024196692,0.33503493666648865
2023-11-17,0.0023183112,0.2984406054019928
2023-11-20,-0.0014466526,0.2879997193813324
2023-11-21,-0.0032415704,0.29579997062683105
2023-11-22,0.0029598756,0.3006058931350708
2023-11-23,-0.0034405116,0.3063674867153168
2023-11-24,-0.00048197195,0.30800509452819824
2023-11-27,0.0016497178,0.30772361159324646
2023-11-28,-0.0014366745,0.30487003922462463
2023-11-29,-0.0016553015,0.3048473000526428
2023-11-30,0.001667703,0.29756131768226624
2023-12-01,-0.00075854466,0.31480488181114197
2023-12-04,-0.005470137,0.29975199699401855
2023-12-05,0.001355743,0.30640295147895813
2023-12-06,-0.0003280059,0.2981700599193573
2023-12-07,-0.001444836,0.32250919938087463
2023-12-08,0.0043505356,0.36406099796295166
2023-12-11,0.00027198944,0.2748276889324188
2023-12-12,-0.0028343815,0.33138787746429443
2023-12-13,-0.0009586377,0.32047900557518005
2023-12-14,-0.002010295,0.31279832124710083
2023-12-15,-0.004468171,0.3134072422981262
2023-12-18,0.00014430692,0.3263094127178192
2023-12-19,-0.0044571254,0.313178151845932
2023-12-20,0.0018531403,0.30446675419807434
2023-12-21,-0.0023556703,0.2899664342403412
2023-12-22,-0.00019696042,0.3255101144313812
2023-12-25,-0.003850341,0.3001719117164612
2023-12-26,0.0020578706,0.311047226190567
2023-12-27,0.005827297,0.30210164189338684
2023-12-28,0.0037209848,0.29570338129997253
2023-12-29,-0.0014728295,0.32401397824287415
2024-01-02,-0.0014054677,0.3144116997718811
2024-01-03,-0.0019335828,0.31532153487205505
2024-01-04,-0.0052406434,0.3142057955265045
2024-01-05,-0.0070092124,0.3236086070537567
2024-01-08,0.00048099656,0.2823024392127991
2024-01-09,-0.0021506166,0.32145291566848755
2024-01-10,0.005553898,0.33381757140159607
2024-01-11,-0.0016546597,0.30468669533729553
2024-01-12,-0.00087967765,0.31859034299850464
2024-01-15,-0.0012044173,0.3251989781856537
2024-01-16,-0.0075352327,0.3081524670124054
2024-01-17,-0.0013655309,0.3007378876209259
2024-01-18,-0.0031703347,0.29044726490974426
2024-01-19,-0.020595822,0.3827855587005615
2024-01-22,0.0031678465,0.24921657145023346
2024-01-23,0.004130165,0.3379330337047577
2024-01-24,0.009733717,0.3045789301395416
2024-01-25,-0.0023719976,0.29260221123695374
2024-01-26,-0.008056152,0.3387378752231598
2024-01-29,-0.008835172,0.32301077246665955
2024-01-30,-0.01152332,0.3066283166408539
2024-01-31,-0.0023059335,0.30040791630744934
2024-02-01,-0.012859938,0.3515191078186035
2024-02-02,-0.017624311,0.3153049349784851
2024-02-05,0.017280435,0.3061637580394745
2024-02-06,0.011895004,0.31591513752937317
2024-02-07,0.01254962,0.31138959527015686
2024-02-08,0.0017945772,0.3909291923046112
2024-02-19,0.0007071367,0.2978271245956421
2024-02-20,0.0023854738,0.33711546659469604
2024-02-21,0.0040999204,0.30066046118736267
2024-02-22,0.0046781083,0.3177812397480011
2024-02-23,0.0019411449,0.3085438311100006
2024-02-26,0.008918708,0.3713339567184448
2024-02-27,-0.013900875,0.32450753450393677
2024-02-28,0.009992349,0.30025067925453186
2024-02-29,0.0028587868,0.29895445704460144
2024-03-01,0.00066501176,0.3160935342311859
2024-03-04,-0.0033006654,0.31200215220451355
2024-03-05,0.00056490384,0.34136533737182617
2024-03-06,-0.0042095017,0.3216502368450165
2024-03-07,0.0030834423,0.30508866906166077
2024-03-08,0.005547946,0.31692829728126526
2024-03-11,0.002281332,0.3049945533275604
2024-03-12,0.0011171113,0.30780985951423645
2024-03-13,-0.0019851953,0.3172623813152313
2024-03-14,0.0038261353,0.3218541443347931
2024-03-15,0.004659086,0.30561885237693787
2024-03-18,-0.0019582384,0.32028910517692566
2024-03-19,0.0025875117,0.31244462728500366
2024-03-20,-0.00021538364,0.3410865366458893
2024-03-21,-0.0035558902,0.28198346495628357
2024-03-22,-0.007190063,0.33058568835258484
2024-03-25,-0.0008198758,0.29300495982170105
2024-03-26,-0.008958585,0.2948755919933319
2024-03-27,0.005679177,0.3094432055950165
2024-03-28,0.0026912694,0.29208776354789734
2024-03-29,0.006458898,0.3022998571395874
2024-04-01,-0.0010951397,0.29492220282554626
2024-04-02,-0.0020513586,0.3289286494255066
2024-04-03,-0.005618292,0.2902218997478485
2024-04-08,0.00431848,0.30494892597198486
2024-04-09,-0.0060103955,0.32986676692962646
2024-04-10,0.00051161286,0.3061825931072235
2024-04-11,-0.0026392478,0.32783243060112
2024-04-12,-0.004591822,0.3340461254119873
2024-04-15,-0.012873141,0.3100503981113434
2024-04-16,0.015586793,0.3639965355396271
2024-04-17,-0.00038823826,0.2961573302745819
2024-04-18,-0.0016915819,0.33215391635894775
2024-04-19,-0.00018959964,0.31128278374671936
2024-04-22,-0.0006350268,0.32798632979393005
2024-04-23,0.004294784,0.31308072805404663
2024-04-24,0.00044619633,0.3307565152645111
2024-04-25,0.005236646,0.31599196791648865
2024-04-26,0.007327007,0.3110961616039276
2024-04-29,-0.002395052,0.31377992033958435
2024-04-30,0.0072156545,0.3676275312900543
2024-05-06,0.0013237338,0.28123342990875244
2024-05-07,-0.005594217,0.3888618052005768
2024-05-08,0.0053925198,0.3645719587802887
2024-05-09,-0.0028770193,0.29565560817718506
2024-05-10,-0.0035739243,0.31602612137794495
2024-05-13,0.0017907899,0.31319600343704224
2024-05-14,-0.002860623,0.33506330847740173
2024-05-15,-0.00034274347,0.3560527265071869
2024-05-16,0.005177463,0.376353919506073
2024-05-17,0.0017207768,0.3329158127307892
2024-05-20,-0.003069609,0.29905179142951965
2024-05-21,0.0007407258,0.3285445272922516
2024-05-22,-0.00811022,0.376020222902298
2024-05-23,-0.0029348922,0.27080515027046204
2024-05-24,0.0026545664,0.37412965297698975
2024-05-27,-0.0025906477,0.2785254716873169
2024-05-28,0.00036644054,0.32097360491752625
2024-05-29,-0.0006777213,0.3025009036064148
2024-05-30,0.0018102346,0.3351316452026367
2024-05-31,-0.004513119,0.3277266025543213
2024-06-03,0.0008332077,0.3080188035964966
2024-06-04,-0.0038816782,0.3221241533756256
2024-06-05,-0.007266769,0.30688002705574036
2024-06-06,0.0021690482,0.311328262090683
2024-06-07,0.0027645328,0.3088771104812622
2024-06-11,0.0013644204,0.31315621733665466
2024-06-12,-0.0017443487,0.3164687752723694
2024-06-13,0.00029070085,0.30764487385749817
2024-06-14,-0.00010187419,0.30631694197654724
2024-06-17,0.0029789729,0.3571160137653351
2024-06-18,-0.0044455677,0.3755321204662323
2024-06-19,-0.0053296825,0.28559115529060364
2024-06-20,-0.0002535568,0.3293971121311188
2024-06-21,-0.010590245,0.3273078501224518
2024-06-24,-0.0015955048,0.3003677725791931
2024-06-25,0.009125467,0.33025312423706055
2024-06-26,-0.008069707,0.36340346932411194
2024-06-27,0.0013071094,0.3046077489852905
2024-06-28,0.0022095148,0.30836912989616394
2024-07-01,-0.0017753466,0.307221382856369
2024-07-02,-0.0020194286,0.3171176612377167
2024-07-03,-0.0071961535,0.3239852488040924
2024-07-04,0.0029706594,0.28872421383857727
2024-07-05,-0.0075957375,0.3143244683742523
2024-07-08,0.0053352276,0.2995437681674957
2024-07-09,-0.0012379914,0.332501083612442
2024-07-10,0.0077426694,0.3180801570415497
2024-07-11,-0.0009087804,0.31575486063957214
2024-07-12,-0.0037228963,0.3171761631965637
2024-07-15,0.00031139705,0.3163433372974396
2024-07-16,-0.0017571345,0.30000993609428406
2024-07-17,0.000734073,0.3058187961578369
2024-07-18,0.0012134375,0.30845844745635986
2024-07-19,0.00024125296,0.3231775462627411
2024-07-22,-0.007932228,0.32520803809165955
2024-07-23,-0.00426899,0.3010539710521698
2024-07-24,0.0010329041,0.31691139936447144
2024-07-25,0.004445219,0.31703242659568787
2024-07-26,-0.0012285075,0.3158639371395111
2024-07-29,0.0013408733,0.34495627880096436
2024-07-30,0.0116849765,0.315705806016922
2024-07-31,-0.0006601325,0.31329667568206787
2024-08-01,-0.004081027,0.32664698362350464
2024-08-02,-0.0074429517,0.3085170388221741
2024-08-05,0.0051081055,0.31592851877212524
2024-08-06,-0.0005396589,0.38194558024406433
2024-08-07,-0.00010619815,0.2801295518875122
2024-08-08,-0.0029149414,0.34541696310043335
2024-08-09,-0.0020737285,0.3347127437591553
2024-08-12,0.0014674459,0.31171178817749023
2024-08-13,-0.0033504989,0.3446156680583954
2024-08-14,0.0023728919,0.31253084540367126
2024-08-15,-0.0021895086,0.3111652731895447
2024-08-16,2.7053922e-05,0.3124002516269684
2024-08-19,-0.0056225355,0.32437431812286377
2024-08-20,-0.00166302,0.31186148524284363
2024-08-21,-0.0039097327,0.3164685070514679
2024-08-22,-5.3485273e-05,0.3012453615665436
2024-08-23,0.0018861401,0.31184735894203186
2024-08-26,-0.0035802906,0.3132360875606537
2024-08-27,0.00097349664,0.3185776472091675
2024-08-28,0.004783064,0.29975733160972595
2024-08-29,0.005466352,0.3112116754055023
2024-08-30,-0.00588337,0.2843950688838959
2024-09-02,0.0029920435,0.3520396649837494
2024-09-03,-0.0010130892,0.2849521040916443
2024-09-04,0.0023708045,0.30927762389183044
2024-09-05,-0.0050244583,0.28818708658218384
2024-09-06,-0.0014381687,0.2648375630378723
2024-09-09,0.0009809429,0.3292284309864044
2024-09-10,-0.0001835544,0.2815718948841095
2024-09-11,-0.000846461,0.2961809039115906
2024-09-12,-0.0035531258,0.29473617672920227
2024-09-13,-0.0012568946,0.3055274486541748
2024-09-18,0.0053822845,0.2860645055770874
2024-09-19,-0.0014459991,0.28959470987319946
2024-09-20,0.00022458866,0.31564605236053467
2024-09-23,0.010135265,0.2796492576599121
2024-09-24,0.002239274,0.2665727734565735
2024-09-25,0.013015979,0.3638175427913666
2024-09-26,0.011067929,0.2328631728887558
2024-09-27,0.02253049,0.28857895731925964
2024-09-30,0.012675264,0.2561430335044861
2024-10-08,-0.020535816,0.3153572380542755
2024-10-09,-0.0023576205,0.35301074385643005
2024-10-10,-0.013774125,0.33844128251075745
2024-10-11,0.0078032175,0.2789972126483917
2024-10-14,-0.005753772,0.2884080111980438
2024-10-15,0.00070957624,0.3162790536880493
2024-10-16,-0.0016224945,0.2945970892906189
2024-10-17,0.009727656,0.2765998840332031
2024-10-18,0.0034973924,0.27437150478363037
2024-10-21,0.0023076304,0.30050069093704224
2024-10-22,0.0010667826,0.3438783586025238
2024-10-23,-0.0021290132,0.3129083812236786
2024-10-24,0.0068639917,0.34982213377952576
2024-10-25,0.0044980203,0.28018903732299805
2024-10-28,-0.005942561,0.3078612983226776
2024-10-29,-0.0002294239,0.3502331078052521
2024-10-30,0.0040186234,0.31599655747413635
2024-10-31,-0.007469399,0.3184008300304413
2024-11-01,0.0065508196,0.34244900941848755
2024-11-04,0.010030956,0.33410006761550903
2024-11-05,0.0012955128,0.27940163016319275
2024-11-06,0.0063679046,0.3472595512866974
2024-11-07,-8.859886e-05,0.3448830842971802
2024-11-08,0.0070458814,0.3438986837863922
2024-11-11,-0.004193233,0.3521668016910553
2024-11-12,-0.0004093089,0.2752114236354828
2024-11-13,-0.010998433,0.38797006011009216
2024-11-14,-0.0062020323,0.3183392882347107
2024-11-15,-0.0056913206,0.29346582293510437
2024-11-18,0.007175668,0.2982752025127411
2024-11-19,0.005541238,0.3492414653301239
2024-11-20,3.0004787e-05,0.2933575212955475
2024-11-21,-0.010972525,0.31841591000556946
2024-11-22,0.0018672674,0.2960383892059326
2024-11-25,-0.0034584394,0.3599170744419098
2024-11-26,0.0057220664,0.29479900002479553
2024-11-27,-0.0014062864,0.36561575531959534
2024-11-28,0.004182933,0.2818707525730133
2024-11-29,0.005662591,0.3082493543624878
2024-12-02,-0.0005535538,0.30713361501693726
2024-12-03,-0.004775079,0.32129067182540894
2024-12-04,0.003591711,0.31641533970832825
2024-12-05,0.002740942,0.3015798032283783
2024-12-06,-0.0016223246,0.3118768632411957
2024-12-09,0.0025801356,0.30215194821357727
2024-12-10,0.0044608694,0.348927766084671
2024-12-11,0.0023555055,0.3545134961605072
2024-12-12,-0.005658932,0.28368160128593445
2024-12-13,-0.0028784391,0.2975652813911438
2024-12-16,-0.0058532427,0.3028888702392578
2024-12-17,0.0015999917,0.2890641987323761
2024-12-18,0.0001627764,0.37609270215034485
2024-12-19,0.001907021,0.27081844210624695
2024-12-20,-0.008158668,0.31102877855300903
2024-12-23,0.0031455867,0.30163663625717163
2024-12-24,-0.0031759462,0.30110910534858704
2024-12-25,0.0023550878,0.3057219684123993
2024-12-26,0.001081439,0.30932000279426575
2024-12-27,-0.0014473568,0.30706217885017395
2024-12-30,-0.009194927,0.34717437624931335
2024-12-31,-0.0066981628,0.2872590720653534
2025-01-02,-0.007516936,0.2907838523387909
2025-01-03,-0.00026551294,0.3099384009838104
2025-01-06,0.0036080868,0.3216125965118408
2025-01-07,-0.001685849,0.2995012104511261
2025-01-08,0.00023377335,0.3112328350543976
2025-01-09,-0.006553097,0.3101672828197479
2025-01-10,0.0010609961,0.32271820306777954
2025-01-13,0.012674258,0.32523787021636963
2025-01-14,-0.0017109087,0.28380462527275085
2025-01-15,0.0010408,0.3320620059967041
2025-01-16,0.0020616434,0.33909112215042114
2025-01-17,0.001990616,0.3665808141231537
2025-01-20,0.00031142923,0.288888543844223
2025-01-21,-0.002739417,0.3189220726490021
2025-01-22,-0.000888999,0.31791311502456665
2025-01-23,0.0043235966,0.3015196621417999
2025-01-24,-0.0036145232,0.31621506810188293
2025-01-27,0.0017713708,0.29893091320991516
2025-02-05,0.0068548545,0.32317933440208435
2025-02-06,0.0044203037,0.3493538200855255
2025-02-07,0.00291919,0.2944611608982086
2025-02-10,-0.0011554789,0.3469846546649933
2025-02-11,0.0036272802,0.3336000144481659
2025-02-12,-0.0027646017,0.2892201542854309
2025-02-13,0.0016010228,0.3682384788990021
2025-02-14,0.00084487384,0.2785224914550781
2025-02-17,-0.0058159847,0.31268227100372314
2025-02-18,0.00612362,0.33577966690063477
2025-02-19,0.0017463116,0.2835850417613983
2025-02-20,0.0034066124,0.3143693506717682
2025-02-21,0.0006306648,0.30858829617500305
2025-02-24,-0.0017275864,0.3638678789138794
2025-02-25,0.004186781,0.3244549334049225
2025-02-26,-0.0007711249,0.30246445536613464
2025-02-27,-0.010793517,0.3847573399543762
2025-02-28,0.0006101946,0.2657918632030487
2025-03-03,0.003455427,0.3388957977294922
2025-03-04,0.0007919335,0.2949645221233368
2025-03-05,0.005108246,0.31738558411598206
2025-03-06,-0.0009995487,0.29298555850982666
2025-03-07,0.001004147,0.3464272916316986
2025-03-10,0.00126805,0.29741963744163513
2025-03-11,0.00052348775,0.3415670692920685
2025-03-12,-0.0034744788,0.3031338155269623
2025-03-13,0.0047212937,0.32756829261779785
2025-03-14,0.0010150519,0.306593120098114
2025-03-17,0.0010429784,0.32567575573921204
2025-03-18,-0.0016700184,0.3094846308231354
2025-03-19,-0.0010498003,0.3242433965206146
2025-03-20,-0.0049489,0.31707051396369934
2025-03-21,-0.0019785129,0.3042650520801544
2025-03-24,-0.001180142,0.33887407183647156
2025-03-25,0.0011737226,0.29777222871780396
2025-03-26,-0.0004687232,0.3311184346675873
2025-03-27,-0.0028564394,0.3155583143234253
2025-03-28,-0.0024082027,0.3230147063732147
2025-03-31,0.0022886905,0.3119668662548065
2025-04-01,0.00078735786,0.3447679579257965
2025-04-02,-0.0026027008,0.31408408284187317
2025-04-03,-0.024685683,0.31188470125198364
2025-04-07,0.0027505558,0.3130643367767334
2025-04-08,0.0061326516,0.3216780722141266
2025-04-09,0.0065705394,0.3039673864841461
2025-04-10,0.002889709,0.31526926159858704
2025-04-11,0.0041813473,0.3323250114917755
2025-04-14,-0.00093386375,0.3140023648738861
2025-04-15,-0.0038086113,0.32099178433418274
2025-04-16,0.0005603903,0.3257690668106079
2025-04-17,-0.0006476157,0.39243465662002563
2025-04-18,0.0066150725,0.37271758913993835
2025-04-21,0.00028956414,0.2913808822631836
2025-04-22,0.0013222711,0.33283793926239014
2025-04-23,-0.0023796684,0.29383960366249084
2025-04-24,0.0009774489,0.37303876876831055
2025-04-25,-0.0032217663,0.28413912653923035
2025-04-28,0.001336036,0.32600095868110657
2025-04-29,0.0019054868,0.3200758695602417
2025-04-30,0.0075947465,0.33265364170074463
2025-05-06,0.00073525397,0.29927560687065125
2025-05-07,0.0021728992,0.32753637433052063
2025-05-08,-0.0032428557,0.3312494158744812
2025-05-09,0.003829869,0.32291746139526367
2025-05-12,-0.00035700167,0.31203970313072205
2025-05-13,0.0004465121,0.3046984374523163
2025-05-14,-0.0041389395,0.32196569442749023
2025-05-15,0.0005645928,0.2937459647655487
2025-05-16,0.0017155476,0.32510045170783997
2025-05-19,0.0018737642,0.27816489338874817
2025-05-20,-0.0006712495,0.29476386308670044
2025-05-21,-0.0031676402,0.29557326436042786
2025-05-22,-0.0031259041,0.29132527112960815
2025-05-23,0.0019744725,0.34713777899742126
2025-05-26,-0.0005157161,0.2764892876148224
2025-05-27,-0.001050311,0.301352322101593
2025-05-28,0.004545725,0.30953553318977356
2025-05-29,-0.0027096905,0.3066770136356354
2025-05-30,0.0021871475,0.312179297208786
2025-06-03,0.0023665444,0.3000185191631317
2025-06-04,0.0012760431,0.30173543095588684
2025-06-05,-0.00043274742,0.2818864583969116
2025-06-06,0.002985498,0.32148656249046326
2025-06-09,-0.0019903495,0.2836661636829376
2025-06-10,0.0013794499,0.3072667419910431
2025-06-11,0.00045538542,0.29932013154029846
2025-06-12,-0.004282767,0.32260406017303467
2025-06-13,0.001578125,0.2979552745819092
2025-06-16,-4.125747e-06,0.33464115858078003
2025-06-17,-0.00069829676,0.3098268210887909
2025-06-18,-0.0040192856,0.3136211633682251
2025-06-19,-0.0016450365,0.3093111515045166
2025-06-20,0.0036139912,0.32026025652885437
2025-06-23,0.0051459596,0.31254878640174866
2025-06-24,0.0033210556,0.31793567538261414
2025-06-25,-0.0011275867,0.2972181737422943
2025-06-26,0.0014475476,0.330049067735672
2025-06-27,0.003150168,0.30390340089797974
2025-06-30,0.00074425334,0.31043851375579834
2025-07-01,-0.0021876586,0.2975083291530609
2025-07-02,0.0015504197,0.34611546993255615
2025-07-03,-0.0013788568,0.2823890745639801
2025-07-04,0.00077052234,0.3108053505420685
2025-07-07,0.0033145624,0.29569751024246216
2025-07-08,-0.00083195075,0.29649803042411804
2025-07-09,0.0009284122,0.3061618506908417
2025-07-10,0.0020227467,0.2948334515094757
2025-07-11,0.00037788833,0.2927462160587311
2025-07-14,-0.0013229448,0.2951950132846832
2025-07-15,0.0012331894,0.3370091915130615
2025-07-16,0.0035390574,0.386214941740036
2025-07-17,0.00056621176,0.2729635238647461
2025-07-18,0.0028599196,0.3092482388019562
2025-07-21,0.0013964066,0.3042508065700531
2025-07-22,-0.0013702629,0.29433247447013855
2025-07-23,0.0045460123,0.34418174624443054
2025-07-24,-1.633389e-05,0.3088248372077942
2025-07-25,0.00032397755,0.30274084210395813
2025-07-28,0.0013485482,0.2994076609611511
2025-07-29,-0.0019741573,0.30865246057510376
2025-07-30,-0.0029270598,0.2904219627380371
2025-07-31,0.0007158082,0.3165648877620697
2025-08-01,0.0026707556,0.2881976068019867
2025-08-04,0.0018574402,0.297748863697052
2025-08-05,0.0024145774,0.3009089529514313
2025-08-06,-0.00019036353,0.2983666956424713
2025-08-07,-0.00048340348,0.2950590252876282
2025-08-08,0.0039506652,0.3055395185947418
2025-08-11,0.00049597677,0.2905527651309967
2025-08-12,0.0032441306,0.32520416378974915
2025-08-13,-0.00413493,0.3076414167881012
2025-08-14,0.004850217,0.28156349062919617
2025-08-15,0.0036607115,0.2871537506580353
2025-08-18,2.0117102e-05,0.29326292872428894
2025-08-19,0.0023799636,0.30544188618659973
2025-08-20,-0.0012800946,0.2821686863899231
2025-08-21,0.0030507322,0.3007201552391052
2025-08-22,0.0035038227,0.3180483281612396
2025-08-25,7.725135e-05,0.2819478511810303
2025-08-26,-0.007677398,0.3970344364643097
2025-08-27,0.0023024199,0.25799450278282166
2025-08-28,-0.00066009496,0.37504181265830994
2025-08-29,0.0015998177,0.26879259943962097
2025-09-01,-0.006041572,0.3157951831817627
2025-09-02,-0.004634562,0.32536712288856506
2025-09-03,-0.004016621,0.29094982147216797
2025-09-04,0.0070557944,0.3049039840698242
2025-09-05,0.0029361078,0.30527108907699585
2025-09-08,-0.003178715,0.3198889195919037
2025-09-09,5.8107988e-05,0.3106834888458252
2025-09-10,0.0051096203,0.3146364986896515
2025-09-11,0.0004996768,0.30747565627098083
2025-09-12,-0.0005758363,0.3053306043148041
2025-09-15,0.0021983169,0.3167549967765808
2025-09-16,0.0018902816,0.3111019730567932
2025-09-17,-0.0036160045,0.30550476908683777
2025-09-18,-0.0010059167,0.316803902387619
2025-09-19,0.00088098616,0.30715128779411316
2025-09-22,-0.003406189,0.32099640369415283
2025-09-23,0.004265011,0.3022285997867584
2025-09-24,-0.0017184875,0.3917470872402191
2025-09-25,-0.0027349377,0.2652646005153656
2025-09-26,0.0032825065,0.33525705337524414
2025-09-29,0.0020822862,0.2987435758113861
2025-09-30,0.0028796045,0.31528374552726746
2025-10-09,-0.002207425,0.30340519547462463
2025-10-10,-0.0013421861,0.29851606488227844
2025-10-13,-0.00491162,0.35148900747299194
2025-10-14,0.0037306214,0.29446253180503845
2025-10-15,-0.0033304195,0.32520565390586853
2025-10-16,-0.0073873405,0.3071281313896179
2025-10-17,0.0020732426,0.3046097457408905
2025-10-20,0.0036167384,0.30125656723976135
2025-10-21,-0.00090100674,0.29919353127479553
2025-10-22,0.00038206473,0.31419631838798523
2025-10-23,0.002464455,0.3355688154697418
2025-10-24,0.0023748367,0.32793956995010376
2025-10-27,-0.0005065077,0.27783113718032837
2025-10-28,0.002802916,0.31734004616737366
2025-10-29,-0.0032029198,0.32421037554740906
2025-10-30,0.0011774199,0.2942825257778168
2025-10-31,0.0011913663,0.30487769842147827
2025-11-03,-0.0032001508,0.31329357624053955
2025-11-04,0.0011773186,0.3103195130825043
2025-11-05,0.0022140972,0.31998300552368164
2025-11-06,-0.00035799554,0.3129440248012543
2025-11-07,0.0012049372,0.3105427622795105
2025-11-10,-0.00029132637,0.29686108231544495
2025-11-11,-0.0019661884,0.31111836433410645
2025-11-12,0.0030598342,0.29980576038360596
2025-11-13,-0.0024038597,0.29499828815460205
2025-11-14,6.29349e-05,0.29577723145484924
2025-11-17,-0.0029019457,0.30518612265586853
2025-11-18,-0.0026124772,0.31385451555252075
2025-11-19,-0.0017235738,0.2902279794216156
2025-11-20,-0.009259348,0.29792866110801697
2025-11-21,0.0036852409,0.2884463369846344
2025-11-24,0.0029846695,0.3104546368122101
2025-11-25,-0.00071786763,0.2918362319469452
2025-11-26,0.00013877805,0.31260570883750916
2025-11-27,0.0026966815,0.3087294399738312
2025-11-28,0.0019690993,0.3073665201663971
2025-12-01,-0.0025129255,0.31684887409210205
2025-12-02,-0.0020275845,0.28916576504707336
2025-12-03,-0.0008549037,0.29362136125564575
2025-12-04,0.0037289043,0.3140495717525482
2025-12-05,0.0018477803,0.2946115732192993
2025-12-08,-0.0019207388,0.27754896879196167
2025-12-09,0.0011900282,0.34256911277770996
2025-12-10,-0.0034509255,0.28341689705848694
2025-12-11,0.0017594759,0.3070203363895416
2025-12-12,-0.0012139134,0.2839650809764862
2025-12-15,-0.004430876,0.3001883625984192
2025-12-16,0.0029941911,0.2851814031600952
2025-12-17,-0.00022211926,0.2834942042827606
2025-12-18,0.0026414,0.29644957184791565
2025-12-19,0.001980902,0.2703699469566345
2025-12-22,-0.0010568176,0.2989214360713959
2025-12-23,0.003583906,0.29645422101020813
2025-12-24,0.002468772,0.30492261052131653
2025-12-25,0.000624579,0.2832234799861908
2025-12-26,-0.00069000304,0.29544559121131897
2025-12-29,2.1491967e-05,0.2820262014865875
2025-12-30,3.137992e-05,0.37487080693244934
2025-12-31,0.0042926176,0.2643442153930664
2026-01-05,0.004032949,0.3229895830154419
2026-01-06,0.0004233352,0.27306067943573
2026-01-07,0.0026340864,0.3491290509700775
2026-01-08,0.004338021,0.2831351161003113
2026-01-09,0.006228574,0.32642412185668945
2026-01-12,-0.004028549,0.29082876443862915
2026-01-13,0.001306239,0.34661170840263367
2026-01-14,-0.0005581839,0.2742695212364197
2026-01-15,-0.0004929123,0.3372803032398224
2026-01-16,0.0017527494,0.31617555022239685
2026-01-19,-0.0021106398,0.3549441397190094
2026-01-20,0.0014510948,0.28688088059425354
2026-01-21,0.002110382,0.3673297166824341
2026-01-22,0.004415826,0.2852138578891754
2026-01-23,-0.003643853,0.3141786754131317
2026-01-26,-0.0003602604,0.3096029460430145
2026-01-27,-0.00026761662,0.3541233539581299
2026-01-28,-0.0016234112,0.2730741798877716
2026-01-29,-0.0024813733,0.33866485953330994
2026-01-30,-0.00796705,0.2906702160835266
2026-02-02,0.0070010973,0.2967766225337982
2026-02-03,0.0007603636,0.3690003752708435
2026-02-04,-0.0034674543,0.28307613730430603
2026-02-05,-0.0004485246,0.3164885640144348
2026-02-06,0.0051740864,0.29924023151397705
2026-02-09,0.00030789775,0.3009333610534668
2026-02-10,-0.00013164744,0.3050288259983063
2026-02-11,0.0013384955,0.2866973280906677
2026-02-12,-0.0031582585,0.29207536578178406
2026-02-13,0.0025910423,0.29654449224472046
2026-02-24,0.0034645996,0.28491759300231934
2026-02-25,0.0012040646,0.30989786982536316
2026-02-26,0.0020030683,0.28776246309280396
2026-02-27,-0.0037326098,0.30149203538894653
2026-03-02,-0.009477871,0.2978862226009369
2026-03-03,-0.0021729702,0.29518064856529236
2026-03-04,0.0027089785,0.3618825376033783
2026-03-05,0.00293612,0.2682492136955261
2026-03-06,-0.002168357,0.32084032893180847
2026-03-09,0.0039271363,0.3123466670513153
2026-03-10,0.000598764,0.32122960686683655
2026-03-11,-0.0010261282,0.2982456386089325
2026-03-12,-0.0035658223,0.3053443431854248
2026-03-13,-0.00015163538,0.3198101818561554
2026-03-16,-0.005184597,0.29632818698883057
2026-03-17,0.0017458247,0.30752599239349365
2026-03-18,-0.0061791027,0.2957592308521271
2026-03-19,-0.005070561,0.2931504547595978
2026-03-20,-0.013067051,0.2938161790370941
2026-03-23,0.0065043247,0.27541518211364746
2026-03-24,0.004805408,0.29054972529411316
2026-03-25,-0.0037026186,0.298772394657135
2026-03-26,0.004056471,0.3218006193637848
2026-03-27,0.00056349527,0.29214227199554443
2026-03-30,-0.004238159,0.30135539174079895
2026-03-31,0.004749308,0.29593780636787415
2026-04-01,-0.0047507924,0.29652971029281616
2026-04-02,-0.004554168,0.2974618971347809
2026-04-03,0.0028866704,0.32002702355384827
2026-04-07,0.010976028,0.3010443150997162
2026-04-08,-0.002521007,0.3007364869117737
2026-04-09,0.0024764373,0.3227580189704895
2026-04-10,0.0002932371,0.30361929535865784
2026-04-13,0.0035453567,0.31473973393440247
2026-04-14,-0.00090648927,0.30382540822029114
2026-04-15,0.0038984343,0.317780464887619
2026-04-16,0.0010280899,0.31457921862602234
2026-04-17,0.0016545827,0.3101179301738739
2026-04-20,-0.0006709969,0.3085859715938568
2026-04-21,0.0028319194,0.3209824860095978
2026-04-22,-0.0030053512,0.323530375957489
2026-04-23,-0.0020326648,0.2893788516521454
2026-04-24,0.00055405824,0.30706900358200073
2026-04-27,-0.003461755,0.29773128032684326
2026-04-28,0.0036749851,0.3197457790374756
2026-04-29,0.00044118965,0.33625730872154236
2026-04-30,0.0043778014,0.3012678623199463
2026-05-06,0.0033473587,0.30875274538993835
2026-05-07,0.0013933516,0.31761038303375244
2026-05-08,0.002502761,0.2968187630176544
2026-05-11,-0.0024012867,0.30847808718681335
2026-05-12,0.0026994515,0.29339733719825745
2026-05-13,-0.0057385424,0.31962475180625916
2026-05-14,-0.0020570762,0.2968083322048187
2026-05-15,0.00020798927,0.30289384722709656
2026-05-18,0.0029935257,0.30416688323020935
2026-05-19,-0.0014781379,0.3148286044597626
2026-05-20,-0.007327914,0.30918461084365845
2026-05-21,0.0036810867,0.2950439155101776
2026-05-22,0.0011284722,0.3137950599193573
2026-05-25,-0.0027597586,0.3041398823261261
2026-05-26,-0.0062860474,0.36859506368637085
2026-05-27,0.0005387509,0.28274354338645935
2026-05-28,-0.0059077414,0.3147803843021393
2026-05-29,0.0011762287,0.3019842207431793
2026-06-01,-0.0019526774,0.29095152020454407
2026-06-02,-0.000917399,0.3049866855144501
2026-06-03,-0.0026432395,0.29956766963005066
2026-06-04,-0.00040164377,0.2989506125450134
2026-06-05,-0.008413478,0.30341213941574097
2026-06-08,0.0034752353,0.2986983060836792
2026-06-09,-0.00318663,0.31187912821769714
2026-06-10,-0.0033816078,0.2948663830757141
2026-06-11,0.0037810786,0.29679349064826965
2026-06-12,0.0065095257,0.30034127831459045
2026-06-15,0.0017407577,0.30995476245880127
2026-06-16,-0.0007288487,0.31963902711868286
2026-06-17,-0.0002658381,0.31260916590690613
2026-06-18,0.0013596816,0.3022707402706146
2026-06-22,-0.0038729971,0.33281630277633667
2026-06-23,-0.0012339244,0.3448086082935333
2026-06-24,-0.0024530715,0.29623666405677795
2026-06-25,-0.007938823,0.3130268454551697
2026-06-26,0.00017373312,0.3783411979675293
2026-06-29,0.003307127,0.2685922086238861
2026-06-30,0.004797148,0.3314475119113922
2026-07-01,-0.0035171846,0.29256460070610046
2026-07-02,0.00188309,0.3595665395259857
2026-07-03,-0.0032356635,0.29493001103401184
2026-07-06,-0.007426851,0.33292970061302185
2026-07-07,-0.004614917,0.30605143308639526
2026-07-08,0.0019215824,0.33457738161087036
2026-07-09,0.0013750165,0.31058740615844727
2026-07-10,-0.010070411,0.2987927794456482
2026-07-13,0.0031316557,0.31156858801841736
2026-07-14,-0.00023519552,0.32164832949638367
2026-07-15,-0.0034567164,0.33659258484840393
2026-07-16,-0.012377967,0.31310519576072693
2026-07-17,-0.0024655215,0.3151065707206726
2026-07-20,0.006544562,0.31864041090011597
2026-07-21,-0.003267007,0.3216155767440796
2026-07-22,0.0028644265,0.3187303841114044
2026-07-23,-0.008392222,0.31502601504325867
2026-07-24,0.00911185,0.3302244246006012
2026-07-27,-0.0035719052,0.30397751927375793
2026-07-28,0.0045486423,0.33026525378227234
2026-07-29,-0.003952842,0.3079815208911896
2026-07-30,0.0064082,0.3264677822589874
