date,equity
2022-01-04,500000.0
2022-01-05,495688.34375
2022-01-06,496499.75
2022-01-07,493791.59375
2022-01-10,494881.15625
2022-01-11,493542.875
2022-01-12,495521.59375
2022-01-13,493576.0
2022-01-14,493634.59375
2022-01-17,495966.0
2022-01-18,494492.34375
2022-01-19,493774.09375
2022-01-20,490225.875
2022-01-21,488179.125
2022-01-24,488230.84375
2022-01-25,482563.8125
2022-01-26,483180.25
2022-01-27,478889.84375
2022-01-28,479649.6875
2022-02-07,481627.65625
2022-02-08,482873.28125
2022-02-09,485266.4375
2022-02-10,484903.3125
2022-02-11,481622.5625
2022-02-14,481206.46875
2022-02-15,482737.71875
2022-02-16,483940.5
2022-02-17,483854.40625
2022-02-18,484683.3125
2022-02-21,486532.5625
2022-02-22,484971.4375
2022-02-23,487989.9375
2022-02-24,484867.28125
2022-02-25,486265.375
2022-02-28,486745.75
2022-03-01,487543.65625
2022-03-02,487481.125
2022-03-03,486564.125
2022-03-04,484940.40625
2022-03-07,482173.40625
2022-03-08,478012.75
2022-03-09,475830.9375
2022-03-10,478368.46875
2022-03-11,479418.4375
2022-03-14,475255.75
2022-03-15,468074.8125
2022-03-16,472560.8125
2022-03-17,475087.65625
2022-03-18,476515.0
2022-03-21,478124.875
2022-03-22,477672.8125
2022-03-23,478410.53125
2022-03-24,476750.65625
2022-03-25,475598.875
2022-03-28,474943.5
2022-03-29,473834.46875
2022-03-30,476370.84375
2022-03-31,475419.8125
2022-04-01,475294.15625
2022-04-06,475943.4375
2022-04-07,472937.21875
2022-04-08,471824.0625
2022-04-11,467460.25
2022-04-12,469539.3125
2022-04-13,466041.21875
2022-04-14,467312.78125
2022-04-15,465202.34375
2022-04-18,466154.5625
2022-04-19,466679.46875
2022-04-20,465018.625
2022-04-21,459465.125
2022-04-22,457695.03125
2022-04-25,447026.8125
2022-04-26,443479.46875
2022-04-27,449971.15625
2022-04-28,447993.625
2022-04-29,453971.0625
2022-05-05,456337.15625
2022-05-06,454480.28125
2022-05-09,456396.1875
2022-05-10,459402.90625
2022-05-11,460055.875
2022-05-12,461318.71875
2022-05-13,462176.34375
2022-05-16,462353.28125
2022-05-17,462472.3125
2022-05-18,463072.0
2022-05-19,463892.0
2022-05-20,465694.71875
2022-05-23,467963.71875
2022-05-24,461978.96875
2022-05-25,464865.71875
2022-05-26,465752.53125
2022-05-27,465558.96875
2022-05-30,467057.1875
2022-05-31,468858.0625
2022-06-01,469622.5
2022-06-02,470940.96875
2022-06-06,473400.84375
2022-06-07,473110.90625
2022-06-08,472977.375
2022-06-09,470340.5625
2022-06-10,472973.65625
2022-06-13,473847.34375
2022-06-14,473656.6875
2022-06-15,473718.84375
2022-06-16,474917.8125
2022-06-17,475933.34375
2022-06-20,477591.125
2022-06-21,476628.96875
2022-06-22,474636.1875
2022-06-23,477451.6875
2022-06-24,479103.96875
2022-06-27,480151.09375
2022-06-28,481697.59375
2022-06-29,478541.9375
2022-06-30,479926.375
2022-07-01,479688.84375
2022-07-04,480863.96875
2022-07-05,479712.15625
2022-07-06,478207.53125
2022-07-07,479385.90625
2022-07-08,479236.28125
2022-07-11,477466.5
2022-07-12,475158.46875
2022-07-13,476274.78125
2022-07-14,477580.3125
2022-07-15,475684.125
2022-07-18,478272.96875
2022-07-19,479645.28125
2022-07-20,481482.9375
2022-07-21,481078.1875
2022-07-22,480294.125
2022-07-25,478946.6875
2022-07-26,480456.46875
2022-07-27,481817.84375
2022-07-28,482959.15625
2022-07-29,482231.375
2022-08-01,483166.4375
2022-08-02,478586.40625
2022-08-03,477935.78125
2022-08-04,479060.78125
2022-08-05,481422.53125
2022-08-08,482821.8125
2022-08-09,483080.8125
2022-08-10,483191.78125
2022-08-11,485133.25
2022-08-12,484247.6875
2022-08-15,484799.5625
2022-08-16,485620.71875
2022-08-17,485859.28125
2022-08-18,485991.96875
2022-08-19,484160.15625
2022-08-22,485058.25
2022-08-23,485097.5
2022-08-24,480092.5
2022-08-25,479805.53125
2022-08-26,479155.34375
2022-08-29,479906.8125
2022-08-30,479233.6875
2022-08-31,475274.59375
2022-09-01,474473.34375
2022-09-02,476108.28125
2022-09-05,476230.4375
2022-09-06,478242.0
2022-09-07,478811.21875
2022-09-08,477523.78125
2022-09-09,477943.875
2022-09-13,477955.6875
2022-09-14,476464.09375
2022-09-15,472941.6875
2022-09-16,470095.96875
2022-09-19,468200.65625
2022-09-20,469698.75
2022-09-21,469986.0
2022-09-22,469793.59375
2022-09-23,467252.15625
2022-09-26,465022.3125
2022-09-27,468083.71875
2022-09-28,464393.21875
2022-09-29,464361.1875
2022-09-30,462277.03125
2022-10-10,459945.5
2022-10-11,460465.3125
2022-10-12,464453.375
2022-10-13,466091.9375
2022-10-14,469166.1875
2022-10-17,470941.0
2022-10-18,471434.09375
2022-10-19,470210.09375
2022-10-20,469684.625
2022-10-21,469606.6875
2022-10-24,468113.1875
2022-10-25,467588.28125
2022-10-26,470798.875
2022-10-27,470571.59375
2022-10-28,465463.0625
2022-10-31,466832.5
2022-11-01,470257.78125
2022-11-02,472146.0
2022-11-03,472768.40625
2022-11-04,475639.0
2022-11-07,475982.8125
2022-11-08,475646.28125
2022-11-09,475534.6875
2022-11-10,474512.71875
2022-11-11,475175.1875
2022-11-14,474800.3125
2022-11-15,478056.90625
2022-11-16,477417.6875
2022-11-17,477935.5
2022-11-18,476886.625
2022-11-21,477437.8125
2022-11-22,475559.40625
2022-11-23,474795.84375
2022-11-24,475038.8125
2022-11-25,473759.03125
2022-11-28,473288.0625
2022-11-29,475764.21875
2022-11-30,475375.28125
2022-12-01,476936.5625
2022-12-02,477397.6875
2022-12-05,478463.6875
2022-12-06,478057.75
2022-12-07,478237.9375
2022-12-08,477358.53125
2022-12-09,477543.59375
2022-12-12,477070.75
2022-12-13,476027.5
2022-12-14,475720.78125
2022-12-15,476089.90625
2022-12-16,474603.9375
2022-12-19,471801.53125
2022-12-20,470902.5
2022-12-21,469823.1875
2022-12-22,468054.09375
2022-12-23,467675.59375
2022-12-26,469761.59375
2022-12-27,470579.875
2022-12-28,469336.71875
2022-12-29,469083.40625
2022-12-30,469603.75
2023-01-03,472430.4375
2023-01-04,472627.875
2023-01-05,473905.28125
2023-01-06,473912.46875
2023-01-09,474572.84375
2023-01-10,474639.65625
2023-01-11,473541.4375
2023-01-12,473591.875
2023-01-13,474404.9375
2023-01-16,475937.71875
2023-01-17,475876.0
2023-01-18,476209.40625
2023-01-19,477468.96875
2023-01-20,478578.96875
2023-01-30,479777.96875
2023-01-31,480229.59375
2023-02-01,482435.875
2023-02-02,482809.53125
2023-02-03,482696.75
2023-02-06,481972.375
2023-02-07,482622.125
2023-02-08,481642.15625
2023-02-09,483890.375
2023-02-10,483542.875
2023-02-13,484929.03125
2023-02-14,485173.09375
2023-02-15,485267.78125
2023-02-16,482549.78125
2023-02-17,481655.25
2023-02-20,483363.875
2023-02-21,483963.40625
2023-02-22,484208.59375
2023-02-23,483616.46875
2023-02-24,483263.09375
2023-02-27,482227.8125
2023-02-28,483501.25
2023-03-01,484442.125
2023-03-02,483842.09375
2023-03-03,483700.3125
2023-03-06,484101.0
2023-03-07,481434.53125
2023-03-08,482194.75
2023-03-09,482239.53125
2023-03-10,480507.09375
2023-03-13,481010.8125
2023-03-14,479730.1875
2023-03-15,480685.28125
2023-03-16,478388.59375
2023-03-17,479296.75
2023-03-20,478997.125
2023-03-21,480996.15625
2023-03-22,481594.4375
2023-03-23,481921.96875
2023-03-24,481776.40625
2023-03-27,481893.6875
2023-03-28,480847.25
2023-03-29,480379.40625
2023-03-30,480367.5
2023-03-31,481470.96875
2023-04-03,482673.875
2023-04-04,482142.03125
2023-04-06,482378.78125
2023-04-07,483597.40625
2023-04-10,482369.59375
2023-04-11,482645.65625
2023-04-12,483204.34375
2023-04-13,482314.96875
2023-04-14,483001.40625
2023-04-17,483089.09375
2023-04-18,482572.09375
2023-04-19,481920.65625
2023-04-20,481377.96875
2023-04-21,477947.75
2023-04-24,477118.75
2023-04-25,474761.25
2023-04-26,475675.09375
2023-04-27,476199.03125
2023-04-28,477717.90625
2023-05-04,477955.09375
2023-05-05,476368.34375
2023-05-08,477202.625
2023-05-09,475107.15625
2023-05-10,475589.78125
2023-05-11,475576.34375
2023-05-12,474017.1875
2023-05-15,475016.375
2023-05-16,473713.875
2023-05-17,474575.03125
2023-05-18,474867.53125
2023-05-19,475325.3125
2023-05-22,475526.28125
2023-05-23,474289.8125
2023-05-24,473841.78125
2023-05-25,473484.5
2023-05-26,474282.4375
2023-05-29,474019.15625
2023-05-30,474521.40625
2023-05-31,474270.53125
2023-06-01,474720.28125
2023-06-02,475773.625
2023-06-05,475805.0
2023-06-06,472926.03125
2023-06-07,473028.4375
2023-06-08,472159.28125
2023-06-09,472863.65625
2023-06-12,473784.15625
2023-06-13,474116.625
2023-06-14,474378.9375
2023-06-15,475221.40625
2023-06-16,476168.09375
2023-06-19,476229.1875
2023-06-20,476070.125
2023-06-21,473592.59375
2023-06-26,471425.84375
2023-06-27,473430.84375
2023-06-28,472907.4375
2023-06-29,473902.3125
2023-06-30,475384.4375
2023-07-03,476048.1875
2023-07-04,476441.59375
2023-07-05,475469.0
2023-07-06,475022.4375
2023-07-07,474244.25
2023-07-10,474474.59375
2023-07-11,475678.09375
2023-07-12,473927.15625
2023-07-13,475257.3125
2023-07-14,474994.46875
2023-07-17,474378.78125
2023-07-18,474428.0
2023-07-19,474145.0625
2023-07-20,472659.6875
2023-07-21,472666.03125
2023-07-24,472393.3125
2023-07-25,474747.09375
2023-07-26,474135.1875
2023-07-27,473042.28125
2023-07-28,474305.71875
2023-07-31,475362.46875
2023-08-01,475119.90625
2023-08-02,474745.25
2023-08-03,474816.8125
2023-08-04,475209.40625
2023-08-07,474434.875
2023-08-08,473830.15625
2023-08-09,473034.09375
2023-08-10,473122.5
2023-08-11,470573.3125
2023-08-14,470627.71875
2023-08-15,469457.75
2023-08-16,468088.53125
2023-08-17,469330.03125
2023-08-18,466921.125
2023-08-21,465740.0625
2023-08-22,466242.625
2023-08-23,463721.9375
2023-08-24,463925.46875
2023-08-25,461729.1875
2023-08-28,462630.5
2023-08-29,466214.1875
2023-08-30,466931.03125
2023-08-31,466137.46875
2023-09-01,466252.71875
2023-09-04,468238.8125
2023-09-05,467651.09375
2023-09-06,468233.28125
2023-09-07,465738.375
2023-09-08,466173.5625
2023-09-11,467818.9375
2023-09-12,467848.21875
2023-09-13,466115.28125
2023-09-14,465294.875
2023-09-15,465718.375
2023-09-18,465949.09375
2023-09-19,464823.03125
2023-09-20,463624.9375
2023-09-21,462593.53125
2023-09-22,464932.375
2023-09-25,464315.375
2023-09-26,463586.96875
2023-09-27,464422.5625
2023-09-28,465273.28125
2023-10-09,464663.53125
2023-10-10,464152.625
2023-10-11,464557.40625
2023-10-12,465504.6875
2023-10-13,464762.4375
2023-10-16,463549.0
2023-10-17,463238.21875
2023-10-18,460904.8125
2023-10-19,459566.75
2023-10-20,457904.6875
2023-10-23,455190.6875
2023-10-24,457154.84375
2023-10-25,458409.09375
2023-10-26,458949.65625
2023-10-27,461458.59375
2023-10-30,463041.40625
2023-10-31,462353.53125
2023-11-01,462301.8125
2023-11-02,460534.75
2023-11-03,462246.875
2023-11-06,464896.8125
2023-11-07,465148.5625
2023-11-08,465448.1875
2023-11-09,464710.21875
2023-11-10,464453.1875
2023-11-13,465590.09375
2023-11-14,466359.0625
2023-11-15,467073.90625
2023-11-16,465676.03125
2023-11-17,466796.4375
2023-11-20,467861.46875
2023-11-21,467179.75
2023-11-22,465661.6875
2023-11-23,467037.71875
2023-11-24,465428.1875
2023-11-27,465203.125
2023-11-28,465970.46875
2023-11-29,465299.6875
2023-11-30,464529.5
2023-12-01,465300.84375
2023-12-04,464939.90625
2023-12-05,462389.65625
2023-12-06,463013.4375
2023-12-07,462857.75
2023-12-08,462177.78125
2023-12-11,464169.25
2023-12-12,464254.09375
2023-12-13,462912.03125
2023-12-14,462463.21875
2023-12-15,461529.96875
2023-12-18,459467.5
2023-12-19,459527.9375
2023-12-20,457473.75
2023-12-21,458317.53125
2023-12-22,457231.28125
2023-12-25,457125.0
2023-12-26,455353.375
2023-12-27,456285.5
2023-12-28,458940.3125
2023-12-29,460645.09375
2024-01-02,459953.625
2024-01-03,459302.78125
2024-01-04,458414.28125
2024-01-05,456011.375
2024-01-08,452810.84375
2024-01-09,453009.9375
2024-01-10,452018.0
2024-01-11,454522.84375
2024-01-12,453757.53125
2024-01-15,453352.0625
2024-01-16,452803.03125
2024-01-17,449383.40625
2024-01-18,448766.4375
2024-01-19,447339.09375
2024-01-22,438085.3125
2024-01-23,439414.40625
2024-01-24,441190.125
2024-01-25,445469.65625
2024-01-26,444407.65625
2024-01-29,440807.09375
2024-01-30,436905.59375
2024-01-31,431863.9375
2024-02-01,430865.40625
2024-02-02,425302.75
2024-02-05,417791.9375
2024-02-06,425007.6875
2024-02-07,430058.96875
2024-02-08,435454.09375
2024-02-19,436200.875
2024-02-20,436468.6875
2024-02-21,437492.6875
2024-02-22,439270.34375
2024-02-23,441317.78125
2024-02-26,442170.40625
2024-02-27,446086.03125
2024-02-28,439864.4375
2024-02-29,444248.96875
2024-03-01,445518.375
2024-03-04,445807.0
2024-03-05,444333.6875
2024-03-06,444571.625
2024-03-07,442691.4375
2024-03-08,444049.09375
2024-03-11,446507.375
2024-03-12,447520.65625
2024-03-13,448019.34375
2024-03-14,447125.6875
2024-03-15,448834.375
2024-03-18,450918.21875
2024-03-19,450028.59375
2024-03-20,451189.53125
2024-03-21,451079.40625
2024-03-22,449448.84375
2024-03-25,446195.59375
2024-03-26,445813.03125
2024-03-27,441818.375
2024-03-28,444321.03125
2024-03-29,445509.09375
2024-04-01,448382.03125
2024-04-02,447887.6875
2024-04-03,446953.6875
2024-04-08,444425.40625
2024-04-09,446338.09375
2024-04-10,443644.34375
2024-04-11,443860.8125
2024-04-12,442679.78125
2024-04-15,440644.34375
2024-04-16,434961.4375
2024-04-17,441717.28125
2024-04-18,441515.8125
2024-04-19,440753.0625
2024-04-22,440660.3125
2024-04-23,440373.15625
2024-04-24,442257.875
2024-04-25,442447.375
2024-04-26,444757.75
2024-04-29,448014.28125
2024-04-30,446940.09375
2024-05-06,450140.8125
2024-05-07,450697.75
2024-05-08,448128.1875
2024-05-09,450533.78125
2024-05-10,449206.65625
2024-05-13,447592.125
2024-05-14,448392.40625
2024-05-15,447099.9375
2024-05-16,446937.34375
2024-05-17,449242.21875
2024-05-20,449995.71875
2024-05-21,448599.21875
2024-05-22,448918.28125
2024-05-23,445256.3125
2024-05-24,443902.84375
2024-05-27,445035.25
2024-05-28,443839.875
2024-05-29,443983.65625
2024-05-30,443674.5625
2024-05-31,444463.21875
2024-06-03,442454.03125
2024-06-04,442813.9375
2024-06-05,441088.84375
2024-06-06,437876.875
2024-06-07,438824.65625
2024-06-11,440036.75
2024-06-12,440635.28125
2024-06-13,439865.1875
2024-06-14,439989.1875
2024-06-17,439943.8125
2024-06-18,441231.96875
2024-06-19,439262.375
2024-06-20,436881.96875
2024-06-21,436752.0625
2024-06-24,432125.84375
2024-06-25,431424.75
2024-06-26,435348.71875
2024-06-27,431821.28125
2024-06-28,432360.3125
2024-07-01,433314.0
2024-07-02,432544.21875
2024-07-03,431666.46875
2024-07-04,428557.1875
2024-07-05,429815.125
2024-07-08,426539.4375
2024-07-09,428808.78125
2024-07-10,428263.8125
2024-07-11,431573.46875
2024-07-12,431180.25
2024-07-15,429574.375
2024-07-16,429707.78125
2024-07-17,428945.71875
2024-07-18,429258.125
2024-07-19,429777.875
2024-07-22,429875.25
2024-07-23,426464.5
2024-07-24,424633.6875
2024-07-25,425065.59375
2024-07-26,426955.03125
2024-07-29,426430.0
2024-07-30,426989.375
2024-07-31,431966.09375
2024-08-01,431679.90625
2024-08-02,429912.5
2024-08-05,426704.96875
2024-08-06,428881.46875
2024-08-07,428621.71875
2024-08-08,428532.5625
2024-08-09,427255.53125
2024-08-12,426364.9375
2024-08-13,426980.78125
2024-08-14,425536.15625
2024-08-15,426532.21875
2024-08-16,425597.71875
2024-08-19,425608.71875
2024-08-20,423210.65625
2024-08-21,422501.53125
2024-08-22,420847.75
2024-08-23,420818.84375
2024-08-26,421608.09375
2024-08-27,420098.0625
2024-08-28,420504.75
2024-08-29,422508.09375
2024-08-30,424812.8125
2024-09-02,422302.125
2024-09-03,423537.03125
2024-09-04,423079.53125
2024-09-05,424072.28125
2024-09-06,421932.65625
2024-09-09,421316.03125
2024-09-10,421702.1875
2024-09-11,421604.6875
2024-09-12,421241.65625
2024-09-13,419744.34375
2024-09-18,419212.25
2024-09-19,421460.375
2024-09-20,420849.46875
2024-09-23,420933.03125
2024-09-24,425184.0
2024-09-25,426130.5
2024-09-26,431635.03125
2024-09-27,436355.21875
2024-09-30,446161.625
2024-10-08,451802.1875
2024-10-09,442497.84375
2024-10-10,441438.0
2024-10-11,435351.28125
2024-10-14,438722.34375
2024-10-15,436193.9375
2024-10-16,436491.28125
2024-10-17,435773.625
2024-10-18,440004.75
2024-10-21,441542.625
2024-10-22,442550.0
2024-10-23,443002.875
2024-10-24,442046.03125
2024-10-25,445063.78125
2024-10-28,447034.53125
2024-10-29,444365.6875
2024-10-30,444244.90625
2024-10-31,446014.9375
2024-11-01,442682.40625
2024-11-04,445571.625
2024-11-05,450037.40625
2024-11-06,450595.8125
2024-11-07,453434.40625
2024-11-08,453393.15625
2024-11-11,456587.21875
2024-11-12,454668.875
2024-11-13,454447.78125
2024-11-14,449398.875
2024-11-15,446580.59375
2024-11-18,444027.90625
2024-11-19,447211.9375
2024-11-20,449667.125
2024-11-21,449655.5
2024-11-22,444710.53125
2024-11-25,445530.96875
2024-11-26,443961.75
2024-11-27,446473.0625
2024-11-28,445813.59375
2024-11-29,447640.90625
2024-12-02,450163.8125
2024-12-03,449914.125
2024-12-04,447759.40625
2024-12-05,449365.40625
2024-12-06,450590.4375
2024-12-09,449854.78125
2024-12-10,451011.09375
2024-12-11,453001.78125
2024-12-12,454066.28125
2024-12-13,451464.78125
2024-12-16,450159.0
2024-12-17,447521.75
2024-12-18,448231.59375
2024-12-19,448265.53125
2024-12-20,449073.09375
2024-12-23,445391.34375
2024-12-24,446788.15625
2024-12-25,445368.90625
2024-12-26,446415.75
2024-12-27,446896.9375
2024-12-30,446249.125
2024-12-31,442128.15625
2025-01-02,439140.375
2025-01-03,435837.875
2025-01-06,435713.8125
2025-01-07,437280.8125
2025-01-08,436533.96875
2025-01-09,436630.90625
2025-01-10,433769.15625
2025-01-13,434223.90625
2025-01-14,439726.25
2025-01-15,438955.75
2025-01-16,439391.40625
2025-01-17,440294.15625
2025-01-20,441158.46875
2025-01-21,441261.5625
2025-01-22,440039.53125
2025-01-23,439647.90625
2025-01-24,441541.53125
2025-01-27,439939.09375
2025-02-05,440710.75
2025-02-06,443721.0
2025-02-07,445670.6875
2025-02-10,446947.15625
2025-02-11,446407.28125
2025-02-12,448020.5
2025-02-13,446762.0625
2025-02-14,447441.9375
2025-02-17,447779.78125
2025-02-18,445160.3125
2025-02-19,447875.96875
2025-02-20,448634.6875
2025-02-21,450149.15625
2025-02-24,450430.4375
2025-02-25,449627.4375
2025-02-26,451492.125
2025-02-27,451134.0625
2025-02-28,446228.03125
2025-03-03,446447.21875
2025-03-04,447957.125
2025-03-05,448292.15625
2025-03-06,450572.0625
2025-03-07,450110.71875
2025-03-10,450538.59375
2025-03-11,451087.8125
2025-03-12,451304.0
2025-03-13,449718.6875
2025-03-14,451830.875
2025-03-17,452280.03125
2025-03-18,452743.09375
2025-03-19,451979.6875
2025-03-20,451498.5
2025-03-21,449260.875
2025-03-24,448366.28125
2025-03-25,447821.65625
2025-03-26,448328.84375
2025-03-27,448103.78125
2025-03-28,446816.84375
2025-03-31,445737.46875
2025-04-01,446752.71875
2025-04-02,447089.8125
2025-04-03,445912.5
2025-04-07,434903.90625
2025-04-08,436099.59375
2025-04-09,438770.21875
2025-04-10,441645.375
2025-04-11,442916.59375
2025-04-14,444761.0
2025-04-15,444337.53125
2025-04-16,442642.125
2025-04-17,442888.0625
2025-04-18,442571.75
2025-04-21,445490.59375
2025-04-22,445583.34375
2025-04-23,446154.0
2025-04-24,445074.9375
2025-04-25,445474.65625
2025-04-28,443999.96875
2025-04-29,444574.5625
2025-04-30,445419.03125
2025-05-06,448796.21875
2025-05-07,449111.21875
2025-05-08,450074.40625
2025-05-09,448613.21875
2025-05-12,450327.5625
2025-05-13,450161.9375
2025-05-14,450359.65625
2025-05-15,448487.90625
2025-05-16,448728.4375
2025-05-19,449484.15625
2025-05-20,450305.25
2025-05-21,449995.5
2025-05-22,448569.71875
2025-05-23,447165.625
2025-05-26,448023.5625
2025-05-27,447760.875
2025-05-28,447279.46875
2025-05-29,449309.0
2025-05-30,448090.25
2025-06-03,449067.8125
2025-06-04,450125.0625
2025-06-05,450698.65625
2025-06-06,450494.6875
2025-06-09,451821.71875
2025-06-10,450905.375
2025-06-11,451516.71875
2025-06-12,451718.75
2025-06-13,449773.65625
2025-06-16,450472.34375
2025-06-17,450454.0
2025-06-18,450128.3125
2025-06-19,448317.40625
2025-06-20,447577.96875
2025-06-23,449190.5625
2025-06-24,451498.5625
2025-06-25,452995.5625
2025-06-26,452475.375
2025-06-27,453115.46875
2025-06-30,454531.0
2025-07-01,454866.3125
2025-07-02,453865.34375
2025-07-03,454546.9375
2025-07-04,453891.25
2025-07-07,454228.09375
2025-07-08,455726.8125
2025-07-09,455347.3125
2025-07-10,455765.65625
2025-07-11,456682.375
2025-07-14,456854.0
2025-07-15,456248.5
2025-07-16,456792.03125
2025-07-17,458386.0625
2025-07-18,458593.6875
2025-07-21,459888.53125
2025-07-22,460528.40625
2025-07-23,459892.8125
2025-07-24,461960.5
2025-07-25,461936.625
2025-07-28,462083.46875
2025-07-29,462705.0625
2025-07-30,461787.34375
2025-07-31,460427.25
2025-08-01,460744.78125
2025-08-04,461962.21875
2025-08-05,462815.84375
2025-08-06,463931.875
2025-08-07,463842.375
2025-08-08,463616.625
2025-08-11,465443.34375
2025-08-12,465667.25
2025-08-13,467161.78125
2025-08-14,465221.90625
2025-08-15,467466.15625
2025-08-18,469174.75
2025-08-19,469181.34375
2025-08-20,470292.28125
2025-08-21,469679.34375
2025-08-22,471103.4375
2025-08-25,472745.90625
2025-08-26,472765.375
2025-08-27,469081.78125
2025-08-28,470096.4375
2025-08-29,469731.125
2025-09-01,470432.625
2025-09-02,467568.46875
2025-09-03,465397.03125
2025-09-04,463511.75
2025-09-05,466775.65625
2025-09-08,468146.0
2025-09-09,466651.0625
2025-09-10,466673.875
2025-09-11,469056.5625
2025-09-12,469287.625
2025-09-15,469016.40625
2025-09-16,470042.0625
2025-09-17,470927.9375
2025-09-18,469222.46875
2025-09-19,468745.1875
2025-09-22,469153.59375
2025-09-23,467549.09375
2025-09-24,469534.40625
2025-09-25,468685.5625
2025-09-26,467344.59375
2025-09-29,468845.875
2025-09-30,469804.96875
2025-10-09,471150.0625
2025-10-10,470104.46875
2025-10-13,469471.1875
2025-10-14,467140.59375
2025-10-15,468856.59375
2025-10-16,467280.75
2025-10-17,463820.40625
2025-10-20,464780.875
2025-10-21,466460.28125
2025-10-22,466039.03125
2025-10-23,466210.09375
2025-10-24,467349.03125
2025-10-27,468455.375
2025-10-28,468194.625
2025-10-29,469488.40625
2025-10-30,467981.46875
2025-10-31,468518.46875
2025-11-03,469071.6875
2025-11-04,467566.65625
2025-11-05,468115.71875
2025-11-06,469147.625
2025-11-07,468976.375
2025-11-10,469540.34375
2025-11-11,469397.09375
2025-11-12,468467.5
2025-11-13,469895.625
2025-11-14,468763.78125
2025-11-17,468792.90625
2025-11-18,467428.09375
2025-11-19,466202.9375
2025-11-20,465388.40625
2025-11-21,461075.65625
2025-11-24,462770.4375
2025-11-25,464141.4375
2025-11-26,463799.625
2025-11-27,463854.34375
2025-11-28,465103.375
2025-12-01,466018.59375
2025-12-02,464843.125
2025-12-03,463887.8125
2025-12-04,463489.15625
2025-12-05,465207.9375
2025-12-08,466058.46875
2025-12-09,465155.375
2025-12-10,465678.65625
2025-12-11,464044.1875
2025-12-12,464849.71875
2025-12-15,464274.71875
2025-12-16,462210.0625
2025-12-17,463587.03125
2025-12-18,463483.28125
2025-12-19,464701.53125
2025-12-22,465609.90625
2025-12-23,465104.59375
2025-12-24,466770.34375
2025-12-25,467918.78125
2025-12-26,468200.84375
2025-12-29,467872.09375
2025-12-30,467875.84375
2025-12-31,467847.0625
2026-01-05,469803.4375
2026-01-06,471670.46875
2026-01-07,471846.5625
2026-01-08,473053.46875
2026-01-09,475074.21875
2026-01-12,478012.5625
2026-01-13,476069.9375
2026-01-14,476665.21875
2026-01-15,476364.65625
2026-01-16,476099.84375
2026-01-19,476924.28125
2026-01-20,475899.21875
2026-01-21,476557.34375
2026-01-22,477524.625
2026-01-23,479593.90625
2026-01-26,477832.46875
2026-01-27,477658.15625
2026-01-28,477509.0625
2026-01-29,476695.21875
2026-01-30,475481.1875
2026-02-02,471670.375
2026-02-03,474969.65625
2026-02-04,475296.4375
2026-02-05,473607.6875
2026-02-06,473379.4375
2026-02-09,475820.53125
2026-02-10,475966.25
2026-02-11,475901.625
2026-02-12,476529.84375
2026-02-13,475022.28125
2026-02-24,476250.9375
2026-02-25,477895.40625
2026-02-26,478458.84375
2026-02-27,479406.625
2026-03-02,477610.65625
2026-03-03,473082.21875
2026-03-04,472052.96875
2026-03-05,473300.1875
2026-03-06,474645.40625
2026-03-09,473591.3125
2026-03-10,475447.15625
2026-03-11,475727.625
2026-03-12,475228.53125
2026-03-13,473530.5625
2026-03-16,473451.90625
2026-03-17,470986.1875
2026-03-18,471803.15625
2026-03-19,468882.34375
2026-03-20,466503.625
2026-03-23,460407.46875
2026-03-24,463393.5625
2026-03-25,465613.34375
2026-03-26,463885.5
2026-03-27,465756.5
2026-03-30,466005.125
2026-03-31,464025.8125
2026-04-01,466227.0625
2026-04-02,464011.84375
2026-04-03,461898.21875
2026-04-07,463221.09375
2026-04-08,468296.5625
2026-04-09,467115.875
2026-04-10,468262.34375
2026-04-13,468390.6875
2026-04-14,470046.09375
2026-04-15,469614.90625
2026-04-16,471439.0625
2026-04-17,471922.1875
2026-04-20,472700.90625
2026-04-21,472383.03125
2026-04-22,473714.9375
2026-04-23,472290.0625
2026-04-24,471313.96875
2026-04-27,471566.78125
2026-04-28,469929.9375
2026-04-29,471646.53125
2026-04-30,471846.84375
2026-05-06,473895.9375
2026-05-07,475478.6875
2026-05-08,476136.96875
2026-05-11,477318.71875
2026-05-12,476167.0
2026-05-13,477445.21875
2026-05-14,474692.90625
2026-05-15,473705.59375
2026-05-18,473801.25
2026-05-19,475219.03125
2026-05-20,474511.53125
2026-05-21,471031.6875
2026-05-22,472758.90625
2026-05-25,473283.5
2026-05-26,471972.8125
2026-05-27,468975.75
2026-05-28,469188.125
2026-05-29,466401.34375
2026-06-01,466943.96875
2026-06-02,466027.03125
2026-06-03,465593.0
2026-06-04,464359.8125
2026-06-05,464173.03125
2026-06-08,460265.65625
2026-06-09,461863.0
2026-06-10,460385.125
2026-06-11,458820.5
2026-06-12,460554.46875
2026-06-15,463550.8125
2026-06-16,464353.3125
2026-06-17,464010.40625
2026-06-18,463883.8125
2026-06-22,464509.78125
2026-06-23,462696.59375
2026-06-24,462120.125
2026-06-25,460964.125
2026-06-26,457296.9375
2026-06-29,457346.46875
2026-06-30,458808.59375
2026-07-01,460980.5625
2026-07-02,459341.34375
2026-07-03,460175.5
2026-07-06,458656.90625
2026-07-07,455233.21875
2026-07-08,453120.1875
2026-07-09,453977.90625
2026-07-10,454591.21875
2026-07-13,450008.0
2026-07-14,451411.5
2026-07-15,451300.78125
2026-07-16,449734.03125
2026-07-17,444156.8125
2026-07-20,443060.8125
2026-07-21,445958.90625
2026-07-22,444500.625
2026-07-23,445772.59375
2026-07-24,442029.9375
2026-07-27,446050.875
2026-07-28,444445.96875
2026-07-29,446455.875
2026-07-30,444681.1875
2026-07-31,447522.53125
