,equity,returns,drawdown
2022-01-04,1000000.0,0.0,0.0
2022-01-05,1000000.0,0.0,0.0
2022-01-06,1000000.0,0.0,0.0
2022-01-07,1000000.0,0.0,0.0
2022-01-10,1000000.0,0.0,0.0
2022-01-11,1000000.0,0.0,0.0
2022-01-12,1000000.0,0.0,0.0
2022-01-13,1000000.0,0.0,0.0
2022-01-14,1000000.0,0.0,0.0
2022-01-17,1000000.0,0.0,0.0
2022-01-18,1000000.0,0.0,0.0
2022-01-19,1000000.0,0.0,0.0
2022-01-20,1000000.0,0.0,0.0
2022-01-21,1000000.0,0.0,0.0
2022-01-24,1000000.0,0.0,0.0
2022-01-25,1000000.0,0.0,0.0
2022-01-26,1000000.0,0.0,0.0
2022-01-27,1000000.0,0.0,0.0
2022-01-28,1000000.0,0.0,0.0
2022-02-07,1000000.0,0.0,0.0
2022-02-08,1000000.0,0.0,0.0
2022-02-09,1000000.0,0.0,0.0
2022-02-10,1000000.0,0.0,0.0
2022-02-11,1000000.0,0.0,0.0
2022-02-14,1000000.0,0.0,0.0
2022-02-15,1000000.0,0.0,0.0
2022-02-16,1000000.0,0.0,0.0
2022-02-17,1000000.0,0.0,0.0
2022-02-18,1000000.0,0.0,0.0
2022-02-21,1000000.0,0.0,0.0
2022-02-22,1000000.0,0.0,0.0
2022-02-23,1000000.0,0.0,0.0
2022-02-24,1000000.0,0.0,0.0
2022-02-25,1000000.0,0.0,0.0
2022-02-28,1000000.0,0.0,0.0
2022-03-01,1000000.0,0.0,0.0
2022-03-02,1000000.0,0.0,0.0
2022-03-03,1000000.0,0.0,0.0
2022-03-04,1000000.0,0.0,0.0
2022-03-07,1000000.0,0.0,0.0
2022-03-08,983837.2979230664,-0.0161627020769336,-0.0161627020769336
2022-03-09,979706.6407511908,-0.004198516543940323,-0.02029335924880915
2022-03-10,988855.2583465633,0.009338119407211298,-0.011144741653436707
2022-03-11,994353.5350906806,0.00556024422958612,-0.005646464909319415
2022-03-14,982833.1232704135,-0.011585830807366193,-0.0171668767295865
2022-03-15,963273.3660797466,-0.01990140210739033,-0.036726633920253327
2022-03-16,973896.5791141287,0.011028243288419448,-0.026103420885871254
2022-03-17,986911.8120742785,0.013364081196371558,-0.013088187925721528
2022-03-18,991470.3994273226,0.00461904224599663,-0.008529600572677487
2022-03-21,1000320.0454260604,0.008925779331233175,0.0
2022-03-22,997622.7366537736,-0.002696445787146118,-0.002696445787146118
2022-03-23,996211.8458534281,-0.0014142528518124031,-0.004106885182814213
2022-03-24,995455.956027376,-0.0007587641415812696,-0.004862533167185212
2022-03-25,990109.344422335,-0.0053710177458559105,-0.010207434161110363
2022-03-28,989046.8647410143,-0.0010730932773295176,-0.011269573909462705
2022-03-29,989435.310028753,0.0003927470998459359,-0.010881252902086302
2022-03-30,994793.9358007403,0.005415842468601051,-0.005524341585063874
2022-03-31,991467.2784713103,-0.0033440667556464687,-0.008849934573668894
2022-04-01,990966.2425143835,-0.00050534795026147,-0.009350810227633621
2022-04-06,993734.1718521664,0.0027931620866921136,-0.006583766469549168
2022-04-07,984928.3718713077,-0.008861323511141883,-0.01538674909608262
2022-04-08,980828.192574221,-0.004162921298831779,-0.019485616569382525
2022-04-11,968757.8481347188,-0.012306278032060858,-0.03155209918631441
2022-04-12,971715.6615173068,0.003053201982603948,-0.028595232135501525
2022-04-13,962168.1542024878,-0.009825412610836026,-0.03813968479190366
2022-04-14,967895.3835912929,0.005952420441053041,-0.03241428779022126
2022-04-15,963317.1962253321,-0.004730043601379519,-0.03699101039704544
2022-04-18,964953.9264406234,0.001699056366588847,-0.03535480384217815
2022-04-19,964667.6935616522,-0.00029662854477097156,-0.03564094514293481
2022-04-20,956785.6517918744,-0.008170732597747143,-0.04352046510838803
2022-04-21,937961.7857911275,-0.019674068027142222,-0.06233830854441502
2022-04-22,930950.0347070361,-0.007475518928713343,-0.06934781626762065
2022-04-25,902877.5165134179,-0.030154699121368367,-0.09741135285471503
2022-04-26,900316.0125798273,-0.002837044767137642,-0.09997203725297632
2022-04-27,905013.113207675,0.005217168818744344,-0.09527643942973463
2022-04-28,903842.4598962952,-0.0012935208278149757,-0.09644671819874717
2022-04-29,909493.5440447775,0.006252288865839173,-0.09079744207524876
2022-05-05,911505.597690565,0.0022122791953413934,-0.08878603217200065
2022-05-06,910339.4729911691,-0.0012793390433920582,-0.08995178377792723
2022-05-09,912243.5517741084,0.0020916139961315583,-0.08804831419172265
2022-05-10,910543.7449505498,-0.001863325665884874,-0.08974757717393611
2022-05-11,910660.2238505498,0.00012792235479719416,-0.08963113554054836
2022-05-12,910646.2466705497,-1.5348402877313205e-05,-0.08964510824864702
2022-05-13,910766.0339705498,0.00013154098030709882,-0.0895253592737586
2022-05-16,910858.6294505498,0.00010166769131303433,-0.08943279341903698
2022-05-17,910865.1596705498,7.169301347920154e-06,-0.08942626528833542
2022-05-18,910942.3706705498,8.476666296908242e-05,-0.08934907899145672
2022-05-19,911421.9470105498,0.0005264617778697467,-0.0888696560885639
2022-05-20,911656.3121705498,0.0002571423266344297,-0.08863536591206334
2022-05-23,911675.1437105498,2.0656402800689477e-05,-0.08861654039708322
2022-05-24,911343.2613905498,-0.00036403572291021646,-0.08894831653364821
2022-05-25,911344.2558305498,1.0911805046198708e-06,-0.08894732241181247
2022-05-26,911536.2264905497,0.00021064560265982024,-0.08875541317148705
2022-05-27,911313.6365705498,-0.0002441920721647506,-0.0889779318753936
2022-05-30,911435.8383305498,0.00013409407595377232,-0.08885576921299498
2022-05-31,911645.0966105498,0.0002295918935812935,-0.08864657788372299
2022-06-01,911551.3602305498,-0.00010282113110515745,-0.08874028427342162
2022-06-02,911854.9009505498,0.00033299354621463273,-0.08843684066915924
2022-06-06,912520.1651105498,0.0007295723906364238,-0.08777178935579022
2022-06-07,912279.9876305498,-0.0002632023808162298,-0.0880118899926795
2022-06-08,912375.4387505498,0.00010462919421039274,-0.08791646941160003
2022-06-09,912169.3713305498,-0.00022585814046260921,-0.08812247090176539
2022-06-10,913196.7206105498,0.0011262703093191107,-0.08709545031500665
2022-06-13,913353.8759705498,0.00017209365348458405,-0.08693834523576871
2022-06-14,913421.0851505498,7.358503836041308e-05,-0.08687115755887742
2022-06-15,912946.8033305497,-0.0005192367766744255,-0.08734528763571492
2022-06-16,913045.4675105498,0.00010807221148056989,-0.08724665502263151
2022-06-17,913458.1662905498,0.00045200244093557274,-0.08683408828272965
2022-06-20,913770.7604105498,0.0003422095631040456,-0.08652159417503946
2022-06-21,913249.4493905498,-0.0005705052542562816,-0.08704273840521226
2022-06-22,913249.0623305498,-4.23827247075792e-07,-0.08704312534137515
2022-06-23,914124.3098705498,0.0009583886544228815,-0.08616815783072485
2022-06-24,914469.1516505498,0.0003772372928676493,-0.08582342638044871
2022-06-27,914546.6115305498,8.470474904509473e-05,-0.08574599128319738
2022-06-28,914498.7574505497,-5.232546859479381e-05,-0.0857938300526182
2022-06-29,914157.7947905498,-0.0003728410314635111,-0.08613468362399168
2022-06-30,914317.8645905498,0.00017510084244998225,-0.08597466503720841
2022-07-01,914816.4552305498,0.0005453143368507885,-0.08547623391780834
2022-07-04,915077.7965105498,0.000285676190568962,-0.08521497625212926
2022-07-05,915029.4906905498,-5.278875761627333e-05,-0.08526326661701888
2022-07-06,914778.3070052031,-0.00027450884141144716,-0.0855143699378963
2022-07-07,914778.9550052031,7.083683501996063e-07,-0.08551372214521935
2022-07-08,914723.1910052032,-6.0958988720605234e-05,-0.08556946830391621
2022-07-11,914676.6790052032,-5.08481696510632e-05,-0.08561596542272598
2022-07-12,914652.1855052032,-2.6778314744624332e-05,-0.08564045108620133
2022-07-13,914717.7145052032,7.16436269856402e-05,-0.08557494305174818
2022-07-14,914789.6335052032,7.862425627003233e-05,-0.08550304706173095
2022-07-15,914681.6830052031,-0.00011800581909349184,-0.08561096302372095
2022-07-18,914703.3325052032,2.366888984695059e-05,-0.08558932045032752
2022-07-19,914815.9225052032,0.00012308908910574345,-0.0854767664727133
2022-07-20,914937.0040052031,0.00013235613528506107,-0.08535572371189526
2022-07-21,914793.3730052032,-0.00015698457857882264,-0.08549930875815781
2022-07-22,914834.5030052031,4.496097284212297e-05,-0.08545819191741477
2022-07-25,914757.6700052031,-8.398568238032755e-05,-0.08553500033523198
2022-07-26,914775.3550052032,1.933298903078473e-05,-0.08551732099342435
2022-07-27,914809.2940052032,3.710091205921806e-05,-0.08548339285197082
2022-07-28,914715.7030052032,-0.00010230656882626032,-0.08557695390818276
2022-07-29,914683.1500052032,-3.558810665760248e-05,-0.08560949649307725
2022-08-01,914658.6880052031,-2.6743687144503703e-05,-0.08563395066663093
2022-08-02,914493.7405052031,-0.0001803377611376833,-0.08579884539282812
2022-08-03,914451.9355052032,-4.571381754547854e-05,-0.08584063701760969
2022-08-04,914440.8250052031,-1.2149900469049513e-05,-0.08585174396288264
2022-08-05,914486.5360052031,4.998792568100541e-05,-0.08580604758779853
2022-08-08,914548.2265052032,6.745916705286348e-05,-0.08574437682524394
2022-08-09,914539.9735052031,-9.024127717749408e-06,-0.08575262718475418
2022-08-10,914544.8380052032,5.319067663434041e-06,-0.08574776424111696
2022-08-11,914662.2790052032,0.0001284146988966839,-0.08563036081554631
2022-08-12,914674.3480052032,1.319503414221046e-05,-0.0856182956769388
2022-08-15,914688.8470052031,1.585154326400051e-05,-0.08560380131579282
2022-08-16,914679.9550052031,-9.721338604995466e-06,-0.0856126904708594
2022-08-17,914698.2745052031,2.002831689895679e-05,-0.08559437683205573
2022-08-18,914671.9495052032,-2.8779982135795912e-05,-0.08562069340955547
2022-08-19,914582.6920052031,-9.758416670413439e-05,-0.08570992235224051
2022-08-22,914698.4725052031,0.00012659380175472634,-0.08559417889540444
2022-08-23,914630.4505052031,-7.436548987960201e-05,-0.08566217913223972
2022-08-24,914578.2550052032,-5.7067310596403686e-05,-0.08571435793265325
2022-08-25,914580.3655052031,2.3076210138306408e-06,-0.08571224810789302
2022-08-26,914612.5000052032,3.5135785997564284e-05,-0.08568012388910229
2022-08-29,914776.7905052032,0.00017962853120745415,-0.08551588595270254
2022-08-30,914507.2855052032,-0.00029461285288090444,-0.0857853047264564
2022-08-31,914452.8035755277,-5.957517292531911e-05,-0.08583976922501813
2022-09-01,914452.8035755277,0.0,-0.08583976922501813
2022-09-02,914452.8035755277,0.0,-0.08583976922501813
2022-09-05,914452.8035755277,0.0,-0.08583976922501813
2022-09-06,914452.8035755277,0.0,-0.08583976922501813
2022-09-07,914452.8035755277,0.0,-0.08583976922501813
2022-09-08,914452.8035755277,0.0,-0.08583976922501813
2022-09-09,914452.8035755277,0.0,-0.08583976922501813
2022-09-13,914452.8035755277,0.0,-0.08583976922501813
2022-09-14,914452.8035755277,0.0,-0.08583976922501813
2022-09-15,914452.8035755277,0.0,-0.08583976922501813
2022-09-16,914452.8035755277,0.0,-0.08583976922501813
2022-09-19,914452.8035755277,0.0,-0.08583976922501813
2022-09-20,914452.8035755277,0.0,-0.08583976922501813
2022-09-21,914452.8035755277,0.0,-0.08583976922501813
2022-09-22,914452.8035755277,0.0,-0.08583976922501813
2022-09-23,914452.8035755277,0.0,-0.08583976922501813
2022-09-26,914452.8035755277,0.0,-0.08583976922501813
2022-09-27,914452.8035755277,0.0,-0.08583976922501813
2022-09-28,914452.8035755277,0.0,-0.08583976922501813
2022-09-29,914452.8035755277,0.0,-0.08583976922501813
2022-09-30,914452.8035755277,0.0,-0.08583976922501813
2022-10-10,914452.8035755277,0.0,-0.08583976922501813
2022-10-11,914452.8035755277,0.0,-0.08583976922501813
2022-10-12,914452.8035755277,0.0,-0.08583976922501813
2022-10-13,914452.8035755277,0.0,-0.08583976922501813
2022-10-14,914452.8035755277,0.0,-0.08583976922501813
2022-10-17,914452.8035755277,0.0,-0.08583976922501813
2022-10-18,914452.8035755277,0.0,-0.08583976922501813
2022-10-19,914452.8035755277,0.0,-0.08583976922501813
2022-10-20,914452.8035755277,0.0,-0.08583976922501813
2022-10-21,914452.8035755277,0.0,-0.08583976922501813
2022-10-24,914452.8035755277,0.0,-0.08583976922501813
2022-10-25,914452.8035755277,0.0,-0.08583976922501813
2022-10-26,914452.8035755277,0.0,-0.08583976922501813
2022-10-27,914452.8035755277,0.0,-0.08583976922501813
2022-10-28,914452.8035755277,0.0,-0.08583976922501813
2022-10-31,914452.8035755277,0.0,-0.08583976922501813
2022-11-01,914452.8035755277,0.0,-0.08583976922501813
2022-11-02,914452.8035755277,0.0,-0.08583976922501813
2022-11-03,918736.4524777748,0.004684384897173377,-0.08155749084637931
2022-11-04,931267.1402211746,0.013639044918273724,-0.06903081220918106
2022-11-07,932872.1337869347,0.001723451302468204,-0.06742633214992522
2022-11-08,929153.8754774947,-0.003985817750119636,-0.07114340082853621
2022-11-09,927901.2213072847,-0.001348166545144358,-0.07239565422077576
2022-11-10,922773.2881769746,-0.005526378252941111,-0.07752194670462365
2022-11-11,926975.1769228246,0.0045535439741122286,-0.07332140232378981
2022-11-14,920544.0906556046,-0.0069377114159286934,-0.07975043100978485
2022-11-15,932041.5950053246,0.01248990077328238,-0.06825660520644117
2022-11-16,929611.3003937446,-0.0026074958720765373,-0.07068612226219984
2022-11-17,928939.6019204946,-0.000722558420885755,-0.07135760583020534
2022-11-18,926999.9789540046,-0.0020879968541334115,-0.07329660822784678
2022-11-21,931637.3891259646,0.005002600083327646,-0.06866068176294737
2022-11-22,924949.4004423848,-0.0071787465398467365,-0.07534653067116481
2022-11-23,924437.6343419247,-0.0005532909153899146,-0.07585813303562827
2022-11-24,926741.8700232548,0.0024925809981442004,-0.07355463457844325
2022-11-25,919403.7578685146,-0.007918183468451745,-0.080890398955348
2022-11-28,918996.6723079545,-0.0004427712602609324,-0.08129735427172047
2022-11-29,926465.4248443047,0.008127072449123585,-0.07383099131068527
2022-11-30,927036.2322727746,0.000616113039043853,-0.07326036650807344
2022-12-01,935714.8211049947,0.009361650095318641,-0.06458455432985832
2022-12-02,936787.1648979047,0.0011460156115126185,-0.06351255362587038
2022-12-05,937010.0863775546,0.00023796384921026537,-0.06328970346839413
2022-12-06,939160.2506969246,0.0022947077631603197,-0.06114022707911082
2022-12-07,939527.2206909147,0.00039074268072747387,-0.06077337449461251
2022-12-08,937803.5333477745,-0.0018346326803310165,-0.06249651035600179
2022-12-09,939543.3771732147,0.0018552327471290653,-0.06075722318146637
2022-12-12,935177.4850772447,-0.004646823342106421,-0.06512171844069159
2022-12-13,932965.9690812745,-0.002364808853142497,-0.06733252687753377
2022-12-14,936212.7049662445,0.0034800153409317858,-0.06408682976307956
2022-12-15,937269.4593495146,0.0011287545850044989,-0.06303041348100857
2022-12-16,930679.9486065747,-0.007030540339501901,-0.06961781595591676
2022-12-19,924213.4850246545,-0.006948106695112366,-0.07608221063788667
2022-12-20,919945.9452724146,-0.004617482671902429,-0.08034838502052866
2022-12-21,917154.8437230147,-0.003033984294124381,-0.08313859357644249
2022-12-22,912972.9520855146,-0.0045596353397912015,-0.08731914724686207
2022-12-23,910133.2348893748,-0.003110406709917246,-0.09015795589527842
2022-12-26,917941.0939525748,0.008578808864340592,-0.08235259490216307
2022-12-27,924139.5284722347,0.006752540615618363,-0.07615614352842304
2022-12-28,918100.0248640347,-0.006535272458461305,-0.08219371483954041
2022-12-29,914639.1401314035,-0.0037696162061904293,-0.08565349228622465
2022-12-30,914461.1891559116,-0.0001945586709380942,-0.08583138632754228
2023-01-03,923418.7495276469,0.00979545165826412,-0.0768766918648115
2023-01-04,922263.5917062117,-0.0012509577285777507,-0.07803148010155359
2023-01-05,925929.1628673953,0.0039745374252520005,-0.07436708171431294
2023-01-06,929939.4857655033,0.004331133588760583,-0.07035804189106343
2023-01-09,932156.796455751,0.0023843601913757784,-0.0681414406139157
2023-01-10,930927.3250467193,-0.0013189534354161037,-0.06937051866213995
2023-01-11,927387.8548463439,-0.003802090781036882,-0.07290885643369571
2023-01-12,927321.9609654555,-7.105320664269055e-05,-0.07297472923229609
2023-01-13,927321.0749887999,-9.554142929024678e-07,-0.07297561492548976
2023-01-16,931987.3320322118,0.005031975622325158,-0.06831085081849386
2023-01-17,931304.4550463441,-0.000732710587791674,-0.06899350932262982
2023-01-18,931004.4850285035,-0.00032209662072935075,-0.06929338336715407
2023-01-19,932752.3258152995,0.0018773709631940694,-0.06754610178983489
2023-01-20,937295.602282339,0.004870828344564426,-0.06300427891243332
2023-01-30,941088.5831422788,0.0040467285354841565,-0.059212511590281625
2023-01-31,942606.1393999031,0.0016125541046914105,-0.057695440864204195
2023-02-01,949294.414853086,0.007095514418610671,-0.05100930527813363
2023-02-02,950170.629942954,0.0009230172180079155,-0.050133370527176147
2023-02-03,946763.204523142,-0.003586119495207596,-0.0535397057649758
2023-02-06,942986.9914577667,-0.003988550724546958,-0.05731471065730187
2023-02-07,946470.0597682223,0.003693654676053537,-0.053832756730274434
2023-02-08,944701.0051172106,-0.0018691078843475761,-0.05560124538458133
2023-02-09,950255.9110271505,0.005880067746144357,-0.05004811672806819
2023-02-10,947442.0488166867,-0.0029611625434902145,-0.052861078662930994
2023-02-13,951574.0379711105,0.0043612051624524195,-0.048730411509636196
2023-02-14,953465.5533526347,0.001987775313371465,-0.046839501305274034
2023-02-15,951462.3105212832,-0.002101012274966396,-0.04884210321304472
2023-02-16,941974.7163288478,-0.009971592240198501,-0.05832666191584912
2023-02-17,940328.5408257481,-0.0017475792869635631,-0.05997231073657083
2023-02-20,942539.4614984558,0.002351221489848898,-0.0577620974325217
2023-02-21,944393.2548121676,0.0019668071093432715,-0.05590889722705927
2023-02-22,944261.3737751557,-0.00013964631401153227,-0.05604073606965254
2023-02-23,944338.7310105681,8.192354104563648e-05,-0.05596340358414842
2023-02-24,942357.766230384,-0.0020977269226946094,-0.057943734568458916
2023-02-27,940947.1475887845,-0.0014969035032653677,-0.059353901892456484
2023-02-28,944391.3433826803,0.0036603498960825487,-0.05591080804499793
2023-03-01,945415.0250873723,0.0010839592207878557,-0.05488745386013216
2023-03-02,939905.1904465322,-0.005827953326985491,-0.06039552566778372
2023-03-03,936454.9852730469,-0.0036708012771439202,-0.06384462697217264
2023-03-06,935048.5337014042,-0.0015018891391053169,-0.0652506285594382
2023-03-07,926592.4323227031,-0.009043489267051785,-0.07370402446744428
2023-03-08,933996.7722654607,0.00799093504810644,-0.06630205349164131
2023-03-09,936223.9455881197,0.0023845621192639666,-0.06407559273756303
2023-03-10,932339.3299812071,-0.004149237610529433,-0.06795896548878877
2023-03-13,942130.7042919605,0.010501942796889985,-0.058170723859998
2023-03-14,935378.6414809978,-0.00716680050889229,-0.06492062639552776
2023-03-15,936119.8598603321,0.0007924260256366722,-0.06417964516384744
2023-03-16,931948.5734895668,-0.004455931926695467,-0.06834959696061338
2023-03-17,944452.7203983492,0.013417206983816987,-0.055849450666477396
2023-03-20,940399.759116149,-0.004291333165402644,-0.05990111523196551
2023-03-21,948774.7012360515,0.008905725505261586,-0.05152885261641893
2023-03-22,955075.7514880225,0.0066412502818236074,-0.04522981834155615
2023-03-23,956552.5993455881,0.0015463148920540348,-0.04375344299116857
2023-03-24,959363.2238459024,0.0029382853616592985,-0.04094371773057248
2023-03-27,958863.5725384869,-0.0005208155732845388,-0.04144320917803479
2023-03-28,953660.1387852983,-0.005426667465751156,-0.04664497812886326
2023-03-29,952512.0495164953,-0.001203876750333066,-0.0477927000745072
2023-03-30,947379.9734810048,-0.005387938176840468,-0.05292313413804195
2023-03-31,954817.0048955311,0.007850104100469935,-0.045488482149878884
2023-04-03,967056.3925959219,0.012818569042692962,-0.03325301035627126
2023-04-04,969879.5027495355,0.002919281828059006,-0.030430803437073606
2023-04-06,966813.532884825,-0.0031611863700786724,-0.033495792366096344
2023-04-07,974910.7582396897,0.008375167578285492,-0.025401157662044316
2023-04-10,965187.6722805649,-0.009973308712564632,-0.03512113278758877
2023-04-11,971401.6800009252,0.006438134156518727,-0.028909113195685454
2023-04-12,981287.3354380641,0.01017669172358171,-0.0190266206050983
2023-04-13,973612.3893588802,-0.007821303508169342,-0.026699111138780318
2023-04-14,974495.0153116996,0.0009065475773173404,-0.025816767575982502
2023-04-17,969844.1160381156,-0.004772625001161601,-0.030466178826761836
2023-04-18,970603.3993712622,0.000782892137602742,-0.029707138421025236
2023-04-19,971503.3564087999,0.0009272139765024168,-0.02880746931846878
2023-04-20,979035.4533484061,0.007753032338919441,-0.021277782220777808
2023-04-21,958291.3328674263,-0.02118832408983018,-0.042015265765001364
2023-04-24,962775.467804998,0.004679302403950647,-0.037532565495147385
2023-04-25,956780.0253213444,-0.006227248911236272,-0.04352608977876804
2023-04-26,951304.8237573863,-0.005722529127966669,-0.048999539590149244
2023-04-27,949747.0796241367,-0.0016374815877595594,-0.050556785334021304
2023-04-28,964801.155417728,0.015850615512867927,-0.03550752598704954
2023-05-04,960868.6216721442,-0.004076004390646926,-0.039438801545872204
2023-05-05,960523.2632018041,-0.00035942319537818346,-0.03978404952117687
2023-05-08,962060.865043283,0.0016007960456401182,-0.038246939624689724
2023-05-09,956718.57064448,-0.005552969248533657,-0.043587524793637034
2023-05-10,958209.2101872182,0.0015580752673527432,-0.042097362170630426
2023-05-11,959014.7989647647,0.0008407232668836695,-0.041292031135598095
2023-05-12,952234.9020783613,-0.007069647823706338,-0.0480697588412502
2023-05-15,952932.3488506939,0.0007324314313730262,-0.04737253521215101
2023-05-16,945599.6108232164,-0.007694919829640989,-0.05470292718120762
2023-05-17,948656.3861860906,0.0032326317903337287,-0.05164712981230424
2023-05-18,953650.7373741888,0.005264657742069412,-0.04665437653205684
2023-05-19,954482.2330306468,0.000871907946873085,-0.04582314690683842
2023-05-22,953352.7109852768,-0.0011833871876101298,-0.04695230756950297
2023-05-23,951170.147263861,-0.0022893559710551736,-0.04913417299486911
2023-05-24,951173.6174724791,3.648357371321964e-06,-0.04913070389652008
2023-05-25,948164.4108408446,-0.0031636775624945823,-0.052138947753467724
2023-05-26,954055.3620887207,0.0062130060783993635,-0.04624988127438212
2023-05-29,956494.1168794765,0.002556198400705645,-0.04381190674622282
2023-05-30,959758.5174940595,0.00341288101722248,-0.04054855055386275
2023-05-31,962668.7209370591,0.0030322246585507973,-0.03763927821016988
2023-06-01,966813.5927029906,0.004305605527410217,-0.03349573256706917
2023-06-02,968954.831886065,0.002214738393455873,-0.03135517845854652
2023-06-05,969290.6148558294,0.00034654140597134564,-0.031019502920202724
2023-06-06,956045.4177280741,-0.013664835834323319,-0.04426046233945924
2023-06-07,961411.2027750674,0.00561247922692254,-0.038896394037990945
2023-06-08,957229.0815180975,-0.004349981823488669,-0.04307717725441507
2023-06-09,961246.315982384,0.004196732570969752,-0.03906122807629431
2023-06-12,965222.8980493755,0.004136902270389875,-0.035085918289017415
2023-06-13,968382.1917964448,0.0032731234966079104,-0.031927635335961435
2023-06-14,968585.3117843617,0.00020975188271488143,-0.03172458033486891
2023-06-15,971448.455472989,0.0029560056856041683,-0.028862352689107973
2023-06-16,975395.9414251195,0.004063505304775505,-0.024916129707592827
2023-06-19,979768.0436453687,0.004482387135896104,-0.020545426310974446
2023-06-20,979286.2053429878,-0.0004917881385354539,-0.021027110452549014
2023-06-21,967217.1645434555,-0.01232432432284214,-0.03309228984660173
2023-06-26,952624.1198794306,-0.015087660971063288,-0.04768066556770334
2023-06-27,956765.860289041,0.004347717345362323,-0.04354025027906816
2023-06-28,950779.0273448876,-0.00625736472489169,-0.049525167777750734
2023-06-29,954704.6309874242,0.004128828602266266,-0.045600820104737094
2023-06-30,963222.0999743793,0.008921575019643191,-0.037086076222615616
2023-07-03,963511.535634808,0.0003004869390315079,-0.03679673316510901
2023-07-04,967112.1755504922,0.0037369972050329547,-0.03319724524906842
2023-07-05,963487.0240179063,-0.0037484292145556486,-0.03682123693968975
2023-07-06,962703.9791001331,-0.0008127197338971826,-0.037604031327699516
2023-07-07,958312.8159817747,-0.004561280740174034,-0.04199378952402566
2023-07-10,958204.9084454422,-0.0001126015790803292,-0.04210166253609404
2023-07-11,963839.4755482055,0.005880336296653521,-0.036468898173800945
2023-07-12,956634.7885820696,-0.007474986394428562,-0.043671280050560535
2023-07-13,962381.6270521807,0.0060073484036986535,-0.03792628024136102
2023-07-14,964522.6555995399,0.002224718850792229,-0.035785936701162036
2023-07-17,961147.3115125075,-0.003499496945392422,-0.039160200870380746
2023-07-18,958735.6194256856,-0.00250918049495108,-0.04157112135312957
2023-07-19,958078.419090556,-0.0006854865114152009,-0.04222811142159277
2023-07-20,951250.2460985468,-0.007126945828182629,-0.049054099787247285
2023-07-21,952389.1990494004,0.0011973221090084696,-0.047915511236451436
2023-07-24,951051.5958542622,-0.0014044711935763399,-0.04925268647477077
2023-07-25,954769.191337903,0.003908931439520424,-0.04553628040989244
2023-07-26,950682.1635011911,-0.004280644865577221,-0.04962200063053557
2023-07-27,946715.3816018216,-0.004172563714417987,-0.05358751338568579
2023-07-28,946739.8051557974,2.5798201286786338e-05,-0.05356309764585587
2023-07-31,948418.6865012215,0.0017733292043717874,-0.05188475344681598
2023-08-01,946565.3193807111,-0.001954165546176223,-0.05373752759543471
2023-08-02,944133.0347965808,-0.002569589794100602,-0.05616903398706585
2023-08-03,943233.7824337278,-0.0009524636144595533,-0.05706799864039336
2023-08-04,945281.4018686328,0.0021708504010762297,-0.055021034327054186
2023-08-07,943884.3313459826,-0.0014779414044203687,-0.05641765786672859
2023-08-08,941623.192293996,-0.0023955679492657644,-0.05867807348303622
2023-08-09,938664.0097289128,-0.003142639847128148,-0.061636309278283785
2023-08-10,937040.2822434924,-0.0017298282117893526,-0.06325951726341306
2023-08-11,930185.1264600712,-0.007315753562918803,-0.07011247978752355
2023-08-14,934241.4189347276,0.004360736760103956,-0.06605748509537102
2023-08-15,930857.2664804478,-0.0036223532651105117,-0.0694405548136614
2023-08-16,926074.4868382536,-0.0051380376072884815,-0.07422180423884628
2023-08-17,928962.7334734803,0.0031188059667723866,-0.07133448167799872
2023-08-18,921299.0798481479,-0.008249688980178194,-0.07899568337077123
2023-08-21,918286.9237612443,-0.0032694660754465366,-0.0820068757393303
2023-08-22,920700.3589950062,0.0026281929659595082,-0.07959421266734923
2023-08-23,914763.5678452378,-0.006448125160121276,-0.0855291043821701
2023-08-24,914456.17403965,-0.00033603634468282184,-0.0858363998392524
2023-08-25,905360.0197593787,-0.009947064209855583,-0.09492964386836411
2023-08-28,921711.55879213,0.018060814124636337,-0.07858333639655224
2023-08-29,924088.33879213,0.0025786592099537042,-0.07620731683074644
2023-08-30,924706.95879213,0.0006694381630316659,-0.07558889475390351
2023-08-31,925638.69879213,0.001007605697287195,-0.07465745285762204
2023-09-01,925350.89879213,-0.0003109204491725803,-0.07494516077801805
2023-09-04,925952.89879213,0.0006505640193203988,-0.07434335338372189
2023-09-05,925184.03879213,-0.000830344611484124,-0.07511196739232417
2023-09-06,924969.51879213,-0.00023186738098068815,-0.07532641875814539
2023-09-07,923668.99879213,-0.0014060138994616,-0.07662652266583625
2023-09-08,924163.59879213,0.000535473205928394,-0.07613208090965884
2023-09-11,924927.39879213,0.0008264770447552472,-0.07536852528214488
2023-09-12,925027.23879213,0.000107943607390526,-0.07526871722525708
2023-09-13,924728.29879213,-0.0003231688619141915,-0.07556756158148781
2023-09-14,924022.39879213,-0.0007633593574696285,-0.07627323573370304
2023-09-15,924121.93879213,0.00010772466136099723,-0.0761737275808323
2023-09-18,924171.29879213,5.341286461013617e-05,-0.07612438337322025
2023-09-19,924114.95879213,-6.09627241979771e-05,-0.07618070534762988
2023-09-20,923883.69879213,-0.00025025025057734407,-0.07641189135760484
2023-09-21,923796.23879213,-9.466559493831461e-05,-0.07649932337538745
2023-09-22,924643.81879213,0.0009174966993892308,-0.07565201455270065
2023-09-25,924714.49879213,7.644024495001567e-05,-0.0755813571662739
2023-09-26,925000.33879213,0.0003091116235047764,-0.07529560861878959
2023-09-27,926630.25879213,0.0017620750302949073,-0.07366621010033259
2023-09-28,927349.55879213,0.0007762535198641007,-0.07294714023535398
2023-10-09,927192.95879213,-0.00016886836092744328,-0.07310369013227547
2023-10-10,926854.17879213,-0.00036538241235284374,-0.07344236174197583
2023-10-11,928252.29879213,0.0015084573517507582,-0.0720446890607247
2023-10-12,928307.19879213,5.914340322288325e-05,-0.07198980662559695
2023-10-13,928826.83879213,0.0005597715935803382,-0.07147033288079296
2023-10-16,927698.73879213,-0.0012145428543677284,-0.072598071953061
2023-10-17,926834.65879213,-0.0009314230621085828,-0.07346187549668792
2023-10-18,926854.07879213,2.095303603066867e-05,-0.07344246170998159
2023-10-19,925674.43879213,-0.0012727354035462213,-0.0746217242923859
2023-10-20,925683.85879213,1.017636396261068e-05,-0.07461230730624924
2023-10-23,925828.67879213,0.0001564465002004134,-0.07446753364039882
2023-10-24,926903.59879213,0.0011610355399687133,-0.07339295755356035
2023-10-25,927174.09879213,0.0002918318586231372,-0.07312254409814989
2023-10-26,927014.33879213,-0.0001723085235104671,-0.07328225298405144
2023-10-27,928488.57879213,0.0015903098132450388,-0.07180848465686374
2023-10-30,929860.29879213,0.0014773687381102185,-0.07043720352911653
2023-10-31,929689.0794951436,-0.0001841344309556625,-0.07060836804568227
2023-11-01,929991.0794951436,0.00032483978424702187,-0.07030646466847723
2023-11-02,929390.0794951436,-0.000646242757861959,-0.07090727238271632
2023-11-03,929348.0794951436,-4.519092782095946e-05,-0.07094925894510906
2023-11-06,929803.0794951436,0.000489590509776594,-0.07049440451918765
2023-11-07,929765.0794951436,-4.0868868729337926e-05,-0.07053239236135245
2023-11-08,929715.0794951436,-5.3777025081580554e-05,-0.07058237636420095
2023-11-09,929535.0794951436,-0.00019360770193999066,-0.0707623187744556
2023-11-10,929294.0794951436,-0.0002592693974829974,-0.0710032416681855
2023-11-13,929375.0794951436,8.71629355951864e-05,-0.0709222675835709
2023-11-14,929375.0794951436,0.0,-0.0709222675835709
2023-11-15,929348.0794951436,-2.905177962664318e-05,-0.07094925894510906
2023-11-16,929144.0794951436,-0.0002195087120756556,-0.07115319367673101
2023-11-17,929211.0794951436,7.210937622970093e-05,-0.07108621511291402
2023-11-20,929284.0794951436,7.856126730598767e-05,-0.07101323846875518
2023-11-21,929220.0794951436,-6.887022107893159e-05,-0.0710772179924013
2023-11-22,929092.0794951436,-0.0001377499290260431,-0.07120517703969342
2023-11-23,929332.0794951436,0.0002583167000309583,-0.07096525382602059
2023-11-24,929223.0794951436,-0.00011728853700954112,-0.07107421895223032
2023-11-27,929291.0794951436,7.317941353424118e-05,-0.07100624070835637
2023-11-28,929439.0794951436,0.00015926118658149413,-0.07085828805992478
2023-11-29,929290.0794951436,-0.0001603117442413593,-0.07100724038841333
2023-11-30,929379.0794951436,9.577203282784552e-05,-0.07091826886334296
2023-12-01,929401.0794951436,2.3671718554219012e-05,-0.07089627590208969
2023-12-04,929241.0794951436,-0.0001721538779435594,-0.07105622471120487
2023-12-05,929227.0794951436,-1.5066058000390292e-05,-0.07107022023200249
2023-12-06,929260.0794951436,3.551338604768084e-05,-0.07103723079012247
2023-12-07,929150.0794951436,-0.00011837374963930003,-0.07114719559638916
2023-12-08,929203.0794951436,5.704137702799983e-05,-0.07109421255336978
2023-12-11,929296.0794951436,0.00010008576386821844,-0.07100124230807148
2023-12-12,929199.0794951436,-0.00010438008094548756,-0.07109821127359761
2023-12-13,929130.0794951436,-7.425749930523029e-05,-0.07116718919752862
2023-12-14,929310.0794951436,0.00019372960145447315,-0.07098724678727397
2023-12-15,929031.0794951436,-0.0003002227202265617,-0.07126615752316867
2023-12-18,928714.0794951436,-0.00034121571064371636,-0.07158305610122817
2023-12-19,928468.0794951436,-0.00026488238461264135,-0.07182897739524285
2023-12-20,928226.0794951436,-0.00026064439407713635,-0.07207089996902971
2023-12-21,927927.0794951436,-0.0003221198009892845,-0.07236980430606377
2023-12-22,927707.0794951436,-0.00023708759541718472,-0.07258973391859724
2023-12-25,927670.0794951436,-3.988327869630659e-05,-0.0726267220807052
2023-12-26,927631.4832801436,-4.1605540432088084e-05,-0.07266530594711518
2023-12-27,927631.4832801436,0.0,-0.07266530594711518
2023-12-28,927631.4832801436,0.0,-0.07266530594711518
2023-12-29,927631.4832801436,0.0,-0.07266530594711518
2024-01-02,927631.4832801436,0.0,-0.07266530594711518
2024-01-03,927631.4832801436,0.0,-0.07266530594711518
2024-01-04,927631.4832801436,0.0,-0.07266530594711518
2024-01-05,927631.4832801436,0.0,-0.07266530594711518
2024-01-08,927631.4832801436,0.0,-0.07266530594711518
2024-01-09,927631.4832801436,0.0,-0.07266530594711518
2024-01-10,927631.4832801436,0.0,-0.07266530594711518
2024-01-11,927631.4832801436,0.0,-0.07266530594711518
2024-01-12,927631.4832801436,0.0,-0.07266530594711518
2024-01-15,927631.4832801436,0.0,-0.07266530594711518
2024-01-16,927631.4832801436,0.0,-0.07266530594711518
2024-01-17,927631.4832801436,0.0,-0.07266530594711518
2024-01-18,927631.4832801436,0.0,-0.07266530594711518
2024-01-19,927631.4832801436,0.0,-0.07266530594711518
2024-01-22,927631.4832801436,0.0,-0.07266530594711518
2024-01-23,927631.4832801436,0.0,-0.07266530594711518
2024-01-24,927631.4832801436,0.0,-0.07266530594711518
2024-01-25,927631.4832801436,0.0,-0.07266530594711518
2024-01-26,927631.4832801436,0.0,-0.07266530594711518
2024-01-29,927631.4832801436,0.0,-0.07266530594711518
2024-01-30,927631.4832801436,0.0,-0.07266530594711518
2024-01-31,927631.4832801436,0.0,-0.07266530594711518
2024-02-01,927631.4832801436,0.0,-0.07266530594711518
2024-02-02,927631.4832801436,0.0,-0.07266530594711518
2024-02-05,927631.4832801436,0.0,-0.07266530594711518
2024-02-06,927631.4832801436,0.0,-0.07266530594711518
2024-02-07,927631.4832801436,0.0,-0.07266530594711518
2024-02-08,927631.4832801436,0.0,-0.07266530594711518
2024-02-19,927631.4832801436,0.0,-0.07266530594711518
2024-02-20,927631.4832801436,0.0,-0.07266530594711518
2024-02-21,927631.4832801436,0.0,-0.07266530594711518
2024-02-22,927631.4832801436,0.0,-0.07266530594711518
2024-02-23,927631.4832801436,0.0,-0.07266530594711518
2024-02-26,927631.4832801436,0.0,-0.07266530594711518
2024-02-27,927631.4832801436,0.0,-0.07266530594711518
2024-02-28,927631.4832801436,0.0,-0.07266530594711518
2024-02-29,947331.3972698594,0.021236788902481152,-0.05297169480756714
2024-03-01,949759.6044018881,0.002563207700100101,-0.050544264563485264
2024-03-04,949391.5405392935,-0.00038753370946564836,-0.050912210666612445
2024-03-05,945502.1675430059,-0.004096700707990619,-0.05480033928511974
2024-03-06,949107.2549157226,0.003812881129701573,-0.0511964053349796
2024-03-07,948135.4658160917,-0.0010238980838020995,-0.05216788351746171
2024-03-08,953036.7417141951,0.005169383568923491,-0.047268175748418795
2024-03-11,957560.2604447934,0.004746426378548607,-0.042746104286108366
2024-03-12,959238.8468785933,0.0017529825569622126,-0.041068054904337736
2024-03-13,961092.907315969,0.0019328454465838973,-0.03921458766067576
2024-03-14,958989.6295476232,-0.0021884229426055724,-0.04131719249995991
2024-03-15,968757.6180211136,0.01018570813753028,-0.03155232922629647
2024-03-18,976040.8921794668,0.0075181593650130996,-0.02427138530074402
2024-03-19,972829.3099829289,-0.003290417668225465,-0.02748193997394366
2024-03-20,977751.5581429116,0.005059724362199924,-0.02256126665295044
2024-03-21,978441.9968395156,0.0007061494209381625,-0.02187104885739488
2024-03-22,970409.6625187923,-0.008209310666006497,-0.029900813288739614
2024-03-25,960664.3298267811,-0.010042493462726121,-0.039643028029483385
2024-03-26,959337.5368298977,-0.0013811202890426921,-0.04096939652819542
2024-03-27,942304.3582360973,-0.017755146588015358,-0.05799712547523017
2024-03-28,951663.9728211632,0.009932687356541958,-0.04864050543361187
2024-03-29,958202.8450655809,0.006870988532888811,-0.04210372525579131
2024-04-01,970214.2251613366,0.012535320843191089,-0.030096188117375022
2024-04-02,972714.5793514547,0.0025771155743488094,-0.027596633898151923
2024-04-03,972116.6357676415,-0.0006147163787880716,-0.02819438617408332
2024-04-08,965749.7216457287,-0.006549537254740168,-0.03455926324620184
2024-04-09,969878.5946158215,0.0042753032981017736,-0.030431711280236473
2024-04-10,959733.7198012278,-0.010459942997929739,-0.04057334031284554
2024-04-11,962585.5313598795,0.0029714612499416315,-0.037722441171424204
2024-04-12,961264.4625773462,-0.001372417036714646,-0.03904308728720862
2024-04-15,951742.3329337023,-0.009905837586165589,-0.04856217039184474
2024-04-16,929163.3990024489,-0.023723788624232856,-0.07113388035056745
2024-04-17,949994.9636446692,0.022419699984507657,-0.05030898062225342
2024-04-18,949561.5124134398,-0.0004562668727909891,-0.05074229317378254
2024-04-19,948886.0769418345,-0.0007113130247755617,-0.05141751254451665
2024-04-22,943277.8670697231,-0.005910308948979592,-0.05702392810897006
2024-04-23,935462.3337961915,-0.008285504776880281,-0.064836960857107
2024-04-24,943320.0501910655,0.008399821255214768,-0.05698175848382325
2024-04-25,944962.9513814533,0.0017416158917167301,-0.05533938292821994
2024-04-26,953460.3533767513,0.00899231232597586,-0.046844699617461405
2024-04-29,963313.7829753833,0.010334388381997517,-0.03699442255494867
2024-04-30,959041.0646329813,-0.004435437775223039,-0.041265773870898914
2024-05-06,967903.9636573899,0.009241417652747108,-0.032405710469256666
2024-05-07,973061.1781976265,0.005328229590825462,-0.0272501459438651
2024-05-08,966697.2024706716,-0.006540159929864564,-0.03361208556114459
2024-05-09,975871.4261970493,0.009490276482574167,-0.024440797063701614
2024-05-10,967357.4961502545,-0.008724438300210746,-0.032952003137922126
2024-05-13,958297.195653815,-0.009366031206142766,-0.042009404854370214
2024-05-14,960605.8403510248,0.0024091113985098556,-0.03970149879193963
2024-05-15,956440.9687266815,-0.0043356717702458525,-0.043865037894636805
2024-05-16,954712.3977492979,-0.0018072949966634333,-0.04559305582778472
2024-05-17,962132.4413065605,0.007772019693842003,-0.038175386261738775
2024-05-20,966335.9036782533,0.004368902025571941,-0.03397326875853268
2024-05-21,961025.1162659503,-0.00549579850245463,-0.03928235702142058
2024-05-22,964567.4451764426,0.0036859899398427043,-0.03574116145437223
2024-05-23,952132.0547895549,-0.012892193748683889,-0.04817257322478341
2024-05-24,944513.2971410451,-0.008001786737653505,-0.05578889330488812
2024-05-27,948813.2520492928,0.0045525615375274775,-0.05149031413724159
2024-05-28,943926.5521904824,-0.005150328421589689,-0.05637545053049364
2024-05-29,944211.9149318049,0.00030231456108564814,-0.05609017908899128
2024-05-30,943582.2780379886,-0.0006668385389542175,-0.056719614534872065
2024-05-31,944517.2187439939,0.000990841739789028,-0.055784972956628875
2024-06-03,936106.6462617395,-0.008904625892833029,-0.06419285453484125
2024-06-04,935476.9961645466,-0.0006726264573672092,-0.06482230317987447
2024-06-05,930605.6870072781,-0.005207299781010977,-0.06969205379573229
2024-06-06,918531.4361787392,-0.012974615346880491,-0.08176244155187906
2024-06-07,920925.6191790914,0.0026065335447988947,-0.07936902455368977
2024-06-11,925293.1128145612,0.004742504220224708,-0.0750029282673661
2024-06-12,929255.8658835115,0.004282700275263451,-0.07104144305363891
2024-06-13,928843.7275316617,-0.0004435143935926922,-0.07145344954469568
2024-06-14,928653.3490201284,-0.00020496290806559792,-0.07164376714595122
2024-06-17,928934.9830366429,0.00030327141641350863,-0.07136222323627728
2024-06-18,932825.1567207657,0.004187778213935012,-0.06747329418610915
2024-06-19,926949.4297518324,-0.0062988513191354345,-0.07334714125715414
2024-06-20,918732.1157388465,-0.00886490001421747,-0.08156182619779817
2024-06-21,917422.0216529719,-0.0014259805044706253,-0.08287150112820174
2024-06-24,899160.264047654,-0.019905514773249755,-0.10112741601146269
2024-06-25,894280.5272579896,-0.005426993367898425,-0.1060055915633541
2024-06-26,907279.0204474588,0.014535140588741946,-0.0930112571511782
2024-06-27,895667.152229341,-0.012798563569111354,-0.10461941023299726
2024-06-28,894703.984222147,-0.0010753637719063125,-0.10558227008130083
2024-07-01,895004.041978547,0.0003353709849194253,-0.10528230832628849
2024-07-02,894857.264786347,-0.00016399612215767245,-0.10542903855814889
2024-07-03,894455.882367347,-0.00044854351056300423,-0.10583029255764176
2024-07-04,892047.187651747,-0.0026929161774026378,-0.10823821662815669
2024-07-05,892478.7705057471,0.00048381168616895565,-0.10780677185608245
2024-07-08,889707.153833347,-0.0031055267239907813,-0.11057750176904702
2024-07-09,890517.93295008,0.000911287622269441,-0.10976698205544111
2024-07-10,890670.648146736,0.00017149031030738726,-0.10961431571894786
2024-07-11,891251.939238396,0.0006526442662835308,-0.10903321060732085
2024-07-12,891160.885443936,-0.00010216392296191756,-0.10912423526975401
2024-07-15,890803.087345536,-0.0004014966368521833,-0.1094819188931464
2024-07-16,891071.282286876,0.0003010709607431661,-0.10921380975890849
2024-07-17,890555.561484516,-0.0005787649233138792,-0.10972936555999246
2024-07-18,890527.930783896,-3.1026363558894765e-05,-0.10975698742036233
2024-07-19,890585.478537996,6.462206530599701e-05,-0.1096994580782652
2024-07-22,890713.447398516,0.00014369071089070928,-0.10957153016049015
2024-07-23,890031.1906864559,-0.0007659665564191398,-0.11025356858927071
2024-07-24,889763.168393256,-0.00030113809044507445,-0.1105215051306061
2024-07-25,889612.003242276,-0.0001698936934566575,-0.11067262191734961
2024-07-26,889982.447758416,0.00041641132852276996,-0.11030229592235063
2024-07-29,889873.798610376,-0.00012208010204428632,-0.11041091030885297
2024-07-30,890111.361473736,0.0002669624206612653,-0.11017342345207515
2024-07-31,891079.520823636,0.0010876833976110056,-0.10920557385801088
2024-08-01,891052.920400416,-2.9851907263456212e-05,-0.1092321657706109
2024-08-02,890537.074764936,-0.0005789169460869159,-0.10974784636487533
2024-08-05,889664.077776516,-0.0009803039235064537,-0.11062056404399401
2024-08-06,890138.451946296,0.0005332059387692656,-0.11014634164692305
2024-08-07,890220.3057917759,9.195630780900466e-05,-0.11006451399001049
2024-08-08,890153.900956416,-7.459371003770698e-05,-0.11013089757960615
2024-08-09,889985.103441576,-0.00018962733821492606,-0.11029964108885781
2024-08-12,889384.8419169959,-0.0006744624401676669,-0.1108997105639471
2024-08-13,889478.090476596,0.00010484613094940975,-0.11080649183857372
2024-08-14,889079.433948756,-0.00044819150927755125,-0.11120502081903638
2024-08-15,889236.6436958159,0.00017682306108657286,-0.11104786137013922
2024-08-16,889164.774939996,-8.082073127491096e-05,-0.11111970713205166
2024-08-19,889057.591543776,-0.00012054390731708331,-0.11122685623569117
2024-08-20,888604.068264576,-0.0005101168737702277,-0.11168023441327912
2024-08-21,888630.964790496,3.0268290322599256e-05,-0.11165334649271508
2024-08-22,888466.2319730159,-0.0001853782098611978,-0.11181802660507845
2024-08-23,888473.6654173182,8.36660306813286e-06,-0.11181059553905481
2024-08-26,888541.9464253183,7.685203361429416e-05,-0.11174233637708741
2024-08-27,888405.5083210183,-0.00015355280057272047,-0.11187873082896693
2024-08-28,888505.8406750783,0.00011293531289524594,-0.11177843057554415
2024-08-29,888686.4854403583,0.00020331297444564633,-0.11159784360629776
2024-08-30,888781.2687188983,0.00010665547422283872,-0.11150309065300701
2024-09-02,888625.5496466983,-0.00017520516878632986,-0.11165875990397534
2024-09-03,888712.4760196783,9.782114976841783e-05,-0.11157186134248243
2024-09-04,888634.2452562583,-8.802707909583152e-05,-0.11165006707651493
2024-09-05,888689.4599380182,6.21343168516475e-05,-0.11159487006030755
2024-09-06,888600.3729890382,-0.00010024530839625179,-0.11168392850653919
2024-09-09,888564.6619777182,-4.018793194948689e-05,-0.11171962809237013
2024-09-10,888703.2030324583,0.00015591555760474662,-0.11158113136287484
2024-09-11,888638.2264148983,-7.31139680134607e-05,-0.11164608719161895
2024-09-12,888714.2505173383,8.55512402913039e-05,-0.11157008741256058
2024-09-13,888573.4927010383,-0.00015838366068521292,-0.1117108001943784
2024-09-18,888542.6378752782,-3.472399977433316e-05,-0.11174164514835205
2024-09-19,888789.8271749982,0.0002781963286657696,-0.11149453493512551
2024-09-20,888832.8090536383,4.8360002922853695e-05,-0.11145156680823798
2024-09-23,888873.1682297383,4.5406937827729976e-05,-0.11141122054477504
2024-09-24,889062.2164747183,0.00021268303705967995,-0.1112222327844633
2024-09-25,889147.6492778383,9.609316596392858e-05,-0.1111368273149731
2024-09-26,889444.8787215583,0.0003342858117674208,-0.11083969296774188
2024-09-27,889853.1696520182,0.0004590401723902904,-0.11043153266711925
2024-09-30,891018.5739972583,0.0013096591493806375,-0.10926650118487624
2024-10-08,892141.8564704983,0.00126067234289029,-0.1081435780980341
2024-10-09,890795.5330530583,-0.0015090911918047567,-0.10948947076868087
2024-10-10,890765.5826177383,-3.3622121136334115e-05,-0.10951941162156786
2024-10-11,890327.4784054182,-0.0004918288502263612,-0.1099573756654989
2024-10-14,890874.4904878783,0.0006143942490013377,-0.10941053859574179
2024-10-15,890644.1371725582,-0.00025856988585892804,-0.10964081821112426
2024-10-16,890728.9358127583,9.521046247407128e-05,-0.10955604670165808
2024-10-17,890682.9577952983,-5.1618416794796396e-05,-0.10960201000877179
2024-10-18,890969.0800888783,0.00032123921433080405,-0.10931597925802528
2024-10-21,891079.4532668383,0.00012387991954665445,-0.10920564139319422
2024-10-22,890903.3229925783,-0.00019765944957472747,-0.10938171531580076
2024-10-23,891032.7959396982,0.00014532771825903623,-0.10925228379264773
2024-10-24,891078.9177314983,5.1762170831581855e-05,-0.10920617675719346
2024-10-25,891199.1115722983,0.0001348857417771132,-0.10908602137157497
2024-10-28,891592.7095325983,0.00044164985712957794,-0.10869254934019901
2024-10-29,891673.7348245782,9.08770239074208e-05,-0.10861154997169653
2024-10-30,891745.0196937582,7.994501396191289e-05,-0.10854028790961345
2024-10-31,891718.7568472181,-2.9451071730246525e-05,-0.10856654235353891
2024-11-01,891501.1504044582,-0.00024403035271947093,-0.10878407917463429
2024-11-04,891636.2164723781,0.00015150408707675922,-0.10864905632016131
2024-11-05,891771.2825402982,0.00015148113706553445,-0.10851403346568822
2024-11-06,891733.7641880981,-4.2071720557257386e-05,-0.108551539814153
2024-11-07,891793.7935516181,6.731758505806873e-05,-0.10849152965660946
2024-11-08,891801.2972220582,8.414131713374573e-06,-0.1084840283869164
2024-11-11,891966.3779717382,0.0001851093401570303,-0.1083190004536716
2024-11-12,891895.0931025582,-7.991878499069571e-05,-0.10839026251575457
2024-11-13,892071.4293578982,0.00019770963726983837,-0.10821398267797033
2024-11-14,891921.3559490981,-0.00016823026033696564,-0.10836400807182933
2024-11-15,891842.5674094781,-8.833574742261874e-05,-0.10844277140360525
2024-11-18,891504.9022396782,-0.0003786152199268811,-0.1087803285397877
2024-11-19,891598.6981201782,0.00010521072880731452,-0.10868656266862597
2024-11-20,891801.2972220582,0.0002272312670568155,-0.1084840283869164
2024-11-21,891790.0417163982,-1.2621091374342974e-05,-0.10849528029145583
2024-11-22,891636.2164723781,-0.00017249042580025353,-0.10864905632016131
2024-11-25,891662.4793189182,2.945466554060694e-05,-0.10862280187623585
2024-11-26,891568.6834384182,-0.00010519213567405927,-0.10871656774739769
2024-11-27,891722.5086824382,0.0001725332516466782,-0.10856279171869232
2024-11-28,891688.7421654582,-3.786661954952031e-05,-0.10859654743231062
2024-11-29,891797.5453868381,0.00012201928345056956,-0.10848777902176288
2024-12-02,891868.8302560182,7.99339149886169e-05,-0.10841651695967991
2024-12-03,891883.8375968982,1.6826847593298666e-05,-0.108401514420294
2024-12-04,891801.2972220582,-9.254610450437628e-05,-0.1084840283869164
2024-12-05,891985.1371478381,0.00020614449244771293,-0.10830024727943932
2024-12-06,892000.1444887181,1.6824653522817812e-05,-0.10828524474005341
2024-12-09,892000.1444887181,0.0,-0.10828524474005341
2024-12-10,892274.0284597782,0.0003070447608695126,-0.10801144839626087
2024-12-11,892446.6128798982,0.00019342087140872266,-0.10783891919332311
2024-12-12,892596.6862886982,0.00016815953653037674,-0.10768889379946422
2024-12-13,893106.9358786182,0.0005716462964269198,-0.10717880746034403
2024-12-16,893031.8991742182,-8.401760347565013e-05,-0.10725382015727347
2024-12-17,892866.8184245381,-0.00018485425865832905,-0.10741884809051827
2024-12-18,893418.3382018781,0.0006176954568803961,-0.10686750476808682
2024-12-19,893939.8432974581,0.0005837188171329277,-0.10634616652442708
2024-12-20,894056.1501892782,0.0001301059491778389,-0.10622989684418638
2024-12-23,893470.8638949582,-0.0006546415392323368,-0.10681499588023613
2024-12-24,893440.9966622253,-3.3428323115813896e-05,-0.106844853557156
2024-12-25,893440.9966622253,0.0,-0.106844853557156
2024-12-26,893440.9966622253,0.0,-0.106844853557156
2024-12-27,893440.9966622253,0.0,-0.106844853557156
2024-12-30,893440.9966622253,0.0,-0.106844853557156
2024-12-31,893440.9966622253,0.0,-0.106844853557156
2025-01-02,893440.9966622253,0.0,-0.106844853557156
2025-01-03,893440.9966622253,0.0,-0.106844853557156
2025-01-06,893440.9966622253,0.0,-0.106844853557156
2025-01-07,893440.9966622253,0.0,-0.106844853557156
2025-01-08,893440.9966622253,0.0,-0.106844853557156
2025-01-09,893440.9966622253,0.0,-0.106844853557156
2025-01-10,893440.9966622253,0.0,-0.106844853557156
2025-01-13,893440.9966622253,0.0,-0.106844853557156
2025-01-14,893440.9966622253,0.0,-0.106844853557156
2025-01-15,893440.9966622253,0.0,-0.106844853557156
2025-01-16,893440.9966622253,0.0,-0.106844853557156
2025-01-17,893440.9966622253,0.0,-0.106844853557156
2025-01-20,893440.9966622253,0.0,-0.106844853557156
2025-01-21,893440.9966622253,0.0,-0.106844853557156
2025-01-22,893440.9966622253,0.0,-0.106844853557156
2025-01-23,893440.9966622253,0.0,-0.106844853557156
2025-01-24,893440.9966622253,0.0,-0.106844853557156
2025-01-27,893440.9966622253,0.0,-0.106844853557156
2025-02-05,893440.9966622253,0.0,-0.106844853557156
2025-02-06,893440.9966622253,0.0,-0.106844853557156
2025-02-07,893440.9966622253,0.0,-0.106844853557156
2025-02-10,893440.9966622253,0.0,-0.106844853557156
2025-02-11,893440.9966622253,0.0,-0.106844853557156
2025-02-12,893440.9966622253,0.0,-0.106844853557156
2025-02-13,893440.9966622253,0.0,-0.106844853557156
2025-02-14,893440.9966622253,0.0,-0.106844853557156
2025-02-17,893440.9966622253,0.0,-0.106844853557156
2025-02-18,893440.9966622253,0.0,-0.106844853557156
2025-02-19,893440.9966622253,0.0,-0.106844853557156
2025-02-20,893440.9966622253,0.0,-0.106844853557156
2025-02-21,893440.9966622253,0.0,-0.106844853557156
2025-02-24,893440.9966622253,0.0,-0.106844853557156
2025-02-25,893440.9966622253,0.0,-0.106844853557156
2025-02-26,893440.9966622253,0.0,-0.106844853557156
2025-02-27,890865.2424284774,-0.002882959527680806,-0.10941978369629057
2025-02-28,880624.5971781203,-0.011495167577131316,-0.11965715252357956
2025-03-03,882948.1663311312,0.0026385467320089173,-0.1173343267803233
2025-03-04,887597.6869829597,0.005265904420129752,-0.1126862937102191
2025-03-05,889639.7192343997,0.002300628180297526,-0.11064491479276439
2025-03-06,896055.8600749667,0.0072120665274348905,-0.10423082675173734
2025-03-07,897583.0564063161,0.0017043539352799009,-0.10270411903620924
2025-03-10,899692.3667483344,0.0023499890366283083,-0.10059548355333248
2025-03-11,901898.2544807622,0.0024518244390583366,-0.09839030157930906
2025-03-12,902429.9321386012,0.0005895095762715741,-0.09785879402803077
2025-03-13,898273.1389786459,-0.004606222612878574,-0.10201425725098845
2025-03-14,903444.0384470623,0.0057564890277090885,-0.09684501217581454
2025-03-17,904592.9899976964,0.0012717462308002858,-0.09569642822422064
2025-03-18,907477.3185252349,0.0031885373415794227,-0.09281302251748991
2025-03-19,907608.6802202961,0.0001447547970396812,-0.09268170285068744
2025-03-20,906449.3189013379,-0.0012773801575771682,-0.09384069324007271
2025-03-21,901156.7776715779,-0.005838761328846087,-0.09913154115815659
2025-03-24,899173.77100443,-0.002200512403925492,-0.10111391337614328
2025-03-25,896285.6468126089,-0.003211975576861925,-0.1040011135327602
2025-03-26,898693.4825331144,0.0026864602028027207,-0.10159404818251028
2025-03-27,897553.7292949138,-0.0012682335638931619,-0.10273343676460667
2025-03-28,893009.7386182123,-0.0050626391806885,-0.10727597362316388
2025-03-31,889663.5384415983,-0.003747103790594397,-0.11062110320635521
2025-04-01,895210.7785316266,0.00623521123473858,-0.10507563791712815
2025-04-02,897379.124692559,0.002422162705066011,-0.10290798550343594
2025-04-03,892412.1742723815,-0.0055349520436852595,-0.10787334678244742
2025-04-07,846771.1660684365,-0.05114341726810023,-0.15349975246394654
2025-04-08,850109.7655593173,0.003942741114322468,-0.1501622211347019
2025-04-09,856934.592302449,0.008028171207563384,-0.1433395779473159
2025-04-10,865583.8024476906,0.010093197570659962,-0.1346931350565732
2025-04-11,871123.1440274066,0.006399543942541275,-0.12915556575058518
2025-04-14,879783.5954194568,0.009941707382507214,-0.12049788520959237
2025-04-15,877380.3810114316,-0.0027315972024682944,-0.12290033072591877
2025-04-16,871545.7791767176,-0.006650025417696104,-0.1287330658204443
2025-04-17,873941.8555364509,0.0027492260498314103,-0.12633775606864106
2025-04-18,873192.6045972327,-0.0008573235558769765,-0.1270867672902437
2025-04-21,882518.0875798244,0.010679754882822357,-0.11776426793093142
2025-04-22,882275.4356892491,-0.0002749540139632689,-0.11800684218672564
2025-04-23,883521.3293384681,0.0014121368439161675,-0.11676134715249553
2025-04-24,882079.408609084,-0.0016320157550285819,-0.11820280654939286
2025-04-25,881857.6894588931,-0.0002513596259325901,-0.11842445476208696
2025-04-28,877257.9338708179,-0.005215983988184791,-0.12302273869042324
2025-04-29,878745.3119651228,0.0016954854859414503,-0.1215358364723722
2025-04-30,885371.2498988747,0.007540225641641696,-0.11491201846127785
2025-05-06,895632.5786669259,0.011589859925114299,-0.10465397273384203
2025-05-07,895437.5491726415,-0.0002177561412233242,-0.10484893982979915
2025-05-08,899283.1638786639,0.004294676618794568,-0.10100455550139709
2025-05-09,893797.5909355225,-0.00609993955572552,-0.10648837337371109
2025-05-12,901302.5859100865,0.008396750059159075,-0.09898577956997756
2025-05-13,900277.6449058163,-0.0011371774810068347,-0.10001039265151757
2025-05-14,901724.5043536639,0.0016071258195009541,-0.09856399611626532
2025-05-15,893404.3434219563,-0.00922694336411689,-0.1068814950704764
2025-05-16,895496.887360989,0.002342213751746147,-0.10478962062629138
2025-05-19,896984.334105824,0.0016610294975099027,-0.10330264977967452
2025-05-20,903065.3745963338,0.006779427755081002,-0.09722355487568335
2025-05-21,903039.8367601819,-2.8279055836133438e-05,-0.09724908454118253
2025-05-22,901957.1297172378,-0.0011989582284969158,-0.09833144517955505
2025-05-23,895288.7985163033,-0.007393179765677993,-0.10499764289440161
2025-05-26,900008.6689026229,0.005271897061754238,-0.10027928259771357
2025-05-27,896785.8712343955,-0.0035808518068575212,-0.10350104915429059
2025-05-28,895943.0293629889,-0.0009398474021969916,-0.1043436213643153
2025-05-29,907229.526743979,0.012597338235908584,-0.09306073501949264
2025-05-30,900658.7202704718,-0.007242716732434484,-0.09962943920926881
2025-06-03,901326.6441010269,0.0007415948078031143,-0.09896172907628764
2025-06-04,906200.181403179,0.005407071158994636,-0.09408975102842565
2025-06-05,913201.4526855059,0.007725965438989402,-0.08709071975404503
2025-06-06,912551.9914391037,-0.0007111916483402148,-0.08773997320984828
2025-06-09,919570.8576336566,0.007691469922151084,-0.0807233526526111
2025-06-10,914939.0504105126,-0.005036922586980519,-0.08535367796131887
2025-06-11,920935.7799620773,0.006554239376791449,-0.07935886702157557
2025-06-12,924561.0238707296,0.0039364785118909396,-0.07573478298444303
2025-06-13,916163.6044852126,-0.00908260154679752,-0.0841295156741596
2025-06-16,922005.1922261126,0.006376140366525895,-0.0782897969085401
2025-06-17,921213.3700387825,-0.0008588044774653358,-0.0790813657578805
2025-06-18,923293.2997238839,0.0022578153473975515,-0.07700210153178433
2025-06-19,916373.8060096079,-0.007494361451930054,-0.08391938140227695
2025-06-20,909468.7892019802,-0.00753515297179419,-0.09082218899790662
2025-06-23,917821.1632065373,0.009183793994608447,-0.08247248727719425
2025-06-24,927567.2888368111,0.010618763241658558,-0.07272947985188305
2025-06-25,935250.1142292032,0.008282768791929351,-0.06504911252592405
2025-06-26,934381.697802891,-0.0009285392357614164,-0.0659172511084537
2025-06-27,937805.0080268909,0.003663717121225263,-0.06249503614869867
2025-06-30,942720.1902733909,0.005241155895340466,-0.057581426480498465
2025-07-01,939278.8703843907,-0.003650414963534576,-0.06102164534318699
2025-07-02,935000.8817588908,-0.004554545790803499,-0.06529826525604476
2025-07-03,937934.0769473908,0.003137104195005902,-0.062366008522900196
2025-07-04,937027.2559203908,-0.0009668281058209383,-0.06327253941883337
2025-07-07,938581.2318758909,0.0016584106232573337,-0.06171906064710875
2025-07-08,943672.4709743907,0.0054243990030828915,-0.056629450455071284
2025-07-09,947291.5422668909,0.003835092581182531,-0.05301153705920536
2025-07-10,947085.2642918909,-0.0002177555333243708,-0.05321774903700505
2025-07-11,952056.5242903908,0.00524900997400346,-0.04824807955849075
2025-07-14,948580.7551493909,-0.003650801241649515,-0.05172273665138094
2025-07-15,948253.0219383908,-0.0003454984820437934,-0.05205036500642457
2025-07-16,952253.3070016908,0.004218584039018092,-0.04805135980644759
2025-07-17,956885.5117371909,0.004864466945339485,-0.04342063711256505
2025-07-18,954258.3493016909,-0.0027455347617609815,-0.04604695900575573
2025-07-21,959531.7903871909,0.005526219486954309,-0.04077520512097388
2025-07-22,960225.8233571909,0.0007233037789400321,-0.04008139420198509
2025-07-23,959077.3071266909,-0.0011960897140680382,-0.04122954297272263
2025-07-24,963628.5987961908,0.0047454898950067825,-0.03667970745726867
2025-07-25,963638.1379061909,9.899156181214508e-06,-0.03667017139924034
2025-07-28,966843.8667571909,0.0033266936258515845,-0.03346546819884155
2025-07-29,968877.9929346909,0.002103882795804868,-0.03143199282583364
2025-07-30,961684.1792396908,-0.007424891211751383,-0.03862350491028477
2025-07-31,958897.0630951908,-0.002898161584298342,-0.04140972933640108
2025-08-01,960457.007377191,0.0016268109915416051,-0.039850284147700754
2025-08-04,963994.4181291908,0.003683049553315998,-0.03631400516561445
2025-08-05,966911.3713741908,0.003025902629872901,-0.033397985179473344
2025-08-06,974348.5288956909,0.007691664139734211,-0.025963207124683363
2025-08-07,973426.7825516909,-0.0009460129683211971,-0.026884658562365438
2025-08-08,969720.1469706908,-0.0038078216538112164,-0.030590108231147606
2025-08-11,976938.1183186909,0.007443355044801647,-0.023374446222769185
2025-08-12,976943.8474891908,5.864414943435037e-06,-0.023368718885277584
2025-08-13,984049.6237466908,0.007273474597094154,-0.01626521607136211
2025-08-14,979263.985485191,-0.004863208263094387,-0.021049323201257186
2025-08-15,993004.2098361908,0.01403117499944817,-0.007313494939265808
2025-08-18,1001371.7031581908,0.008426442948696433,0.0
2025-08-19,1006494.055103691,0.0051153352240180805,0.0
2025-08-20,1006497.7499031909,3.6709600828022104e-06,0.0
2025-08-21,1003551.9272693715,-0.002926804986998488,-0.002926804986998488
2025-08-22,1010046.3905426258,0.006471477057421016,0.0
2025-08-25,1013342.8592221397,0.003263680470896979,0.0
2025-08-26,1014886.4767802458,0.0015232924809782666,0.0
2025-08-27,1004674.9733106438,-0.01006171990979543,-0.01006171990979543
2025-08-28,1011505.0103485041,0.006798255375421114,-0.0033318666758369586
2025-08-29,1011017.4501305565,-0.00048201463458852345,-0.0038122753019272926
2025-09-01,1013570.1742383023,0.002524906080914935,-0.0012969948581041946
2025-09-02,1004834.9342683043,-0.008618288296182941,-0.009904105278681352
2025-09-03,997583.2890593137,-0.007216752684132133,-0.01704938248445964
2025-09-04,992489.5749108075,-0.005106054005084015,-0.022068381421824657
2025-09-05,1005188.5883036803,0.012795110108853258,-0.009555638683187762
2025-09-08,1010782.8442134294,0.005565379447044494,-0.004043439991273989
2025-09-09,1003181.7318755491,-0.0075200250789726475,-0.01153305830010698
2025-09-10,1002827.0259316668,-0.00035358094412174523,-0.01188256137458632
2025-09-11,1010592.5992507597,0.007743681730035368,-0.004230894417973308
2025-09-12,1007496.5084462133,-0.0030636389053727564,-0.0072815713906025925
2025-09-15,1008142.2226538463,0.0006409096232291578,-0.006645328596549871
2025-09-16,1012597.7684599669,0.00441956075839367,-0.0022551372716482776
2025-09-17,1014835.2126732785,0.002209608082303527,-5.051215888685068e-05
2025-09-18,1008032.7771621109,-0.00670299515253181,-0.006753168728662606
2025-09-19,1008567.7947460341,0.0005307541540755523,-0.0062259988469428595
2025-09-22,1008098.1879508392,-0.000465617480194469,-0.006688717393242505
2025-09-23,1002453.779071759,-0.0055990665855213395,-0.01225033340470738
2025-09-24,1008023.7246039661,0.005556311571157657,-0.006762088502796804
2025-09-25,1006589.6229106402,-0.0014226864490608504,-0.008175154620177372
2025-09-26,1000216.772344171,-0.006331130801886853,-0.01445452744883824
2025-09-29,1007217.886242325,0.006999596579195355,-0.007556106730527756
2025-09-30,1008811.3339206806,0.001582028774628208,-0.005986031934171354
2025-10-09,1013203.5629884824,0.004353865703244697,-0.0016582286100632615
2025-10-10,1011696.7972331281,-0.0014871303362871124,-0.0031428929442798292
2025-10-13,1008116.010030705,-0.003539387702141683,-0.006671156729785466
2025-10-14,1002988.4952233487,-0.005086234874099538,-0.011723460533875407
2025-10-15,1009123.8955426542,0.006117119337385013,-0.0056780550036231725
2025-10-16,1004214.6026636714,-0.004864905984951262,-0.010515337784804513
2025-10-17,991128.8593243542,-0.0130308235954818,-0.023409137868565577
2025-10-20,996916.4088660486,0.005839351248070557,-0.017706480798924118
2025-10-21,1002658.6890286901,0.005760041776394331,-0.012048429091644497
2025-10-22,1004813.8323697642,0.002149428678628329,-0.00992489765203819
2025-10-23,1003497.924533203,-0.0013096036242432607,-0.011221503594346038
2025-10-24,1001534.9366526576,-0.0019561454314502846,-0.01315569813280626
2025-10-27,1004541.8737031461,0.0030023286661755577,-0.010192867196258448
2025-10-28,1001702.1641102545,-0.0028268703049911803,-0.01299092358764975
2025-10-29,1004954.3937133681,0.0032467031814813474,-0.009786398079110747
2025-10-30,1001688.8205387301,-0.0032494740010753365,-0.01300407143406379
2025-10-31,1002454.5061838434,0.0007643947196109835,-0.012249616957990428
2025-11-03,1006577.7747173815,0.004113172725647818,-0.008186829022713837
2025-11-04,1005350.2438788777,-0.001219509181839773,-0.009396354291390296
2025-11-05,1009339.8527811358,0.0039683771168794735,-0.005465265451862877
2025-11-06,1010915.4988556898,0.0015610659484142086,-0.003912731143244752
2025-11-07,1010911.8822443592,-3.5775604733112587e-06,-0.003916294705685774
2025-11-10,1015405.8305450734,0.0044454401809355115,0.0
2025-11-11,1015726.2604849772,0.0003155683474180826,0.0
2025-11-12,1011758.47823174,-0.003906349975969614,-0.003906349975969614
2025-11-13,1016251.0597329082,0.004440369512909825,0.0
2025-11-14,1014484.7275545576,-0.0017380864319244127,-0.0017380864319244127
2025-11-17,1012025.5897664824,-0.00242402642571371,-0.004157899690196976
2025-11-18,1007450.0186260617,-0.004521201031563282,-0.008660302021391786
2025-11-19,1002680.9976714957,-0.004733754396143652,-0.013353060674769712
2025-11-20,999333.7770653353,-0.0033382707101595743,-0.01664675525358772
2025-11-21,983228.573692801,-0.01611594018149698,-0.032494417323201796
2025-11-24,987765.5053072898,0.00461432034816589,-0.02803003662609216
2025-11-25,996302.1883782041,0.008642418696589882,-0.019629865242105637
2025-11-26,999897.8972805345,0.0036090545060265544,-0.016091655989683873
2025-11-27,1000572.5419557944,0.0006747135653497605,-0.015427799682919296
2025-11-28,1002874.3018784793,0.0023004428226520712,-0.013162847631317143
2025-12-01,1005077.7803031944,0.002197163114647349,-0.010994605439968996
2025-12-02,1004284.1822472382,-0.000789588698017818,-0.011775512921792242
2025-12-03,1002344.3869353826,-0.0019315203267614711,-0.01368428860598725
2025-12-04,996916.6282656349,-0.005415063665236697,-0.019025250977209085
2025-12-05,1002434.4956145717,0.005534933606771597,-0.0135956208714485
2025-12-08,1005292.6457099051,0.002851208839916408,-0.010783175985945026
2025-12-09,1000098.4251569451,-0.00516687411882133,-0.015894334791845877
2025-12-10,1006516.8314170793,0.006417774589662972,-0.009578566460129667
2025-12-11,1002370.5452766509,-0.004119440441538225,-0.013658548567620055
2025-12-12,1003688.3217572141,0.001314660019463787,-0.012361844895882101
2025-12-15,1002996.8289257684,-0.0006889517556956104,-0.013042279936832935
2025-12-16,994971.0867227712,-0.008001762290308467,-0.020939681003363297
2025-12-17,997091.0260535753,0.0021306542060299805,-0.018853642016736005
2025-12-18,998061.6818569195,0.0009734876535656412,-0.01789850815089844
2025-12-19,1002536.2098092649,0.004483217854852839,-0.013495533207362964
2025-12-22,1008436.7455074617,0.005885608560033395,-0.00768935407309701
2025-12-23,1007810.9885882533,-0.0006205217352462933,-0.008305104397011043
2025-12-24,1013663.0232444104,0.0058066787546686705,-0.0025466507155996743
2025-12-25,1013420.475581899,-0.00023927839622184255,-0.002785319753322635
2025-12-26,1019072.382133876,0.005577059757680081,0.0
2025-12-29,1021363.5536192846,0.0022482912161854163,0.0
2025-12-30,1018188.3386204077,-0.003108799983732813,-0.003108799983732813
2025-12-31,1021661.7120089876,0.0034113270176381327,0.0
2026-01-05,1032749.3553434103,0.010852558341077678,0.0
2026-01-06,1041794.5260118472,0.008758340658009178,0.0
2026-01-07,1043496.713628087,0.0016338995586355765,0.0
2026-01-08,1044944.9723880928,0.001387890101704814,0.0
2026-01-09,1057092.9332060786,0.01162545506125845,0.0
2026-01-12,1069384.1005628267,0.01162732903669128,0.0
2026-01-13,1061838.352489221,-0.007056162579595515,-0.007056162579595515
2026-01-14,1064147.8607145154,0.002175009237404657,-0.00489650056098212
2026-01-15,1059634.420226081,-0.0042413659370642565,-0.009117098647356325
2026-01-16,1055908.4617989238,-0.0035162678335441955,-0.012601308320191573
2026-01-19,1061485.4549041241,0.005281701309315157,-0.007386163357530284
2026-01-20,1060712.470021844,-0.000728210526775519,-0.008108995202396274
2026-01-21,1067950.7537170523,0.00682398284151331,-0.0013403480050059313
2026-01-22,1075404.2633562349,0.006979263428805504,0.0
2026-01-23,1088083.7946058977,0.011790478875442822,0.0
2026-01-26,1086765.8406347092,-0.0012112614650839904,-0.0012112614650839904
2026-01-27,1085294.6524856924,-0.0013537305774697916,-0.002563352320871126
2026-01-28,1094370.9602299351,0.008362989464155923,0.0
2026-01-29,1099281.7746818583,0.004487339878692875,0.0
2026-01-30,1089050.4407582441,-0.009307289686099951,-0.009307289686099951
2026-02-02,1070683.143448253,-0.016865423879910524,-0.026015742180281354
2026-02-03,1081327.4140796214,0.009941569264915628,-0.016332810218229077
2026-02-04,1085769.4408769328,0.004107938760705698,-0.012291965641689995
2026-02-05,1076790.3502680585,-0.008269794922227902,-0.020460108528870147
2026-02-06,1074325.0206897357,-0.0022895167826393337,-0.02270278154965799
2026-02-09,1086597.6614784957,0.011423582763511186,-0.01153854589014125
2026-02-10,1088555.289527533,0.0018016126101116914,-0.009757721269807673
2026-02-11,1091114.8002767188,0.0023512914537364704,-0.007429373062700861
2026-02-12,1094076.0804780042,0.0027139950814840663,-0.004735541263167664
2026-02-13,1084581.5840365929,-0.008678095253908835,-0.01337254103891583
2026-02-24,1099466.7930144155,0.01372437924164549,0.0
2026-02-25,1110768.915349812,0.010279639555469844,0.0
2026-02-26,1111478.4863904268,0.0006388106750279121,0.0
2026-02-27,1114243.0532813193,0.002487287810554628,0.0
2026-03-02,1116101.9536861577,0.0016683078250872008,0.0
2026-03-03,1101450.5273440941,-0.013127318963714885,-0.013127318963714885
2026-03-04,1102300.9723930792,0.0007721137063103622,-0.012365341040303623
2026-03-05,1104288.298136707,0.0018028884972434156,-0.01058474587418623
2026-03-06,1111157.166299472,0.006220176537553801,-0.004430408324575086
2026-03-09,1109863.5515624196,-0.0011642050074344157,-0.005589455428453016
2026-03-10,1110126.2927443387,0.00023673286824243966,-0.005354045768026006
2026-03-11,1115229.8539814076,0.004597279850432567,-0.0007813799643211494
2026-03-12,1112278.9811558356,-0.0026459772530633696,-0.0034252897037729824
2026-03-13,1099744.4928146307,-0.01126919464771281,-0.014655884095089222
2026-03-16,1100084.834961302,0.00030947383587287547,-0.014350945871885346
2026-03-17,1088368.3647709931,-0.010650515140244732,-0.024848616045844762
2026-03-18,1088133.005329609,-0.0002162498001618829,-0.025059492337752398
2026-03-19,1074695.7361863179,-0.012348921572524763,-0.03709895620475101
2026-03-20,1061826.5229858714,-0.01197475040341589,-0.04862945586738776
2026-03-23,1043448.5030623678,-0.017307930745433242,-0.06509571135848014
2026-03-24,1056403.8145149723,0.012415860883007168,-0.05348806977178022
2026-03-25,1063633.2494265246,0.006843438855691275,-0.04701067325108099
2026-03-26,1053636.896838454,-0.009398307728213928,-0.05596716020557069
2026-03-27,1060342.0118200434,0.006363781490292153,-0.04995954149345905
2026-03-30,1061721.4779676693,0.001300963398835897,-0.04872357362952884
2026-03-31,1052517.692909686,-0.008668737751826527,-0.05696993949922913
2026-04-01,1060531.937174297,0.007614355861758071,-0.04978937303024089
2026-04-02,1051747.213893055,-0.00828331799667259,-0.05766026981724914
2026-04-03,1040342.268714439,-0.010843808310554426,-0.0678788212147704
2026-04-07,1047934.7357184377,0.007298047221882875,-0.061076156835478734
2026-04-08,1066817.0753045222,0.018018621716112238,-0.044158043285259074
2026-04-09,1064740.40872729,-0.001946600429730938,-0.04601868564895484
2026-04-10,1065727.008811177,0.0009266109145478207,-0.045134716150802334
2026-04-13,1075290.4844020503,0.008973663529032061,-0.036566076377986034
2026-04-14,1080321.6144218454,0.004678856637137407,-0.03205830717000391
2026-04-15,1073941.8022729647,-0.005905474873142302,-0.037774462515678175
2026-04-16,1083183.3470200025,0.008605256567421504,-0.0294942648899007
2026-04-17,1084082.6276346552,0.0008302201258232333,-0.028688531496385283
2026-04-20,1089089.065662546,0.004618133249505441,-0.024202885708062727
2026-04-21,1088272.4912302354,-0.0007497774590307094,-0.02493451638894606
2026-04-22,1092448.3859002055,0.0038371774565848504,-0.021193017096539868
2026-04-23,1088448.1005430892,-0.003661761423922938,-0.024777174748002118
2026-04-24,1084810.1368160301,-0.0033423400943451975,-0.028036701097762462
2026-04-27,1086612.8461568512,0.0016617740557920424,-0.02642151770446477
2026-04-28,1079299.6496646777,-0.0067302687595116595,-0.03297396254879115
2026-04-29,1086748.402723002,0.006901468985595072,-0.026300062343058817
2026-04-30,1085009.7359405449,-0.0015998797680315535,-0.027857865173449792
2026-05-06,1089501.8601368621,0.0041401694819109824,-0.023833031974761165
2026-05-07,1095657.638332572,0.005650085071847943,-0.018317605561090633
2026-05-08,1099490.3052770654,0.003498051590573592,-0.014883629899785533
2026-05-11,1105318.2752515357,0.005300610607022804,-0.009661911619280539
2026-05-12,1103358.4596523484,-0.0017730780744951158,-0.011417858370125877
2026-05-13,1105851.5326246987,0.0022595312978666016,-0.009184126080601152
2026-05-14,1098737.234984669,-0.006433320776021656,-0.015558362427498862
2026-05-15,1093254.8055792963,-0.004989754811985714,-0.020470484825695356
2026-05-18,1093247.463558104,-6.715745638596893e-06,-0.02047706309676467
2026-05-19,1099098.305189934,0.005351799868611673,-0.015234852371743934
2026-05-20,1101463.327376795,0.002151784035780313,-0.01311585044808461
2026-05-21,1087368.8555165906,-0.012796133570575852,-0.025744151844435015
2026-05-22,1096511.0776953544,0.008407654985134183,-0.017552944805893755
2026-05-25,1097943.4201498972,0.0013062726712742556,-0.01626960106671993
2026-05-26,1093639.1391199732,-0.003920312240986323,-0.020126131391488444
2026-05-27,1085078.209608469,-0.007827928980662757,-0.027796514444963116
2026-05-28,1087368.0653031077,0.0021103139611153843,-0.02574485985635122
2026-05-29,1077267.9988016584,-0.009288544351938377,-0.03479427193567952
2026-06-01,1083625.1444297577,0.005901173742440147,-0.029098425237173542
2026-06-02,1083792.3881348907,0.00015433723183022607,-0.028948578975744987
2026-06-03,1079665.6347786686,-0.003807697305683977,-0.03264604885525968
2026-06-04,1071315.5906447112,-0.007733916746983649,-0.040127483778278794
2026-06-05,1068196.791764202,-0.0029111859360062553,-0.0429218511478624
2026-06-08,1054879.863344397,-0.012466736955660807,-0.05485349267561279
2026-06-09,1060752.8542066533,0.005567449968792326,-0.04959143678290545
2026-06-10,1055600.0212262017,-0.0048577130478763,-0.05420824886125852
2026-06-11,1050721.606603207,-0.004621461277850125,-0.05857918881605617
2026-06-12,1057654.1896171088,0.006597925625907219,-0.052367764321183286
2026-06-15,1072543.3330287065,0.014077515654703499,-0.03902745668851293
2026-06-16,1074694.403193497,0.002005578794393559,-0.03710015053365301
2026-06-17,1075942.5356633756,0.0011613836139554579,-0.03598185442660262
2026-06-18,1072438.7533554346,-0.0032564771740163367,-0.03912115751299994
2026-06-22,1075494.9203763618,0.002849735718114532,-0.03638290675478417
2026-06-23,1067112.1840929047,-0.007794305788560774,-0.043893633042621394
2026-06-24,1059537.6405882183,-0.007098169824689138,-0.05068023840575142
2026-06-25,1055103.0491054575,-0.004185402493392276,-0.05465352370295451
2026-06-26,1036967.161107156,-0.017188736222189527,-0.07090283492260063
2026-06-29,1040894.9269870897,0.0037877437466198316,-0.06738365294557658
2026-06-30,1048597.83232021,0.007400271759818056,-0.06048203852972511
2026-07-01,1060063.3530442396,0.010934144979739324,-0.050209212927940006
2026-07-02,1054168.3716398128,-0.005560970849051494,-0.055490971807545364
2026-07-03,1058753.91356209,0.004349914155690415,-0.05138243861563363
2026-07-06,1055156.065264801,-0.0033981912616353194,-0.05460602252336377
2026-07-07,1043726.7562714029,-0.010831865891354986,-0.0648464033018854
2026-07-08,1037244.6989993885,-0.006210492576784077,-0.07065416777233191
2026-07-09,1039868.3779704585,0.002529469635854431,-0.06830341570850407
2026-07-10,1041514.9406826424,0.0015834337759146333,-0.06682813586803271
2026-07-13,1027529.1840311873,-0.013428282307969885,-0.07935903110145137
2026-07-14,1030180.573946336,0.0025803548515739294,-0.07698345071079615
2026-07-15,1033158.5942777689,0.0028907750803579546,-0.07431521747135306
2026-07-16,1031330.5699349532,-0.0017693550176519635,-0.07595308248608423
2026-07-17,1013762.8124176058,-0.017034070383907585,-0.09169336271704909
2026-07-20,1015210.4162026512,0.0014279511610739704,-0.09039634519972961
2026-07-21,1017660.6010756845,0.0024134749150803714,-0.08820103959620373
2026-07-22,1016934.4876418408,-0.0007135123764014928,-0.08885161943924191
2026-07-23,1018888.2208981281,0.0019211987399678776,-0.08710112231858491
2026-07-24,1014891.9746460435,-0.003922163560358016,-0.09068166103091868
2026-07-27,1017765.2427589141,0.0028311073342290882,-0.08810728321231431
2026-07-28,1016886.0863516935,-0.000863810602175219,-0.08889498580912192
2026-07-29,1018967.2845159149,0.0020466384506137025,-0.08703028325453199
2026-07-30,1017079.1873445773,-0.0018529517090772885,-0.08872197205151133
2026-07-31,1019748.0695194994,0.002624065272528231,-0.08633071902475364
2026-08-03,1020767.7996884137,0.0009999824460513729,-0.08541706578228203
2026-08-04,1022387.5962655055,0.0015868413733135522,-0.08396576774293885
2026-08-05,1024142.5189228934,0.0017164944721532738,-0.08239340004696627
2026-08-06,1023685.4635256609,-0.0004462810485724722,-0.08280291048257038
2026-08-07,1025049.4651118375,0.0013324420779394774,-0.08158079848673372
2026-08-10,1026060.8938641062,0.000986712140919277,-0.08067458311014719
2026-08-11,1024880.1898541735,-0.0011507153395995395,-0.08173246496944608
2026-08-12,1026068.5628083209,0.0011595237823032178,-0.08066771192406119
2026-08-13,1025149.0283502964,-0.0008961725281863009,-0.08149159226490954
2026-08-14,1024720.6600189675,-0.0004178595691772813,-0.0818753997924514
2026-08-17,1027476.1911261254,0.002689055871194057,-0.07940651144577549
2026-08-18,1027564.541630773,8.598788508251687e-05,-0.07932735155867399
2026-08-19,1025210.604439489,-0.0022907925448150124,-0.08143642159793851
2026-08-20,1025380.150533889,0.00016537684419737353,-0.08128451245214763
2026-08-21,1025726.664783889,0.00033793734920606333,-0.08097404417561105
2026-08-24,1025225.522109289,-0.0004885733127603098,-0.08142305573136088
2026-08-25,1025194.025614489,-3.072152821081975e-05,-0.08145127581886802
2026-08-26,1025029.621181089,-0.0001603642133024552,-0.08159857816240135
2026-08-27,1025896.269090289,0.0008454857218676004,-0.08082208287329462
