day,symbol,side,entry_time,exit_time,entry_price,exit_price,volume,pnl,pnl_pct,reason
2025-08-27,300433.SZSE,sell,2025-08-26 10:48:00,2025-08-27 14:05:00,170.1321,180.4997,52,516.29,0.06094,模型转空
2025-08-28,601727.SSE,sell,2025-08-27 09:35:00,2025-08-28 09:35:00,9.8597,9.5197,987,-360.17,-0.03448,止损
2025-08-28,002415.SZSE,sell,2025-08-27 09:37:00,2025-08-28 09:35:00,696.46,681.88,13,-218.41,-0.02093,止损
2025-08-28,600930.SSE,sell,2025-08-27 09:39:00,2025-08-28 09:35:00,6.78,6.6,1379,-272.24,-0.02655,止损
2025-08-28,002236.SZSE,sell,2025-08-27 09:35:00,2025-08-28 14:45:00,885.9171,892.7171,10,46.11,0.00768,模型转空
2025-08-29,600050.SSE,sell,2025-08-28 10:22:00,2025-08-29 09:38:00,10.9628,10.8796,886,-98.41,-0.00759,模型转空
2025-08-29,601727.SSE,sell,2025-08-28 09:44:00,2025-08-29 13:06:00,9.6497,9.6697,987,-4.75,0.00207,模型转空
2025-08-29,601059.SSE,sell,2025-08-28 09:39:00,2025-08-29 13:32:00,19.614,19.774,492,54.09,0.00816,模型转空
2025-08-29,300433.SZSE,sell,2025-08-28 09:35:00,2025-08-29 14:07:00,176.8819,180.1758,52,147.48,0.01862,模型转空
2025-09-01,000768.SZSE,sell,2025-08-29 09:36:00,2025-09-01 09:49:00,257.0738,251.84,32,-195.37,-0.02036,止损
2025-09-02,601727.SSE,sell,2025-09-01 09:36:00,2025-09-02 09:35:00,9.7397,9.5397,987,-221.89,-0.02053,止损
2025-09-02,601169.SSE,sell,2025-09-01 09:37:00,2025-09-02 09:42:00,24.3343,24.0855,391,-121.83,-0.01023,模型转空
2025-09-02,300433.SZSE,sell,2025-09-01 09:35:00,2025-09-02 09:49:00,181.5797,177.8538,52,-218.36,-0.02052,止损
2025-09-03,000333.SZSE,sell,2025-09-02 09:46:00,2025-09-03 10:05:00,357.1704,357.3204,20,-18.22,0.00042,模型转空
2025-09-03,601059.SSE,sell,2025-09-02 09:35:00,2025-09-03 10:28:00,19.904,19.484,492,-231.72,-0.0211,止损
2025-09-04,300433.SZSE,sell,2025-09-03 09:36:00,2025-09-04 10:53:00,176.9899,173.426,52,-209.57,-0.02014,止损
2025-09-05,601059.SSE,sell,2025-09-04 09:38:00,2025-09-05 09:35:00,19.154,18.624,492,-285.33,-0.02767,止损
2025-09-05,600515.SSE,sell,2025-09-04 10:53:00,2025-09-05 10:48:00,12.5861,12.6841,774,51.02,0.00779,模型转空
2025-09-08,000768.SZSE,sell,2025-09-05 10:03:00,2025-09-08 09:36:00,226.1857,225.4135,43,-59.05,-0.00341,模型转空
2025-09-08,601727.SSE,sell,2025-09-05 11:07:00,2025-09-08 10:17:00,8.8597,8.8797,1077,-2.98,0.00226,模型转空
2025-09-08,600760.SSE,sell,2025-09-05 09:41:00,2025-09-08 13:21:00,559.0211,556.5368,9,-42.28,-0.00444,模型转空
2025-09-08,300433.SZSE,sell,2025-09-05 09:56:00,2025-09-08 14:50:00,176.5039,187.1955,52,532.66,0.06057,尾盘平仓
2025-09-09,603392.SSE,sell,2025-09-08 09:36:00,2025-09-09 10:19:00,167.8223,169.4991,33,38.07,0.00999,模型转空
2025-09-09,300886.SZSE,sell,2025-09-08 13:21:00,2025-09-09 13:58:00,40.5386,39.6676,226,-220.93,-0.02149,止损
2025-09-09,301353.SZSE,sell,2025-09-08 10:17:00,2025-09-09 14:06:00,34.392,34.106,283,-105.7,-0.00832,模型转空
2025-09-09,002276.SZSE,sell,2025-09-08 09:39:00,2025-09-09 14:50:00,60.168,65.424,155,790.72,0.08736,尾盘平仓
2025-09-10,002239.SZSE,sell,2025-09-09 14:06:00,2025-09-10 09:35:00,30.7884,30.171,316,-220.2,-0.02005,止损
2025-09-10,603179.SSE,sell,2025-09-09 09:35:00,2025-09-10 10:59:00,159.2446,155.9085,57,-216.83,-0.02095,止损
2025-09-10,600760.SSE,sell,2025-09-09 10:19:00,2025-09-10 11:14:00,572.6351,585.454,9,105.65,0.02239,模型转空
2025-09-10,600376.SSE,sell,2025-09-09 13:58:00,2025-09-10 14:50:00,48.7024,51.3185,200,500.07,0.05372,尾盘平仓
2025-09-11,300993.SZSE,sell,2025-09-10 10:59:00,2025-09-11 09:35:00,43.0418,41.7782,197,-272.5,-0.02936,止损
2025-09-11,002415.SZSE,sell,2025-09-10 11:14:00,2025-09-11 10:18:00,676.84,672.16,13,-86.09,-0.00691,模型转空
2025-09-11,002138.SZSE,sell,2025-09-10 09:35:00,2025-09-11 14:28:00,215.9125,229.4845,31,406.65,0.06286,模型转空
2025-09-11,300324.SZSE,sell,2025-09-10 09:35:00,2025-09-11 14:33:00,159.4888,164.7812,59,287.92,0.03318,模型转空
2025-09-12,002251.SZSE,sell,2025-09-11 09:35:00,2025-09-12 09:45:00,38.1003,37.2963,257,-231.86,-0.0211,止损
2025-09-12,601099.SSE,sell,2025-09-11 09:35:00,2025-09-12 11:30:00,14.0734,14.2021,687,63.71,0.00914,模型转空
2025-09-12,002276.SZSE,sell,2025-09-11 10:18:00,2025-09-12 13:11:00,66.792,66.072,129,-116.16,-0.01078,模型转空
2025-09-12,603698.SSE,sell,2025-09-11 14:30:00,2025-09-12 13:50:00,25.5871,26.9001,365,455.21,0.05131,模型转空
2025-09-12,002642.SZSE,sell,2025-09-11 14:38:00,2025-09-12 13:55:00,46.4803,48.2353,213,349.14,0.03776,模型转空
2025-09-15,300324.SZSE,sell,2025-09-12 13:12:00,2025-09-15 09:49:00,180.6584,176.0877,55,-276.82,-0.0253,止损
2025-09-15,002321.SZSE,sell,2025-09-12 13:55:00,2025-09-15 10:51:00,6.5148,6.3696,1516,-244.99,-0.02229,止损
2025-09-15,603687.SSE,sell,2025-09-12 09:45:00,2025-09-15 11:02:00,8.8303,8.9703,1080,126.62,0.01585,模型转空
2025-09-15,000426.SZSE,sell,2025-09-12 13:50:00,2025-09-15 13:56:00,668.2782,678.7084,11,96.49,0.01561,模型转空
2025-09-15,600376.SSE,sell,2025-09-12 13:01:00,2025-09-15 14:17:00,56.3682,58.6801,169,367.97,0.04101,模型转空
2025-09-16,300433.SZSE,sell,2025-09-15 10:51:00,2025-09-16 09:35:00,179.0958,174.344,52,-271.58,-0.02653,止损
2025-09-16,600433.SSE,sell,2025-09-15 14:07:00,2025-09-16 11:09:00,24.4009,24.1702,395,-115.88,-0.00945,模型转空
2025-09-16,000868.SZSE,sell,2025-09-15 11:03:00,2025-09-16 13:32:00,25.6538,25.5175,378,-76.21,-0.00531,模型转空
2025-09-16,002642.SZSE,sell,2025-09-15 14:24:00,2025-09-16 13:51:00,51.6103,52.1953,192,87.2,0.01134,模型转空
2025-09-16,301228.SZSE,sell,2025-09-15 09:49:00,2025-09-16 13:52:00,28.7,30.91,298,637.07,0.077,模型转空
2025-09-17,600376.SSE,sell,2025-09-16 13:55:00,2025-09-17 13:44:00,63.4256,67.5019,154,604.28,0.06427,模型转空
2025-09-17,605133.SSE,sell,2025-09-16 14:42:00,2025-09-17 13:47:00,63.309,64.31,148,124.27,0.01581,模型转空
2025-09-17,301170.SZSE,sell,2025-09-16 11:09:00,2025-09-17 13:56:00,28.49,29.38,289,235.18,0.03124,模型转空
2025-09-17,600246.SSE,sell,2025-09-16 09:35:00,2025-09-17 14:25:00,145.5523,148.2336,66,154.48,0.01842,模型转空
2025-09-17,301353.SZSE,sell,2025-09-16 14:33:00,2025-09-17 14:32:00,35.627,37.408,226,380.77,0.04999,模型转空
2025-09-18,603988.SSE,sell,2025-09-17 14:06:00,2025-09-18 13:36:00,91.9452,100.4712,90,751.97,0.09273,模型转空
2025-09-18,300433.SZSE,sell,2025-09-17 13:52:00,2025-09-18 14:13:00,183.6316,179.7438,52,-226.96,-0.02117,止损
2025-09-18,603992.SSE,sell,2025-09-17 13:44:00,2025-09-18 14:18:00,33.63,34.3,273,159.19,0.01992,模型转空
2025-09-19,600246.SSE,sell,2025-09-18 09:35:00,2025-09-19 09:35:00,164.8958,146.7972,57,-1061.7,-0.10976,止损
2025-09-19,300403.SZSE,sell,2025-09-18 09:35:00,2025-09-19 09:35:00,90.2375,86.0975,106,-465.58,-0.04588,止损
2025-09-19,002949.SZSE,sell,2025-09-18 14:15:00,2025-09-19 09:51:00,18.54,18.1,500,-244.06,-0.02373,止损
2025-09-19,600487.SSE,sell,2025-09-18 13:39:00,2025-09-19 14:02:00,215.073,221.1021,42,233.17,0.02803,模型转空
2025-09-19,301228.SZSE,sell,2025-09-18 14:25:00,2025-09-19 14:05:00,29.8,30.05,298,51.13,0.00839,模型转空
2025-09-22,300324.SZSE,sell,2025-09-19 09:35:00,2025-09-22 09:35:00,191.4837,182.1017,51,-504.61,-0.049,止损
2025-09-22,603001.SSE,sell,2025-09-19 09:35:00,2025-09-22 09:35:00,14.47,14.17,629,-212.64,-0.02073,止损
2025-09-22,002138.SZSE,sell,2025-09-19 09:51:00,2025-09-22 13:24:00,225.448,226.3255,31,6.81,0.00389,模型转空
2025-09-22,300993.SZSE,sell,2025-09-19 14:31:00,2025-09-22 14:09:00,48.8216,53.1038,197,821.07,0.08771,模型转空
2025-09-23,603590.SSE,sell,2025-09-22 09:35:00,2025-09-23 09:35:00,61.76,59.94,90,-183.31,-0.02947,止损
2025-09-23,002239.SZSE,sell,2025-09-22 14:13:00,2025-09-23 09:35:00,32.4642,31.4058,305,-348.47,-0.0326,止损
2025-09-23,605183.SSE,sell,2025-09-22 13:28:00,2025-09-23 10:01:00,21.85,21.4,435,-220.33,-0.0206,止损
2025-09-23,600857.SSE,sell,2025-09-22 09:35:00,2025-09-23 14:19:00,71.0878,76.0856,139,673.77,0.0703,模型转空
2025-09-23,301512.SZSE,sell,2025-09-22 09:35:00,2025-09-23 14:28:00,48.165,49.765,207,305.88,0.03322,模型转空
2025-09-24,002517.SZSE,sell,2025-09-23 10:04:00,2025-09-24 09:35:00,171.18,166.02,47,-269.85,-0.03014,止损
2025-09-24,603179.SSE,sell,2025-09-23 09:35:00,2025-09-24 13:49:00,196.2488,197.0533,28,4.62,0.0041,模型转空
2025-09-24,301052.SZSE,sell,2025-09-23 09:35:00,2025-09-24 13:50:00,119.926,126.7271,73,475.71,0.05671,模型转空
2025-09-25,603097.SSE,sell,2025-09-24 09:35:00,2025-09-25 10:24:00,22.67,22.76,417,13.16,0.00397,模型转空
2025-09-25,002982.SZSE,sell,2025-09-24 09:35:00,2025-09-25 10:33:00,29.832,29.7732,292,-40.43,-0.00197,模型转空
2025-09-25,301539.SZSE,sell,2025-09-24 09:35:00,2025-09-25 10:45:00,20.22,20.29,487,9.09,0.00346,模型转空
2025-09-25,600857.SSE,sell,2025-09-24 13:59:00,2025-09-25 14:31:00,84.9167,85.8386,99,69.18,0.01086,模型转空
2025-09-25,002971.SZSE,sell,2025-09-24 14:08:00,2025-09-25 14:50:00,45.536,47.434,151,267.06,0.04168,尾盘平仓
2025-09-26,600106.SSE,sell,2025-09-25 10:34:00,2025-09-26 10:51:00,42.9468,42.7102,221,-76.8,-0.00551,模型转空
2025-09-26,603709.SSE,sell,2025-09-25 10:24:00,2025-09-26 11:00:00,23.3556,23.3244,426,-38.45,-0.00134,模型转空
2025-09-26,605277.SSE,sell,2025-09-25 14:35:00,2025-09-26 11:14:00,63.5439,65.6234,137,262.65,0.03273,模型转空
2025-09-26,600487.SSE,sell,2025-09-25 10:45:00,2025-09-26 14:19:00,220.28,221.5589,42,30.25,0.00581,模型转空
2025-09-29,300919.SZSE,sell,2025-09-26 11:14:00,2025-09-29 13:28:00,69.6349,70.8529,134,139.27,0.01749,模型转空
2025-09-29,002321.SZSE,sell,2025-09-26 10:51:00,2025-09-29 13:45:00,6.6185,6.6185,1473,-24.82,0.0,模型转空
2025-09-29,600810.SSE,sell,2025-09-26 14:21:00,2025-09-29 14:12:00,57.997,60.5548,164,396.1,0.0441,模型转空
2025-09-29,000426.SZSE,sell,2025-09-26 09:35:00,2025-09-29 14:19:00,737.5455,823.3941,11,948.48,0.1164,模型转空
2025-09-29,603001.SSE,sell,2025-09-26 11:00:00,2025-09-29 14:21:00,14.0,14.11,692,51.4,0.00786,模型转空
2025-09-30,603889.SSE,sell,2025-09-29 13:45:00,2025-09-30 10:28:00,48.5774,47.5946,197,-218.35,-0.02023,止损
2025-09-30,603709.SSE,sell,2025-09-29 13:31:00,2025-09-30 10:33:00,23.2152,23.1996,426,-31.71,-0.00067,模型转空
2025-09-30,603610.SSE,sell,2025-09-29 14:25:00,2025-09-30 13:32:00,49.3888,50.2472,180,131.48,0.01738,模型转空
2025-09-30,002534.SZSE,sell,2025-09-29 14:14:00,2025-09-30 14:20:00,35.113,35.581,237,88.45,0.01333,模型转空
2025-10-09,600760.SSE,sell,2025-09-30 14:34:00,2025-10-09 09:39:00,726.9596,708.7745,9,-196.73,-0.02502,止损
2025-10-09,600960.SSE,sell,2025-09-30 10:33:00,2025-10-09 13:33:00,22.3443,22.1384,426,-112.33,-0.00922,模型转空
2025-10-09,300324.SZSE,sell,2025-09-30 09:35:00,2025-10-09 14:01:00,165.7435,166.4651,59,17.7,0.00435,模型转空
2025-10-09,300836.SZSE,sell,2025-09-30 10:28:00,2025-10-09 14:36:00,102.6527,105.8572,52,149.34,0.03122,模型转空
2025-10-09,000960.SZSE,sell,2025-09-30 13:38:00,2025-10-09 14:50:00,74.1935,81.0239,123,819.45,0.09206,尾盘平仓
2025-10-10,002430.SZSE,sell,2025-10-09 14:07:00,2025-10-10 11:00:00,62.1309,62.8599,128,71.16,0.01173,模型转空
2025-10-10,600490.SSE,sell,2025-10-09 09:39:00,2025-10-10 11:19:00,99.7022,108.0024,95,768.53,0.08325,模型转空
2025-10-10,603988.SSE,sell,2025-10-09 14:38:00,2025-10-10 13:53:00,97.6488,98.0604,90,13.9,0.00422,模型转空
2025-10-10,000933.SZSE,sell,2025-10-09 13:34:00,2025-10-10 14:50:00,281.8439,291.3836,29,262.5,0.03385,尾盘平仓
2025-10-13,002415.SZSE,sell,2025-10-10 11:01:00,2025-10-13 09:35:00,747.58,729.4,13,-267.41,-0.02432,止损
2025-10-13,600760.SSE,sell,2025-10-10 11:19:00,2025-10-13 09:56:00,724.5746,706.8865,9,-191.89,-0.02441,止损
2025-10-13,600403.SSE,sell,2025-10-10 14:01:00,2025-10-13 13:02:00,28.1358,29.3058,338,371.73,0.04158,模型转空
2025-10-13,603889.SSE,sell,2025-10-10 09:35:00,2025-10-13 13:23:00,53.0546,52.6178,186,-106.37,-0.00823,模型转空
2025-10-14,301219.SZSE,sell,2025-10-13 09:35:00,2025-10-14 11:08:00,179.7312,177.5316,29,-82.68,-0.01224,模型转空
2025-10-14,600149.SSE,sell,2025-10-13 13:27:00,2025-10-14 13:43:00,15.2564,15.3428,622,29.32,0.00566,模型转空
2025-10-14,603097.SSE,sell,2025-10-13 09:35:00,2025-10-14 14:01:00,23.5,24.24,417,283.78,0.03149,模型转空
2025-10-14,301353.SZSE,sell,2025-10-13 13:02:00,2025-10-14 14:06:00,35.497,35.549,226,-10.46,0.00146,模型转空
2025-10-14,002138.SZSE,sell,2025-10-13 09:56:00,2025-10-14 14:11:00,212.1685,219.364,31,206.22,0.03391,模型转空
2025-10-15,603076.SSE,sell,2025-10-14 14:10:00,2025-10-15 10:38:00,36.422,36.632,268,31.45,0.00577,模型转空
2025-10-15,301111.SZSE,sell,2025-10-14 14:41:00,2025-10-15 13:35:00,16.5,16.8,587,151.47,0.01818,模型转空
2025-10-15,301005.SZSE,sell,2025-10-14 11:08:00,2025-10-15 14:26:00,119.8904,125.9978,60,348.33,0.05094,模型转空
2025-10-15,600403.SSE,sell,2025-10-14 13:45:00,2025-10-15 14:50:00,31.131,33.471,305,688.77,0.07517,尾盘平仓
2025-10-16,600376.SSE,sell,2025-10-15 13:35:00,2025-10-16 09:35:00,60.5053,58.6193,162,-330.59,-0.03117,止损
2025-10-16,600293.SSE,sell,2025-10-15 09:35:00,2025-10-16 13:38:00,10.7121,10.6155,904,-111.98,-0.00901,模型转空
2025-10-16,600960.SSE,sell,2025-10-15 14:32:00,2025-10-16 13:53:00,26.5451,27.6571,359,374.88,0.04189,模型转空
2025-10-16,600748.SSE,sell,2025-10-15 10:38:00,2025-10-16 14:50:00,39.5356,43.0626,242,828.7,0.08921,尾盘平仓
2025-10-17,300980.SZSE,sell,2025-10-16 09:35:00,2025-10-17 14:01:00,42.7504,45.8254,191,565.85,0.07193,模型转空
2025-10-17,002971.SZSE,sell,2025-10-16 09:35:00,2025-10-17 14:26:00,45.562,48.799,151,469.92,0.07105,模型转空
2025-10-17,000158.SZSE,sell,2025-10-16 14:25:00,2025-10-17 14:34:00,79.8324,80.8112,123,95.57,0.01226,模型转空
2025-10-17,600403.SSE,sell,2025-10-16 14:18:00,2025-10-17 14:50:00,36.045,38.853,271,735.89,0.0779,尾盘平仓
2025-10-20,000933.SZSE,sell,2025-10-17 09:35:00,2025-10-20 09:35:00,312.3937,301.3776,29,-353.69,-0.03526,止损
2025-10-20,600231.SSE,sell,2025-10-17 14:26:00,2025-10-20 09:51:00,20.4933,20.0502,484,-239.62,-0.02163,止损
2025-10-20,603313.SSE,sell,2025-10-17 14:34:00,2025-10-20 13:56:00,17.9072,18.2283,543,149.64,0.01793,模型转空
2025-10-20,001282.SZSE,sell,2025-10-17 14:07:00,2025-10-20 14:50:00,46.8886,51.5142,198,891.95,0.09865,尾盘平仓
2025-10-21,002890.SZSE,sell,2025-10-20 09:35:00,2025-10-21 11:04:00,38.7086,38.6832,229,-29.33,-0.00066,模型转空
2025-10-21,600490.SSE,sell,2025-10-20 09:35:00,2025-10-21 13:59:00,114.1607,116.4366,80,159.95,0.01994,模型转空
2025-10-21,300191.SZSE,sell,2025-10-20 09:51:00,2025-10-21 14:02:00,79.28,85.36,123,727.13,0.07669,模型转空
2025-10-21,600403.SSE,sell,2025-10-20 14:06:00,2025-10-21 14:50:00,41.9418,45.3582,237,784.76,0.08146,尾盘平仓
2025-10-22,000426.SZSE,sell,2025-10-21 11:04:00,2025-10-22 09:35:00,824.1965,779.5338,11,-529.44,-0.05419,止损
2025-10-22,000933.SZSE,sell,2025-10-21 09:35:00,2025-10-22 09:38:00,315.5736,308.9867,29,-221.37,-0.02087,止损
2025-10-22,002831.SZSE,sell,2025-10-21 14:04:00,2025-10-22 09:56:00,70.7858,69.3605,115,-186.43,-0.02013,止损
2025-10-22,600293.SSE,sell,2025-10-21 14:00:00,2025-10-22 14:50:00,11.5486,12.6426,846,900.17,0.09473,尾盘平仓
2025-10-23,600960.SSE,sell,2025-10-22 09:35:00,2025-10-23 09:35:00,26.0921,25.0625,382,-418.07,-0.03946,止损
2025-10-23,301228.SZSE,sell,2025-10-22 09:38:00,2025-10-23 09:35:00,27.41,26.62,298,-258.43,-0.02882,止损
2025-10-23,000957.SZSE,sell,2025-10-22 09:56:00,2025-10-23 09:40:00,62.4823,61.2187,157,-224.26,-0.02022,止损
2025-10-23,002370.SZSE,sell,2025-10-22 09:35:00,2025-10-23 10:01:00,27.214,26.636,356,-230.47,-0.02124,止损
2025-10-24,000158.SZSE,sell,2025-10-23 09:35:00,2025-10-24 09:35:00,78.7884,76.1458,123,-350.2,-0.03354,止损
2025-10-24,601666.SSE,sell,2025-10-23 10:03:00,2025-10-24 09:35:00,31.7821,31.0131,286,-243.75,-0.02419,止损
2025-10-24,600097.SSE,sell,2025-10-23 09:35:00,2025-10-24 11:20:00,18.3247,18.3513,489,-10.63,0.00145,模型转空
2025-10-24,300922.SZSE,sell,2025-10-23 09:40:00,2025-10-24 13:15:00,37.674,37.268,202,-103.74,-0.01078,模型转空
2025-10-24,301515.SZSE,sell,2025-10-23 09:35:00,2025-10-24 13:39:00,22.388,22.428,389,-7.69,0.00179,模型转空
2025-10-27,002971.SZSE,sell,2025-10-24 09:35:00,2025-10-27 09:35:00,50.398,48.578,151,-297.36,-0.03611,止损
2025-10-27,002012.SZSE,sell,2025-10-24 09:35:00,2025-10-27 13:16:00,30.0048,30.102,330,7.02,0.00324,模型转空
2025-10-27,603179.SSE,sell,2025-10-24 13:18:00,2025-10-27 13:56:00,177.794,182.7863,28,126.46,0.02808,模型转空
2025-10-27,300433.SZSE,sell,2025-10-24 11:24:00,2025-10-27 13:59:00,172.454,171.0501,52,-96.75,-0.00814,模型转空
2025-10-28,002236.SZSE,sell,2025-10-27 09:35:00,2025-10-28 10:10:00,967.5171,967.9171,10,-21.03,0.00041,模型转空
2025-10-28,603097.SSE,sell,2025-10-27 14:04:00,2025-10-28 13:08:00,26.88,27.28,347,114.84,0.01488,模型转空
2025-10-28,002321.SZSE,sell,2025-10-27 14:13:00,2025-10-28 13:13:00,6.2452,6.4111,1559,233.77,0.02657,模型转空
2025-10-28,600376.SSE,sell,2025-10-27 09:35:00,2025-10-28 13:25:00,64.4599,63.0606,154,-241.12,-0.02171,止损
2025-10-28,301353.SZSE,sell,2025-10-27 13:19:00,2025-10-28 13:53:00,38.864,38.214,226,-170.47,-0.01672,模型转空
2025-10-29,301171.SZSE,sell,2025-10-28 10:11:00,2025-10-29 09:35:00,29.991,29.361,305,-216.26,-0.02101,止损
2025-10-29,600760.SSE,sell,2025-10-28 13:26:00,2025-10-29 09:35:00,667.0383,651.2382,9,-172.77,-0.02369,止损
2025-10-29,600246.SSE,sell,2025-10-28 13:24:00,2025-10-29 11:04:00,128.124,127.1664,76,-98.08,-0.00747,模型转空
2025-10-29,600857.SSE,sell,2025-10-28 13:08:00,2025-10-29 14:30:00,75.9886,80.5012,119,517.03,0.05938,模型转空
2025-10-30,300768.SZSE,sell,2025-10-29 09:35:00,2025-10-30 09:36:00,36.765,35.85,256,-258.95,-0.02489,止损
2025-10-30,002517.SZSE,sell,2025-10-29 11:04:00,2025-10-30 09:40:00,152.46,148.2,63,-297.12,-0.02794,止损
2025-10-30,000567.SZSE,sell,2025-10-29 09:35:00,2025-10-30 11:29:00,111.0692,113.8541,83,209.29,0.02507,模型转空
2025-10-30,600748.SSE,sell,2025-10-29 14:37:00,2025-10-30 13:11:00,50.3828,52.2461,191,331.23,0.03698,模型转空
2025-10-30,000960.SZSE,sell,2025-10-29 09:35:00,2025-10-30 14:11:00,75.534,78.8854,123,389.62,0.04437,模型转空
2025-10-31,002769.SZSE,sell,2025-10-30 14:11:00,2025-10-31 09:36:00,51.8775,50.6778,191,-254.24,-0.02313,止损
2025-10-31,301219.SZSE,sell,2025-10-30 09:36:00,2025-10-31 13:06:00,179.31,175.6596,29,-125.3,-0.02036,止损
2025-10-31,000066.SZSE,sell,2025-10-30 13:11:00,2025-10-31 13:25:00,178.5272,178.4265,47,-27.69,-0.00056,模型转空
2025-10-31,600149.SSE,sell,2025-10-30 11:29:00,2025-10-31 13:31:00,16.1204,16.0052,588,-92.12,-0.00715,模型转空
2025-10-31,002370.SZSE,sell,2025-10-30 09:41:00,2025-10-31 14:50:00,25.922,28.302,383,887.18,0.09181,尾盘平仓
2025-11-03,300037.SZSE,sell,2025-10-31 09:36:00,2025-11-03 09:35:00,328.2952,312.916,16,-270.9,-0.04685,止损
2025-11-03,002971.SZSE,sell,2025-10-31 13:26:00,2025-11-03 09:35:00,47.369,46.251,151,-190.3,-0.0236,止损
2025-11-03,002890.SZSE,sell,2025-10-31 13:06:00,2025-11-03 14:14:00,40.6961,41.8427,229,238.5,0.02817,模型转空
2025-11-03,301228.SZSE,sell,2025-10-31 13:35:00,2025-11-03 14:35:00,25.82,27.39,298,447.22,0.06081,模型转空
2025-11-04,301178.SZSE,sell,2025-11-03 09:35:00,2025-11-04 09:35:00,90.9528,84.8908,100,-635.29,-0.06665,止损
2025-11-04,600444.SSE,sell,2025-11-03 14:36:00,2025-11-04 09:49:00,41.6602,40.7494,234,-238.0,-0.02186,止损
2025-11-04,002174.SZSE,sell,2025-11-03 09:35:00,2025-11-04 10:01:00,40.8079,39.9379,224,-218.99,-0.02132,止损
2025-11-04,000570.SZSE,sell,2025-11-03 09:35:00,2025-11-04 11:17:00,28.4756,28.9621,335,138.36,0.01708,模型转空
2025-11-04,605365.SSE,sell,2025-11-03 14:15:00,2025-11-04 13:13:00,20.994,22.124,460,494.7,0.05382,模型转空
2025-11-05,600312.SSE,sell,2025-11-04 09:35:00,2025-11-05 09:35:00,112.94,108.0374,82,-429.01,-0.04341,止损
2025-11-05,300825.SZSE,sell,2025-11-04 09:50:00,2025-11-05 10:30:00,17.535,17.16,533,-224.01,-0.02139,止损
2025-11-05,000158.SZSE,sell,2025-11-04 10:01:00,2025-11-05 10:51:00,77.2224,75.428,123,-245.44,-0.02324,止损
2025-11-05,603191.SSE,sell,2025-11-04 11:17:00,2025-11-05 14:50:00,17.19,18.9,486,808.79,0.09948,尾盘平仓
2025-11-05,002451.SZSE,sell,2025-11-04 13:18:00,2025-11-05 14:50:00,24.165,26.505,386,878.82,0.09683,尾盘平仓
2025-11-06,300536.SZSE,sell,2025-11-05 10:31:00,2025-11-06 09:41:00,27.466,26.899,343,-218.97,-0.02064,止损
2025-11-06,601168.SSE,sell,2025-11-05 09:35:00,2025-11-06 10:08:00,26.74,27.58,357,275.48,0.03141,模型转空
2025-11-06,000426.SZSE,sell,2025-11-05 10:51:00,2025-11-06 14:47:00,732.999,765.8943,11,349.52,0.04488,模型转空
2025-11-07,301228.SZSE,sell,2025-11-06 10:08:00,2025-11-07 09:45:00,28.33,27.63,298,-231.96,-0.02471,止损
2025-11-07,603179.SSE,sell,2025-11-06 09:35:00,2025-11-07 10:55:00,185.7438,184.9867,28,-40.05,-0.00408,模型转空
2025-11-07,600487.SSE,sell,2025-11-06 09:35:00,2025-11-07 13:36:00,213.3374,214.0682,42,7.32,0.00343,模型转空
2025-11-07,000534.SZSE,sell,2025-11-06 09:41:00,2025-11-07 14:29:00,72.1163,79.3545,115,809.44,0.10037,模型转空
2025-11-10,600376.SSE,sell,2025-11-07 09:35:00,2025-11-10 09:35:00,63.0606,58.6801,154,-700.94,-0.06946,止损
2025-11-10,002270.SZSE,sell,2025-11-07 09:45:00,2025-11-10 09:36:00,62.0141,60.3956,130,-232.89,-0.0261,止损
2025-11-10,002522.SZSE,sell,2025-11-07 10:55:00,2025-11-10 09:36:00,54.7456,53.4144,174,-257.0,-0.02432,止损
2025-11-10,300037.SZSE,sell,2025-11-07 14:44:00,2025-11-10 13:49:00,336.3016,328.468,16,-147.12,-0.02329,止损
2025-11-11,600857.SSE,sell,2025-11-10 09:36:00,2025-11-11 10:30:00,90.2541,88.3132,99,-217.59,-0.0215,止损
2025-11-11,603132.SSE,sell,2025-11-10 09:35:00,2025-11-11 10:45:00,15.256,15.396,629,63.39,0.00918,模型转空
2025-11-11,301228.SZSE,sell,2025-11-10 09:36:00,2025-11-11 14:07:00,28.4,28.63,298,45.79,0.0081,模型转空
2025-11-11,300818.SZSE,sell,2025-11-10 09:35:00,2025-11-11 14:08:00,67.1537,66.1247,142,-170.81,-0.01532,模型转空
2025-11-11,002321.SZSE,sell,2025-11-10 13:49:00,2025-11-11 14:24:00,6.8881,7.137,1429,330.58,0.03613,模型转空
2025-11-12,300179.SZSE,sell,2025-11-11 14:42:00,2025-11-12 09:35:00,117.6103,112.4425,80,-442.03,-0.04394,止损
2025-11-12,600810.SSE,sell,2025-11-11 14:23:00,2025-11-12 09:52:00,58.243,57.0624,164,-218.7,-0.02027,止损
2025-11-12,002603.SZSE,sell,2025-11-11 10:31:00,2025-11-12 13:29:00,82.2912,82.5096,114,0.65,0.00265,模型转空
2025-11-12,002971.SZSE,sell,2025-11-11 10:46:00,2025-11-12 14:35:00,48.643,50.151,151,207.26,0.031,模型转空
2025-11-13,600403.SSE,sell,2025-11-12 09:35:00,2025-11-13 09:35:00,53.6886,50.1318,169,-626.1,-0.06625,止损
2025-11-13,600376.SSE,sell,2025-11-12 13:44:00,2025-11-13 09:35:00,60.1403,58.4368,162,-300.92,-0.02833,止损
2025-11-13,002451.SZSE,sell,2025-11-12 14:38:00,2025-11-13 13:31:00,42.225,46.365,225,907.49,0.09805,模型转空
2025-11-13,000933.SZSE,sell,2025-11-12 09:35:00,2025-11-13 14:14:00,350.3254,351.9154,22,13.71,0.00454,模型转空
2025-11-13,000426.SZSE,sell,2025-11-12 09:52:00,2025-11-13 14:50:00,809.7546,883.301,11,808.07,0.09083,尾盘平仓
2025-11-14,603889.SSE,sell,2025-11-13 09:35:00,2025-11-14 10:26:00,56.8766,56.6036,175,-73.01,-0.0048,模型转空
2025-11-14,301539.SZSE,sell,2025-11-13 13:39:00,2025-11-14 11:29:00,20.27,20.66,487,164.73,0.01924,模型转空
2025-11-14,600246.SSE,sell,2025-11-13 14:22:00,2025-11-14 14:10:00,125.1554,129.4646,76,304.75,0.03443,模型转空
2025-11-14,301228.SZSE,sell,2025-11-13 09:35:00,2025-11-14 14:50:00,29.01,34.29,298,1553.92,0.18201,尾盘平仓
2025-11-17,600515.SSE,sell,2025-11-14 10:27:00,2025-11-17 10:00:00,18.1402,17.7481,536,-234.81,-0.02161,止损
2025-11-17,600376.SSE,sell,2025-11-14 09:35:00,2025-11-17 13:57:00,59.106,63.0606,162,616.34,0.06691,模型转空
2025-11-17,603097.SSE,sell,2025-11-14 11:29:00,2025-11-17 14:07:00,27.57,28.25,347,211.81,0.02466,模型转空
2025-11-17,600403.SSE,sell,2025-11-14 14:15:00,2025-11-17 14:50:00,55.4202,60.147,169,776.1,0.08529,尾盘平仓
2025-11-18,002459.SZSE,sell,2025-11-17 09:35:00,2025-11-18 09:44:00,39.6723,38.806,237,-229.45,-0.02184,止损
2025-11-18,000695.SZSE,sell,2025-11-17 10:01:00,2025-11-18 13:03:00,46.5001,45.4851,207,-234.64,-0.02183,止损
2025-11-18,600756.SSE,sell,2025-11-17 13:59:00,2025-11-18 14:50:00,112.3466,123.7789,88,981.75,0.10176,尾盘平仓
2025-11-19,603590.SSE,sell,2025-11-18 09:35:00,2025-11-19 09:35:00,49.15,47.51,181,-320.55,-0.03337,止损
2025-11-19,301178.SZSE,sell,2025-11-18 09:35:00,2025-11-19 09:35:00,91.6528,82.2588,100,-971.42,-0.1025,止损
2025-11-19,603992.SSE,sell,2025-11-18 13:10:00,2025-11-19 10:24:00,30.79,30.17,273,-192.32,-0.02014,止损
2025-11-19,001206.SZSE,sell,2025-11-18 09:45:00,2025-11-19 14:22:00,68.0168,72.4856,125,538.33,0.0657,模型转空
2025-11-20,300324.SZSE,sell,2025-11-19 09:35:00,2025-11-20 09:35:00,153.7153,146.0173,62,-509.16,-0.05008,止损
2025-11-20,605339.SSE,sell,2025-11-19 09:35:00,2025-11-20 09:35:00,22.17,21.29,367,-345.38,-0.03969,止损
2025-11-20,600376.SSE,sell,2025-11-19 09:35:00,2025-11-20 09:35:00,71.1523,61.2354,139,-1402.65,-0.13938,止损
2025-11-20,000933.SZSE,sell,2025-11-19 10:31:00,2025-11-20 13:21:00,328.6339,330.3375,29,25.99,0.00518,模型转空
2025-11-20,000426.SZSE,sell,2025-11-19 14:22:00,2025-11-20 14:02:00,840.5104,834.3592,11,-94.05,-0.00732,模型转空
2025-11-21,000953.SZSE,sell,2025-11-20 09:35:00,2025-11-21 09:37:00,20.7869,20.1434,461,-321.07,-0.03096,止损
2025-11-21,600857.SSE,sell,2025-11-20 13:23:00,2025-11-21 09:37:00,80.6467,78.9484,119,-228.27,-0.02106,止损
2025-11-21,603878.SSE,sell,2025-11-20 09:35:00,2025-11-21 09:55:00,32.6658,31.9798,284,-219.38,-0.021,止损
2025-11-21,002753.SZSE,sell,2025-11-20 14:15:00,2025-11-21 10:03:00,31.4438,30.8025,304,-219.5,-0.02039,止损
2025-11-21,600515.SSE,sell,2025-11-20 09:35:00,2025-11-21 10:45:00,16.9314,16.572,566,-227.78,-0.02123,止损
2025-11-24,600444.SSE,sell,2025-11-21 09:37:00,2025-11-24 09:35:00,39.9772,38.116,234,-459.84,-0.04656,止损
2025-11-24,000567.SZSE,sell,2025-11-21 09:57:00,2025-11-24 09:41:00,118.867,115.8036,83,-281.96,-0.02577,止损
2025-11-24,603337.SSE,sell,2025-11-21 09:37:00,2025-11-24 13:55:00,88.5784,88.6428,85,-16.0,0.00073,模型转空
2025-11-24,002971.SZSE,sell,2025-11-21 10:03:00,2025-11-24 14:22:00,40.843,43.066,227,481.07,0.05443,模型转空
2025-11-24,605339.SSE,sell,2025-11-21 10:45:00,2025-11-24 14:50:00,22.13,22.85,367,241.91,0.03254,尾盘平仓
2025-11-25,000953.SZSE,sell,2025-11-24 09:41:00,2025-11-25 09:35:00,21.4047,20.3236,461,-523.12,-0.05051,止损
2025-11-25,605365.SSE,sell,2025-11-24 14:23:00,2025-11-25 09:35:00,18.764,18.304,460,-234.55,-0.02451,止损
2025-11-25,603709.SSE,sell,2025-11-24 13:59:00,2025-11-25 13:55:00,24.4632,24.7908,379,100.03,0.01339,模型转空
2025-11-25,301178.SZSE,sell,2025-11-24 09:35:00,2025-11-25 14:28:00,75.1748,77.1208,100,174.71,0.02589,模型转空
2025-11-26,605183.SSE,sell,2025-11-25 09:35:00,2025-11-26 10:32:00,21.11,20.88,435,-124.09,-0.0109,模型转空
2025-11-26,002659.SZSE,sell,2025-11-25 09:35:00,2025-11-26 13:21:00,12.703,13.523,782,616.16,0.06455,模型转空
2025-11-26,301171.SZSE,sell,2025-11-25 09:35:00,2025-11-26 13:29:00,45.691,45.611,152,-32.82,-0.00175,模型转空
2025-11-26,301111.SZSE,sell,2025-11-25 14:05:00,2025-11-26 14:50:00,18.69,22.47,489,1826.38,0.20225,尾盘平仓
2025-11-27,301408.SZSE,sell,2025-11-26 13:29:00,2025-11-27 09:35:00,17.6,16.61,489,-507.51,-0.05625,止损
2025-11-27,002239.SZSE,sell,2025-11-26 13:31:00,2025-11-27 09:47:00,27.525,27.525,360,-25.08,0.0,模型转空
2025-11-27,601727.SSE,sell,2025-11-26 10:32:00,2025-11-27 10:10:00,9.6197,9.5197,987,-123.08,-0.0104,模型转空
2025-11-27,603590.SSE,sell,2025-11-26 09:35:00,2025-11-27 10:21:00,47.14,46.82,181,-80.94,-0.00679,模型转空
2025-11-28,603177.SSE,sell,2025-11-27 10:21:00,2025-11-28 09:35:00,13.19,12.18,684,-714.31,-0.07657,止损
2025-11-28,603231.SSE,sell,2025-11-27 10:10:00,2025-11-28 11:07:00,20.26,20.38,467,31.62,0.00592,模型转空
2025-11-28,300993.SZSE,sell,2025-11-27 09:35:00,2025-11-28 11:11:00,36.7004,36.794,237,-1.05,0.00255,模型转空
2025-11-28,002769.SZSE,sell,2025-11-27 09:35:00,2025-11-28 11:24:00,51.7276,55.5267,191,700.64,0.07344,模型转空
2025-11-28,301178.SZSE,sell,2025-11-27 09:47:00,2025-11-28 13:32:00,75.3148,75.3288,100,-20.14,0.00019,模型转空
2025-12-01,300644.SZSE,sell,2025-11-28 11:10:00,2025-12-01 10:50:00,56.982,57.951,163,133.96,0.01701,模型转空
2025-12-01,300434.SZSE,sell,2025-11-28 11:11:00,2025-12-01 11:30:00,47.7204,46.7484,185,-203.62,-0.02037,止损
2025-12-01,600293.SSE,sell,2025-11-28 09:35:00,2025-12-01 13:37:00,10.4868,10.9051,934,365.39,0.03989,模型转空
2025-12-01,603041.SSE,sell,2025-11-28 11:24:00,2025-12-01 13:45:00,19.074,19.284,512,82.67,0.01101,模型转空
2025-12-01,000426.SZSE,sell,2025-11-28 14:01:00,2025-12-01 14:05:00,902.0219,975.5682,7,534.32,0.08153,模型转空
2025-12-02,000727.SZSE,sell,2025-12-01 14:32:00,2025-12-02 09:39:00,16.8626,16.461,589,-261.68,-0.02381,止损
2025-12-02,000829.SZSE,sell,2025-12-01 13:37:00,2025-12-02 10:07:00,206.9278,202.7851,43,-205.0,-0.02002,止损
2025-12-02,002517.SZSE,sell,2025-12-01 13:51:00,2025-12-02 10:43:00,140.82,139.74,63,-92.73,-0.00767,模型转空
2025-12-02,002012.SZSE,sell,2025-12-01 10:50:00,2025-12-02 13:08:00,32.775,33.3582,291,145.34,0.01779,模型转空
2025-12-02,301005.SZSE,sell,2025-12-01 11:30:00,2025-12-02 14:47:00,151.5038,151.4804,60,-25.36,-0.00015,模型转空
2025-12-03,600930.SSE,sell,2025-12-02 10:07:00,2025-12-03 09:35:00,6.83,6.56,1379,-396.36,-0.03953,止损
2025-12-03,002890.SZSE,sell,2025-12-02 10:44:00,2025-12-03 09:41:00,39.8552,39.0144,229,-216.53,-0.0211,止损
2025-12-03,603097.SSE,sell,2025-12-02 09:39:00,2025-12-03 11:12:00,27.8,27.43,347,-153.33,-0.01331,模型转空
2025-12-03,000426.SZSE,sell,2025-12-02 13:12:00,2025-12-03 14:03:00,978.2426,955.7775,7,-190.65,-0.02296,止损
2025-12-04,300324.SZSE,sell,2025-12-03 09:35:00,2025-12-04 09:35:00,154.437,145.7767,62,-569.79,-0.05608,止损
2025-12-04,605339.SSE,sell,2025-12-03 14:06:00,2025-12-04 09:42:00,21.76,21.3,459,-236.24,-0.02114,止损
2025-12-04,000960.SZSE,sell,2025-12-03 11:23:00,2025-12-04 13:20:00,82.1091,86.0349,92,342.0,0.04781,模型转空
2025-12-04,603590.SSE,sell,2025-12-03 09:41:00,2025-12-04 13:36:00,46.25,47.64,181,228.99,0.03005,模型转空
2025-12-04,300179.SZSE,sell,2025-12-03 09:35:00,2025-12-04 14:07:00,106.146,106.4431,80,0.95,0.0028,模型转空
2025-12-05,301002.SZSE,sell,2025-12-04 09:35:00,2025-12-05 09:35:00,41.282,40.385,217,-218.52,-0.02173,止损
2025-12-05,301552.SZSE,sell,2025-12-04 09:42:00,2025-12-05 10:40:00,54.424,54.158,154,-63.77,-0.00489,模型转空
2025-12-05,603324.SSE,sell,2025-12-04 13:21:00,2025-12-05 10:57:00,29.8196,29.6276,320,-85.95,-0.00644,模型转空
2025-12-05,603709.SSE,sell,2025-12-04 13:44:00,2025-12-05 14:50:00,26.7252,29.3148,331,835.1,0.0969,尾盘平仓
2025-12-08,600444.SSE,sell,2025-12-05 09:35:00,2025-12-08 10:46:00,39.205,41.0464,234,407.01,0.04697,模型转空
2025-12-08,000933.SZSE,sell,2025-12-05 10:40:00,2025-12-08 13:14:00,351.8018,350.8932,22,-42.39,-0.00258,模型转空
2025-12-08,002890.SZSE,sell,2025-12-05 10:57:00,2025-12-08 13:55:00,39.2437,39.4985,229,34.69,0.00649,模型转空
2025-12-08,301005.SZSE,sell,2025-12-05 09:35:00,2025-12-08 14:50:00,160.817,171.581,60,626.18,0.06693,尾盘平仓
2025-12-09,600246.SSE,sell,2025-12-08 09:35:00,2025-12-09 09:35:00,144.1159,140.7643,66,-248.77,-0.02326,止损
2025-12-09,601933.SSE,sell,2025-12-08 14:09:00,2025-12-09 09:58:00,41.0432,40.0832,238,-253.88,-0.02339,止损
2025-12-09,603698.SSE,sell,2025-12-08 10:51:00,2025-12-09 10:14:00,32.1456,31.4826,292,-217.96,-0.02062,止损
2025-12-09,301002.SZSE,sell,2025-12-08 13:14:00,2025-12-09 13:44:00,42.608,41.841,217,-190.71,-0.018,模型转空
2025-12-10,300036.SZSE,sell,2025-12-09 09:35:00,2025-12-10 09:35:00,92.3834,89.721,91,-266.43,-0.02882,止损
2025-12-10,000953.SZSE,sell,2025-12-09 14:06:00,2025-12-10 09:35:00,20.9156,20.4523,461,-238.14,-0.02215,止损
2025-12-10,301018.SZSE,sell,2025-12-09 09:35:00,2025-12-10 09:41:00,56.21,55.03,141,-189.18,-0.02099,止损
2025-12-10,600487.SSE,sell,2025-12-09 09:58:00,2025-12-10 10:21:00,200.3657,198.356,42,-108.71,-0.01003,模型转空
2025-12-10,300836.SZSE,sell,2025-12-09 10:21:00,2025-12-10 11:28:00,99.599,99.9572,52,0.8,0.0036,模型转空
2025-12-11,300970.SZSE,sell,2025-12-10 09:35:00,2025-12-11 09:35:00,36.3,35.22,257,-301.82,-0.02975,止损
2025-12-11,002251.SZSE,sell,2025-12-10 10:23:00,2025-12-11 09:35:00,32.9141,32.2307,303,-232.11,-0.02076,止损
2025-12-11,603709.SSE,sell,2025-12-10 13:01:00,2025-12-11 09:36:00,31.608,30.5628,284,-320.7,-0.03307,止损
2025-12-11,601918.SSE,sell,2025-12-10 09:35:00,2025-12-11 10:01:00,11.274,11.372,884,61.41,0.00869,模型转空
2025-12-11,603826.SSE,sell,2025-12-10 09:41:00,2025-12-11 14:28:00,32.4926,33.2388,290,192.26,0.02297,模型转空
2025-12-12,301638.SZSE,sell,2025-12-11 09:35:00,2025-12-12 09:35:00,21.13,20.6,398,-234.01,-0.02508,止损
2025-12-12,603687.SSE,sell,2025-12-11 09:36:00,2025-12-12 10:56:00,9.2003,9.2303,1080,7.27,0.00326,模型转空
2025-12-12,600487.SSE,sell,2025-12-11 10:03:00,2025-12-12 13:40:00,202.6494,203.4716,42,11.91,0.00406,模型转空
2025-12-12,603097.SSE,sell,2025-12-11 09:35:00,2025-12-12 14:03:00,27.94,28.29,347,96.89,0.01253,模型转空
2025-12-12,603709.SSE,sell,2025-12-11 14:33:00,2025-12-12 14:50:00,34.6812,38.0664,284,937.03,0.09761,尾盘平仓
2025-12-15,603610.SSE,sell,2025-12-12 14:06:00,2025-12-15 09:35:00,55.1119,53.9434,180,-236.2,-0.0212,止损
2025-12-15,301539.SZSE,sell,2025-12-12 10:57:00,2025-12-15 09:36:00,20.85,20.36,389,-213.06,-0.0235,止损
2025-12-15,000534.SZSE,sell,2025-12-12 14:01:00,2025-12-15 14:25:00,84.6363,86.0383,115,136.36,0.01656,模型转空
2025-12-15,603992.SSE,sell,2025-12-12 09:35:00,2025-12-15 14:34:00,32.59,37.53,273,1327.03,0.15158,模型转空
2025-12-16,000933.SZSE,sell,2025-12-15 09:36:00,2025-12-16 09:36:00,339.8772,333.0631,22,-174.45,-0.02005,止损
2025-12-16,300644.SZSE,sell,2025-12-15 09:35:00,2025-12-16 09:55:00,57.645,56.438,163,-221.25,-0.02094,止损
2025-12-16,600108.SSE,sell,2025-12-15 14:34:00,2025-12-16 10:34:00,34.8325,34.5929,286,-93.78,-0.00688,模型转空
2025-12-16,605339.SSE,sell,2025-12-15 14:27:00,2025-12-16 14:04:00,22.36,22.97,367,201.41,0.02728,模型转空
2025-12-16,300836.SZSE,sell,2025-12-15 09:35:00,2025-12-16 14:06:00,100.2964,100.1457,52,-25.86,-0.0015,模型转空
2025-12-17,600490.SSE,sell,2025-12-16 10:35:00,2025-12-17 09:35:00,105.4588,102.7813,88,-260.29,-0.02539,止损
2025-12-17,002187.SZSE,sell,2025-12-16 14:04:00,2025-12-17 09:37:00,21.238,20.68,447,-273.65,-0.02627,止损
2025-12-17,301418.SZSE,sell,2025-12-16 09:36:00,2025-12-17 09:52:00,36.449,35.719,197,-164.99,-0.02003,止损
2025-12-17,000716.SZSE,sell,2025-12-16 14:08:00,2025-12-17 09:54:00,28.6866,28.1066,328,-214.89,-0.02022,止损
2025-12-17,300993.SZSE,sell,2025-12-16 09:58:00,2025-12-17 10:26:00,37.0748,36.326,237,-200.84,-0.0202,止损
2025-12-18,300196.SZSE,sell,2025-12-17 09:52:00,2025-12-18 09:38:00,48.4202,49.3162,193,149.16,0.0185,模型转空
2025-12-18,300433.SZSE,sell,2025-12-17 09:37:00,2025-12-18 10:36:00,170.2401,168.2422,52,-127.5,-0.01174,模型转空
2025-12-18,300980.SZSE,sell,2025-12-17 10:26:00,2025-12-18 11:13:00,40.6204,40.9354,191,38.44,0.00775,模型转空
2025-12-18,603233.SSE,sell,2025-12-17 09:55:00,2025-12-18 13:01:00,55.8671,57.1341,154,172.13,0.02268,模型转空
2025-12-18,000426.SZSE,sell,2025-12-17 09:35:00,2025-12-18 14:40:00,888.9172,916.1962,7,185.53,0.03069,模型转空
2025-12-19,600970.SSE,sell,2025-12-18 09:38:00,2025-12-19 09:36:00,134.0872,135.6424,73,89.0,0.0116,模型转空
2025-12-19,600231.SSE,sell,2025-12-18 14:43:00,2025-12-19 11:00:00,18.2142,18.594,538,179.41,0.02086,模型转空
2025-12-19,000570.SZSE,sell,2025-12-18 11:13:00,2025-12-19 11:21:00,28.1513,28.3675,354,51.46,0.00768,模型转空
2025-12-19,002239.SZSE,sell,2025-12-18 10:36:00,2025-12-19 11:24:00,26.4666,27.1722,371,236.84,0.02666,模型转空
2025-12-19,301408.SZSE,sell,2025-12-18 13:01:00,2025-12-19 14:50:00,22.04,23.12,391,399.63,0.049,尾盘平仓
2025-12-22,000953.SZSE,sell,2025-12-19 11:21:00,2025-12-22 10:24:00,20.5553,20.2721,461,-154.87,-0.01377,模型转空
2025-12-22,000727.SZSE,sell,2025-12-19 11:01:00,2025-12-22 10:28:00,14.7879,14.9887,661,107.76,0.01358,模型转空
2025-12-22,605365.SSE,sell,2025-12-19 11:24:00,2025-12-22 14:16:00,26.664,28.054,368,486.19,0.05213,模型转空
2025-12-22,600487.SSE,sell,2025-12-19 09:36:00,2025-12-22 14:50:00,222.9291,250.8822,42,1167.68,0.12539,尾盘平仓
2025-12-23,600490.SSE,sell,2025-12-22 10:36:00,2025-12-23 11:08:00,105.9943,110.8138,88,400.82,0.04547,模型转空
2025-12-23,000567.SZSE,sell,2025-12-22 14:21:00,2025-12-23 13:17:00,105.9171,106.7526,90,50.88,0.00789,模型转空
2025-12-23,301228.SZSE,sell,2025-12-22 09:35:00,2025-12-23 13:52:00,41.32,42.05,199,122.85,0.01767,模型转空
2025-12-23,002810.SZSE,sell,2025-12-22 10:33:00,2025-12-23 14:50:00,51.441,56.1738,172,791.88,0.092,尾盘平仓
2025-12-24,002769.SZSE,sell,2025-12-23 09:35:00,2025-12-24 09:35:00,63.8747,61.1753,152,-437.34,-0.04226,止损
2025-12-24,002517.SZSE,sell,2025-12-23 11:08:00,2025-12-24 09:35:00,139.56,134.64,63,-338.06,-0.03525,止损
2025-12-24,000695.SZSE,sell,2025-12-23 13:21:00,2025-12-24 09:35:00,39.2412,38.1647,241,-284.26,-0.02743,止损
2025-12-24,603698.SSE,sell,2025-12-23 14:14:00,2025-12-24 14:50:00,41.5836,45.6006,219,856.19,0.0966,尾盘平仓
2025-12-25,002405.SZSE,sell,2025-12-24 09:35:00,2025-12-25 09:35:00,36.316,35.4606,271,-256.82,-0.02355,止损
2025-12-25,600960.SSE,sell,2025-12-24 09:35:00,2025-12-25 09:35:00,23.8681,23.2916,404,-257.65,-0.02416,止损
2025-12-25,301638.SZSE,sell,2025-12-24 09:35:00,2025-12-25 11:28:00,19.82,19.9,498,14.83,0.00404,模型转空
2025-12-25,301018.SZSE,sell,2025-12-24 09:36:00,2025-12-25 13:55:00,67.16,68.39,141,149.68,0.01831,模型转空
2025-12-26,300324.SZSE,sell,2025-12-25 09:35:00,2025-12-26 09:35:00,153.4747,150.3474,62,-221.5,-0.02038,止损
2025-12-26,603331.SSE,sell,2025-12-25 09:35:00,2025-12-26 09:35:00,20.412,19.768,455,-317.52,-0.03155,止损
2025-12-26,600376.SSE,sell,2025-12-25 13:55:00,2025-12-26 10:48:00,58.8626,58.1326,162,-142.84,-0.0124,模型转空
2025-12-26,300970.SZSE,sell,2025-12-25 09:35:00,2025-12-26 13:41:00,36.98,40.12,257,782.71,0.08491,模型转空
2025-12-26,603698.SSE,sell,2025-12-25 13:01:00,2025-12-26 14:27:00,50.0206,53.0106,146,415.59,0.05978,模型转空
2025-12-29,301228.SZSE,sell,2025-12-26 14:08:00,2025-12-29 09:35:00,41.09,40.08,199,-223.57,-0.02458,止损
2025-12-29,002251.SZSE,sell,2025-12-26 09:35:00,2025-12-29 09:36:00,32.5523,31.8689,303,-231.94,-0.021,止损
2025-12-29,002383.SZSE,sell,2025-12-26 10:57:00,2025-12-29 09:36:00,56.956,55.6456,165,-241.48,-0.02301,止损
2025-12-29,600576.SSE,sell,2025-12-26 14:42:00,2025-12-29 09:36:00,20.449,19.987,483,-248.28,-0.02259,止损
2025-12-29,300818.SZSE,sell,2025-12-26 09:35:00,2025-12-29 14:20:00,74.2727,77.5697,106,329.48,0.04439,模型转空
2025-12-30,000426.SZSE,sell,2025-12-29 14:24:00,2025-12-30 09:35:00,986.5333,919.673,7,-525.57,-0.06777,止损
2025-12-30,600246.SSE,sell,2025-12-29 09:35:00,2025-12-30 09:48:00,136.7424,133.5823,66,-235.22,-0.02311,止损
2025-12-30,600817.SSE,sell,2025-12-29 09:36:00,2025-12-30 10:30:00,58.2838,58.4639,165,5.13,0.00309,模型转空
2025-12-30,605001.SSE,sell,2025-12-29 09:36:00,2025-12-30 11:13:00,10.912,10.873,906,-60.35,-0.00357,模型转空
2025-12-30,603179.SSE,sell,2025-12-29 09:36:00,2025-12-30 14:37:00,166.3189,181.0118,57,824.63,0.08834,模型转空
2025-12-31,300606.SZSE,sell,2025-12-30 11:13:00,2025-12-31 09:45:00,37.39,36.64,259,-219.21,-0.02006,止损
2025-12-31,300229.SZSE,sell,2025-12-30 09:35:00,2025-12-31 10:29:00,101.5015,101.9095,94,14.02,0.00402,模型转空
2025-12-31,000426.SZSE,sell,2025-12-30 14:37:00,2025-12-31 11:00:00,968.0798,948.2892,7,-170.37,-0.02044,止损
2025-12-31,603177.SSE,sell,2025-12-30 10:30:00,2025-12-31 13:41:00,11.54,11.4,782,-133.12,-0.01213,模型转空
2025-12-31,603337.SSE,sell,2025-12-30 09:48:00,2025-12-31 14:11:00,96.0894,99.7591,85,290.16,0.03819,模型转空
2026-01-05,603331.SSE,sell,2025-12-31 14:11:00,2026-01-05 09:38:00,21.644,21.0,455,-318.37,-0.02975,止损
2026-01-05,002659.SZSE,sell,2025-12-31 13:46:00,2026-01-05 09:47:00,11.923,11.683,831,-224.5,-0.02013,止损
2026-01-05,603312.SSE,sell,2025-12-31 11:00:00,2026-01-05 10:42:00,48.78,49.29,186,71.27,0.01046,模型转空
2026-01-05,000878.SZSE,sell,2025-12-31 09:45:00,2026-01-05 13:09:00,65.8966,66.87,149,120.36,0.01477,模型转空
2026-01-05,000768.SZSE,sell,2025-12-31 10:30:00,2026-01-05 13:31:00,227.7301,231.7628,32,111.47,0.01771,模型转空
2026-01-06,001206.SZSE,sell,2026-01-05 13:11:00,2026-01-06 10:35:00,66.5076,65.1356,125,-195.05,-0.02063,止损
2026-01-06,300536.SZSE,sell,2026-01-05 09:47:00,2026-01-06 13:24:00,25.135,24.9775,374,-83.3,-0.00627,模型转空
2026-01-06,000570.SZSE,sell,2026-01-05 10:42:00,2026-01-06 13:48:00,28.3675,28.5837,335,47.94,0.00762,模型转空
2026-01-06,301515.SZSE,sell,2026-01-05 09:38:00,2026-01-06 14:01:00,22.398,22.568,389,42.93,0.00759,模型转空
2026-01-06,000426.SZSE,sell,2026-01-05 13:31:00,2026-01-06 14:09:00,1014.3472,1059.2773,7,317.21,0.04429,模型转空
2026-01-07,000695.SZSE,sell,2026-01-06 13:48:00,2026-01-07 10:09:00,40.9637,40.0102,241,-255.2,-0.02328,止损
2026-01-07,000066.SZSE,sell,2026-01-06 14:01:00,2026-01-07 10:10:00,157.5727,155.8601,57,-121.32,-0.01087,模型转空
2026-01-07,002522.SZSE,sell,2026-01-06 10:35:00,2026-01-07 10:17:00,52.2496,51.8336,185,-101.93,-0.00796,模型转空
2026-01-07,600760.SSE,sell,2026-01-06 13:24:00,2026-01-07 10:34:00,602.1485,600.5585,9,-34.26,-0.00264,模型转空
2026-01-07,002383.SZSE,sell,2026-01-06 14:10:00,2026-01-07 14:12:00,63.8356,67.4392,145,498.36,0.05645,模型转空
2026-01-08,600376.SSE,sell,2026-01-07 10:10:00,2026-01-08 09:35:00,62.0263,60.7487,154,-221.77,-0.0206,止损
2026-01-08,000933.SZSE,sell,2026-01-07 10:17:00,2026-01-08 09:35:00,392.4591,384.1687,22,-209.36,-0.02112,止损
2026-01-08,603179.SSE,sell,2026-01-07 10:09:00,2026-01-08 10:34:00,196.5328,192.3686,28,-138.99,-0.02119,止损
2026-01-08,000426.SZSE,sell,2026-01-07 14:30:00,2026-01-08 13:29:00,1118.1144,1095.3818,7,-194.27,-0.02033,止损
2026-01-08,301002.SZSE,sell,2026-01-07 10:38:00,2026-01-08 13:47:00,51.825,53.047,144,155.56,0.02358,模型转空
2026-01-09,002659.SZSE,sell,2026-01-08 09:36:00,2026-01-09 10:41:00,12.283,12.383,782,53.59,0.00814,模型转空
2026-01-09,600149.SSE,sell,2026-01-08 10:34:00,2026-01-09 13:28:00,14.882,14.9108,657,-5.96,0.00194,模型转空
2026-01-09,603878.SSE,sell,2026-01-08 13:45:00,2026-01-09 13:30:00,29.5925,29.9492,336,94.84,0.01205,模型转空
2026-01-09,002361.SZSE,sell,2026-01-08 09:35:00,2026-01-09 13:36:00,127.03,133.11,69,395.88,0.04786,模型转空
2026-01-09,600501.SSE,sell,2026-01-08 13:47:00,2026-01-09 14:35:00,151.0249,155.2153,66,251.58,0.02775,模型转空
2026-01-12,600760.SSE,sell,2026-01-09 10:41:00,2026-01-12 09:35:00,650.5426,631.4632,9,-204.26,-0.02933,止损
2026-01-12,300536.SZSE,sell,2026-01-09 13:36:00,2026-01-12 09:35:00,30.364,28.9465,312,-466.74,-0.04668,止损
2026-01-12,603179.SSE,sell,2026-01-09 13:28:00,2026-01-12 09:44:00,208.0315,203.6544,28,-145.65,-0.02104,止损
2026-01-12,000532.SZSE,sell,2026-01-09 14:35:00,2026-01-12 13:56:00,76.5129,81.0378,110,477.55,0.05914,模型转空
2026-01-12,000426.SZSE,sell,2026-01-09 13:30:00,2026-01-12 14:50:00,1119.4515,1197.5444,7,566.11,0.06976,尾盘平仓
2026-01-13,603278.SSE,sell,2026-01-12 09:44:00,2026-01-13 09:35:00,25.265,23.221,337,-712.81,-0.0809,止损
2026-01-13,300324.SZSE,sell,2026-01-12 09:35:00,2026-01-13 09:37:00,168.3896,165.0218,59,-223.81,-0.02,止损
2026-01-13,000066.SZSE,sell,2026-01-12 09:35:00,2026-01-13 14:01:00,172.4827,171.2738,57,-93.89,-0.00701,模型转空
2026-01-13,300229.SZSE,sell,2026-01-12 13:57:00,2026-01-13 14:50:00,137.2015,138.5275,56,53.51,0.00966,尾盘平仓
2026-01-14,601933.SSE,sell,2026-01-13 09:35:00,2026-01-14 09:35:00,51.2032,47.6832,189,-689.4,-0.06875,止损
2026-01-14,002251.SZSE,sell,2026-01-13 09:37:00,2026-01-14 09:35:00,33.0347,31.9895,287,-325.13,-0.03164,止损
2026-01-14,300063.SZSE,sell,2026-01-13 14:04:00,2026-01-14 13:52:00,118.17,129.87,78,897.39,0.09901,模型转空
2026-01-14,000933.SZSE,sell,2026-01-13 09:35:00,2026-01-14 14:04:00,389.3928,389.8471,22,-13.1,0.00117,模型转空
2026-01-15,002361.SZSE,sell,2026-01-14 09:35:00,2026-01-15 09:35:00,152.31,137.83,57,-855.29,-0.09507,止损
2026-01-15,300324.SZSE,sell,2026-01-14 09:35:00,2026-01-15 10:04:00,165.2623,161.8944,59,-223.53,-0.02038,止损
2026-01-15,600662.SSE,sell,2026-01-14 14:05:00,2026-01-15 11:21:00,442.2652,477.8328,21,737.06,0.08042,模型转空
2026-01-15,600487.SSE,sell,2026-01-14 09:35:00,2026-01-15 13:28:00,233.8911,238.0019,42,150.14,0.01758,模型转空
2026-01-15,603179.SSE,sell,2026-01-14 13:57:00,2026-01-15 13:48:00,222.5588,222.1092,28,-32.78,-0.00202,模型转空
2026-01-16,600490.SSE,sell,2026-01-15 11:21:00,2026-01-16 10:40:00,111.3493,109.0734,88,-225.66,-0.02044,止损
2026-01-16,002890.SZSE,sell,2026-01-15 13:30:00,2026-01-16 13:39:00,38.938,38.6322,229,-93.62,-0.00785,模型转空
2026-01-16,300882.SZSE,sell,2026-01-15 10:05:00,2026-01-16 14:09:00,42.3732,49.453,204,1426.66,0.16708,模型转空
2026-01-16,600520.SSE,sell,2026-01-15 13:53:00,2026-01-16 14:17:00,66.6374,68.135,129,171.0,0.02247,模型转空
2026-01-16,300980.SZSE,sell,2026-01-15 09:35:00,2026-01-16 14:40:00,53.1604,52.5604,127,-96.84,-0.01129,模型转空
2026-01-19,301219.SZSE,sell,2026-01-16 10:40:00,2026-01-19 09:35:00,187.5,181.5564,29,-193.06,-0.0317,止损
2026-01-19,300780.SZSE,sell,2026-01-16 14:15:00,2026-01-19 09:35:00,24.02,22.94,390,-445.42,-0.04496,止损
2026-01-19,000066.SZSE,sell,2026-01-16 14:40:00,2026-01-19 09:35:00,173.2886,167.244,57,-369.67,-0.03488,止损
2026-01-19,600487.SSE,sell,2026-01-16 13:41:00,2026-01-19 14:01:00,248.0504,260.1086,32,363.62,0.04861,模型转空
2026-01-19,300606.SZSE,sell,2026-01-16 14:30:00,2026-01-19 14:16:00,47.695,48.01,194,37.14,0.0066,模型转空
2026-01-20,300970.SZSE,sell,2026-01-19 09:35:00,2026-01-20 09:35:00,48.52,47.0,183,-302.65,-0.03133,止损
2026-01-20,002258.SZSE,sell,2026-01-19 14:01:00,2026-01-20 13:19:00,95.356,96.8247,101,123.7,0.0154,模型转空
2026-01-20,002012.SZSE,sell,2026-01-19 09:35:00,2026-01-20 13:40:00,31.2198,31.9974,310,216.83,0.02491,模型转空
2026-01-20,000534.SZSE,sell,2026-01-19 14:23:00,2026-01-20 13:43:00,87.3425,86.8208,86,-66.43,-0.00597,模型转空
2026-01-20,600312.SSE,sell,2026-01-19 09:35:00,2026-01-20 14:50:00,132.6546,138.2874,66,348.76,0.04246,尾盘平仓
2026-01-21,000933.SZSE,sell,2026-01-20 09:35:00,2026-01-21 09:35:00,411.9929,395.4119,22,-396.0,-0.04025,止损
2026-01-21,002810.SZSE,sell,2026-01-20 13:41:00,2026-01-21 13:40:00,61.0698,60.5475,143,-98.32,-0.00855,模型转空
2026-01-21,000426.SZSE,sell,2026-01-20 13:20:00,2026-01-21 14:50:00,1367.9045,1435.8346,3,238.31,0.04966,尾盘平仓
2026-01-21,002809.SZSE,sell,2026-01-20 13:56:00,2026-01-21 14:50:00,33.7605,36.846,274,822.84,0.09139,尾盘平仓
2026-01-22,002799.SZSE,sell,2026-01-21 13:40:00,2026-01-22 09:35:00,25.056,23.9472,381,-447.4,-0.04425,止损
2026-01-22,600487.SSE,sell,2026-01-21 09:35:00,2026-01-22 10:01:00,265.2242,259.1951,32,-215.76,-0.02273,止损
2026-01-22,300536.SZSE,sell,2026-01-21 09:35:00,2026-01-22 11:06:00,29.608,29.8915,312,64.41,0.00958,模型转空
2026-01-23,601727.SSE,sell,2026-01-22 09:35:00,2026-01-23 09:35:00,10.3597,10.0497,897,-302.12,-0.02992,止损
2026-01-23,000768.SZSE,sell,2026-01-22 09:35:00,2026-01-23 09:35:00,280.9261,274.4911,32,-236.15,-0.02291,止损
2026-01-23,603179.SSE,sell,2026-01-22 09:35:00,2026-01-23 09:35:00,241.96,236.045,28,-191.59,-0.02445,止损
2026-01-23,605277.SSE,sell,2026-01-22 11:06:00,2026-01-23 09:35:00,61.0988,59.4992,137,-242.74,-0.02618,止损
2026-01-23,000570.SZSE,sell,2026-01-22 10:01:00,2026-01-23 10:26:00,29.881,29.7729,315,-58.39,-0.00362,模型转空
2026-01-26,300780.SZSE,sell,2026-01-23 09:35:00,2026-01-26 09:35:00,31.48,29.31,292,-658.68,-0.06893,止损
2026-01-26,601933.SSE,sell,2026-01-23 10:27:00,2026-01-26 09:35:00,44.3232,43.3632,218,-234.65,-0.02166,止损
2026-01-26,002459.SZSE,sell,2026-01-23 09:35:00,2026-01-26 13:01:00,33.4042,33.3023,270,-51.34,-0.00305,模型转空
2026-01-26,300818.SZSE,sell,2026-01-23 09:35:00,2026-01-26 14:24:00,90.7577,104.7017,106,1461.99,0.15364,模型转空
2026-01-26,600487.SSE,sell,2026-01-23 09:35:00,2026-01-26 14:42:00,279.1094,297.5621,32,566.64,0.06611,模型转空
2026-01-27,300606.SZSE,sell,2026-01-26 09:35:00,2026-01-27 09:35:00,52.33,50.44,129,-265.34,-0.03612,止损
2026-01-27,600789.SSE,sell,2026-01-26 13:01:00,2026-01-27 09:36:00,30.6743,29.8699,293,-259.97,-0.02622,止损
2026-01-27,002659.SZSE,sell,2026-01-26 09:35:00,2026-01-27 09:43:00,14.183,13.883,684,-230.05,-0.02115,止损
2026-01-27,603132.SSE,sell,2026-01-26 14:27:00,2026-01-27 14:31:00,19.996,21.826,449,797.79,0.09152,模型转空
2026-01-28,300179.SZSE,sell,2026-01-27 09:36:00,2026-01-28 10:39:00,127.0548,132.9355,64,357.63,0.04628,模型转空
2026-01-28,300825.SZSE,sell,2026-01-27 09:35:00,2026-01-28 10:56:00,15.42,15.105,599,-212.87,-0.02043,止损
2026-01-28,000768.SZSE,sell,2026-01-27 09:43:00,2026-01-28 13:39:00,265.8253,265.0532,32,-48.78,-0.0029,模型转空
2026-01-28,600487.SSE,sell,2026-01-27 09:35:00,2026-01-28 13:59:00,298.2015,320.2169,32,679.67,0.07383,模型转空
2026-01-29,301067.SZSE,sell,2026-01-28 09:35:00,2026-01-29 09:35:00,68.34,66.756,108,-192.42,-0.02318,止损
2026-01-29,300882.SZSE,sell,2026-01-28 10:56:00,2026-01-29 09:37:00,43.4652,42.5734,204,-206.17,-0.02052,止损
2026-01-29,000426.SZSE,sell,2026-01-28 13:40:00,2026-01-29 10:17:00,1805.4384,1766.6594,3,-166.59,-0.02148,止损
2026-01-29,002890.SZSE,sell,2026-01-28 14:02:00,2026-01-29 13:02:00,44.2378,43.346,191,-193.11,-0.02016,止损
2026-01-29,002734.SZSE,sell,2026-01-28 10:40:00,2026-01-29 14:26:00,63.622,65.5756,147,264.26,0.03071,模型转空
2026-01-30,000933.SZSE,sell,2026-01-29 09:35:00,2026-01-30 09:35:00,461.8492,433.2301,14,-448.49,-0.06197,止损
2026-01-30,002459.SZSE,sell,2026-01-29 10:17:00,2026-01-30 09:35:00,33.5062,32.5634,270,-278.94,-0.02814,止损
2026-01-30,002601.SZSE,sell,2026-01-29 09:37:00,2026-01-30 10:05:00,224.2447,219.6247,36,-189.81,-0.0206,止损
2026-01-30,601155.SSE,sell,2026-01-29 14:27:00,2026-01-30 10:16:00,31.62,30.983,301,-216.15,-0.02015,止损
2026-01-30,300886.SZSE,sell,2026-01-29 13:02:00,2026-01-30 14:25:00,36.7686,37.5356,226,150.81,0.02086,模型转空
2026-02-02,301171.SZSE,sell,2026-01-30 10:05:00,2026-02-02 09:35:00,73.111,69.911,76,-262.71,-0.04377,止损
2026-02-02,603331.SSE,sell,2026-01-30 14:28:00,2026-02-02 13:51:00,23.576,24.64,390,391.45,0.04513,模型转空
2026-02-02,600487.SSE,sell,2026-01-30 09:35:00,2026-02-02 13:56:00,311.63,336.1118,32,757.91,0.07856,模型转空
2026-02-02,002809.SZSE,sell,2026-01-30 09:35:00,2026-02-02 13:58:00,38.5545,41.0535,240,576.12,0.06482,模型转空
2026-02-02,301018.SZSE,sell,2026-01-30 10:16:00,2026-02-02 14:50:00,64.73,69.81,141,695.29,0.07848,尾盘平仓
2026-02-03,300030.SZSE,sell,2026-02-02 13:53:00,2026-02-03 11:19:00,33.688,33.608,288,-47.88,-0.00237,模型转空
2026-02-03,301539.SZSE,sell,2026-02-02 14:11:00,2026-02-03 13:19:00,21.45,21.5,389,-3.24,0.00233,模型转空
2026-02-03,300780.SZSE,sell,2026-02-02 09:35:00,2026-02-03 14:39:00,30.64,30.36,292,-105.53,-0.00914,模型转空
2026-02-03,000995.SZSE,sell,2026-02-02 13:58:00,2026-02-03 14:50:00,29.5247,32.4738,296,850.8,0.09989,尾盘平仓
2026-02-04,603956.SSE,sell,2026-02-03 11:19:00,2026-02-04 10:35:00,7.5193,7.7193,1327,240.13,0.0266,模型转空
2026-02-04,603988.SSE,sell,2026-02-03 09:35:00,2026-02-04 13:44:00,95.0616,96.1788,90,78.37,0.01175,模型转空
2026-02-04,000878.SZSE,sell,2026-02-03 13:39:00,2026-02-04 14:14:00,76.6652,78.2167,119,161.36,0.02024,模型转空
2026-02-05,600487.SSE,sell,2026-02-04 09:35:00,2026-02-05 09:35:00,354.1991,338.7609,21,-350.7,-0.04359,止损
2026-02-05,600149.SSE,sell,2026-02-04 10:39:00,2026-02-05 09:35:00,18.194,17.2436,519,-517.2,-0.05224,止损
2026-02-05,002734.SZSE,sell,2026-02-04 09:35:00,2026-02-05 09:53:00,66.4375,65.0297,147,-232.86,-0.02119,止损
2026-02-05,600325.SSE,sell,2026-02-04 14:23:00,2026-02-05 10:06:00,51.29,51.6063,191,35.53,0.00617,模型转空
2026-02-05,603334.SSE,sell,2026-02-04 13:47:00,2026-02-05 14:50:00,53.71,59.08,98,512.42,0.09998,尾盘平仓
2026-02-06,300606.SZSE,sell,2026-02-05 09:35:00,2026-02-06 09:35:00,47.095,45.55,194,-324.37,-0.03281,止损
2026-02-06,300922.SZSE,sell,2026-02-05 09:53:00,2026-02-06 10:00:00,33.404,32.732,270,-204.99,-0.02012,止损
2026-02-06,002012.SZSE,sell,2026-02-05 10:06:00,2026-02-06 11:12:00,34.8162,34.8162,272,-24.4,0.0,模型转空
2026-02-06,603324.SSE,sell,2026-02-05 09:35:00,2026-02-06 13:26:00,32.9996,32.9876,240,-24.93,-0.00036,模型转空
2026-02-09,600487.SSE,sell,2026-02-06 13:26:00,2026-02-09 09:35:00,354.1991,342.1409,21,-278.62,-0.03404,止损
2026-02-09,603313.SSE,sell,2026-02-06 11:12:00,2026-02-09 10:06:00,18.7522,18.786,494,-7.4,0.0018,模型转空
2026-02-09,601678.SSE,sell,2026-02-06 10:00:00,2026-02-09 10:21:00,23.4016,23.7526,414,120.57,0.015,模型转空
2026-02-09,301170.SZSE,sell,2026-02-06 09:35:00,2026-02-09 10:29:00,30.72,31.13,289,95.2,0.01335,模型转空
2026-02-09,000933.SZSE,sell,2026-02-06 09:35:00,2026-02-09 11:16:00,396.0933,406.428,22,208.3,0.02609,模型转空
2026-02-10,002138.SZSE,sell,2026-02-09 10:31:00,2026-02-10 10:23:00,245.455,243.8755,31,-71.44,-0.00643,模型转空
2026-02-10,300836.SZSE,sell,2026-02-09 10:06:00,2026-02-10 11:03:00,113.6046,113.6423,52,-17.06,0.00033,模型转空
2026-02-10,300324.SZSE,sell,2026-02-09 09:35:00,2026-02-10 11:09:00,140.9655,141.9277,70,42.94,0.00683,模型转空
2026-02-10,002534.SZSE,sell,2026-02-09 10:32:00,2026-02-10 11:17:00,39.937,40.009,237,-7.33,0.0018,模型转空
2026-02-10,002438.SZSE,sell,2026-02-09 11:16:00,2026-02-10 14:21:00,76.76,80.84,117,454.23,0.05315,模型转空
2026-02-11,002361.SZSE,sell,2026-02-10 11:17:00,2026-02-11 09:35:00,128.87,124.07,69,-354.47,-0.03725,止损
2026-02-11,301018.SZSE,sell,2026-02-10 11:09:00,2026-02-11 13:16:00,78.62,77.03,70,-131.03,-0.02022,止损
2026-02-11,603960.SSE,sell,2026-02-10 14:23:00,2026-02-11 13:40:00,77.8232,77.9462,124,-9.43,0.00158,模型转空
2026-02-11,002012.SZSE,sell,2026-02-10 10:23:00,2026-02-11 13:44:00,35.7882,37.6836,272,490.46,0.05296,模型转空
2026-02-11,000960.SZSE,sell,2026-02-10 11:06:00,2026-02-11 14:20:00,116.229,118.7505,61,134.75,0.02169,模型转空
2026-02-12,002270.SZSE,sell,2026-02-11 14:02:00,2026-02-12 09:40:00,74.1041,72.5441,130,-227.67,-0.02105,止损
2026-02-12,002890.SZSE,sell,2026-02-11 09:35:00,2026-02-12 13:01:00,45.2315,44.8748,191,-91.24,-0.00789,模型转空
2026-02-12,000426.SZSE,sell,2026-02-11 13:52:00,2026-02-12 14:20:00,1332.3348,1333.1371,3,-14.62,0.0006,模型转空
2026-02-12,600487.SSE,sell,2026-02-11 13:28:00,2026-02-12 14:36:00,386.811,395.3979,21,160.56,0.0222,模型转空
2026-02-13,603191.SSE,sell,2026-02-12 14:44:00,2026-02-13 09:35:00,24.59,23.52,389,-440.79,-0.04351,止损
2026-02-13,600490.SSE,sell,2026-02-12 13:01:00,2026-02-13 09:38:00,133.1709,130.0918,73,-251.19,-0.02312,止损
2026-02-13,300037.SZSE,sell,2026-02-12 09:40:00,2026-02-13 13:22:00,341.716,347.5336,16,77.04,0.01702,模型转空
2026-02-13,603960.SSE,sell,2026-02-12 09:35:00,2026-02-13 13:23:00,78.4691,87.6042,124,1109.12,0.11642,模型转空
2026-02-24,300229.SZSE,sell,2026-02-13 09:35:00,2026-02-24 09:35:00,127.1545,118.6375,75,-670.2,-0.06698,止损
2026-02-24,300536.SZSE,sell,2026-02-13 09:35:00,2026-02-24 09:35:00,29.7025,28.9465,312,-260.01,-0.02545,止损
2026-02-24,605133.SSE,sell,2026-02-13 09:38:00,2026-02-24 09:45:00,42.795,41.937,222,-215.51,-0.02005,止损
2026-02-24,603331.SSE,sell,2026-02-13 13:37:00,2026-02-24 14:09:00,29.414,30.212,325,235.1,0.02713,模型转空
2026-02-24,000426.SZSE,sell,2026-02-13 13:25:00,2026-02-24 14:33:00,1282.8582,1360.1487,7,558.19,0.06025,模型转空
2026-02-25,000548.SZSE,sell,2026-02-24 09:35:00,2026-02-25 10:22:00,22.0757,22.467,431,144.23,0.01772,模型转空
2026-02-25,603076.SSE,sell,2026-02-24 09:35:00,2026-02-25 10:24:00,39.054,38.858,201,-61.37,-0.00502,模型转空
2026-02-25,002809.SZSE,sell,2026-02-24 14:16:00,2026-02-25 11:30:00,38.8605,38.988,240,6.42,0.00328,模型转空
2026-02-25,300179.SZSE,sell,2026-02-24 14:42:00,2026-02-25 14:10:00,149.9832,154.1413,64,244.03,0.02772,模型转空
2026-02-25,002971.SZSE,sell,2026-02-24 09:45:00,2026-02-25 14:22:00,43.69,44.366,227,128.52,0.01547,模型转空
2026-02-26,002361.SZSE,sell,2026-02-25 10:25:00,2026-02-26 09:37:00,122.47,119.67,80,-250.22,-0.02286,止损
2026-02-26,603826.SSE,sell,2026-02-25 14:24:00,2026-02-26 09:44:00,37.8434,37.079,249,-214.52,-0.0202,止损
2026-02-26,600231.SSE,sell,2026-02-25 13:01:00,2026-02-26 10:05:00,21.1264,20.6833,463,-229.86,-0.02098,止损
2026-02-26,300919.SZSE,sell,2026-02-25 10:28:00,2026-02-26 13:32:00,82.8369,82.3049,67,-54.16,-0.00642,模型转空
2026-02-26,000960.SZSE,sell,2026-02-25 14:10:00,2026-02-26 13:32:00,130.2408,130.4004,61,-12.38,0.00123,模型转空
2026-02-27,300433.SZSE,sell,2026-02-26 09:44:00,2026-02-27 09:35:00,203.4489,198.3731,34,-196.92,-0.02495,止损
2026-02-27,300179.SZSE,sell,2026-02-26 09:37:00,2026-02-27 09:46:00,161.8038,158.0023,48,-206.24,-0.0235,止损
2026-02-27,000768.SZSE,sell,2026-02-26 13:35:00,2026-02-27 11:27:00,277.4941,271.8314,32,-210.53,-0.02041,止损
2026-02-27,002361.SZSE,sell,2026-02-26 10:08:00,2026-02-27 13:44:00,121.43,120.31,80,-114.95,-0.00922,模型转空
2026-02-27,000534.SZSE,sell,2026-02-26 13:41:00,2026-02-27 13:54:00,132.4015,133.2818,57,29.02,0.00665,模型转空
2026-03-02,603097.SSE,sell,2026-02-27 09:47:00,2026-03-02 09:36:00,39.22,38.43,208,-187.23,-0.02014,止损
2026-03-02,600490.SSE,sell,2026-02-27 11:27:00,2026-03-02 13:08:00,132.5016,136.2501,73,250.68,0.02829,模型转空
2026-03-02,600487.SSE,sell,2026-02-27 09:35:00,2026-03-02 14:50:00,418.5095,463.6364,21,938.71,0.10783,尾盘平仓
2026-03-02,000426.SZSE,sell,2026-02-27 13:45:00,2026-03-02 14:50:00,1432.8927,1577.5784,3,527.37,0.10097,尾盘平仓
2026-03-02,600108.SSE,sell,2026-02-27 13:57:00,2026-03-02 14:50:00,45.4969,50.2899,217,1014.52,0.10535,尾盘平仓
2026-03-03,002321.SZSE,sell,2026-03-02 09:36:00,2026-03-03 13:09:00,5.3533,5.3948,1863,52.05,0.00775,模型转空
2026-03-03,000933.SZSE,sell,2026-03-02 13:10:00,2026-03-03 14:46:00,421.9868,430.1637,22,159.02,0.01938,模型转空
2026-03-04,601918.SSE,sell,2026-03-03 09:35:00,2026-03-04 09:35:00,13.248,12.926,694,-247.46,-0.02431,止损
2026-03-04,000716.SZSE,sell,2026-03-03 09:35:00,2026-03-04 09:35:00,25.2958,23.645,375,-644.27,-0.06526,止损
2026-03-04,002405.SZSE,sell,2026-03-03 09:35:00,2026-03-04 09:35:00,43.5477,40.7483,221,-645.51,-0.06428,止损
2026-03-04,300191.SZSE,sell,2026-03-03 13:09:00,2026-03-04 09:35:00,213.52,188.12,24,-646.4,-0.11896,止损
2026-03-05,600230.SSE,sell,2026-03-04 09:35:00,2026-03-05 09:37:00,48.2361,47.2492,188,-209.93,-0.02046,止损
2026-03-05,603334.SSE,sell,2026-03-04 09:35:00,2026-03-05 09:37:00,55.54,54.22,98,-148.75,-0.02377,止损
2026-03-05,301206.SZSE,sell,2026-03-04 09:35:00,2026-03-05 09:50:00,45.61,45.61,170,-21.83,0.0,模型转空
2026-03-05,300161.SZSE,sell,2026-03-04 09:35:00,2026-03-05 10:26:00,45.75,46.965,195,214.19,0.02656,模型转空
2026-03-05,603687.SSE,sell,2026-03-04 09:35:00,2026-03-05 13:02:00,10.6503,10.8903,884,187.65,0.02253,模型转空
2026-03-06,000727.SZSE,sell,2026-03-05 09:37:00,2026-03-06 09:35:00,15.7918,14.8549,625,-610.45,-0.05933,止损
2026-03-06,601727.SSE,sell,2026-03-05 09:51:00,2026-03-06 13:11:00,10.1997,10.1097,897,-104.62,-0.00882,模型转空
2026-03-06,301067.SZSE,sell,2026-03-05 10:28:00,2026-03-06 13:53:00,62.058,63.66,108,152.93,0.02581,模型转空
2026-03-06,301178.SZSE,sell,2026-03-05 09:37:00,2026-03-06 13:54:00,67.4748,72.7248,100,509.09,0.07781,模型转空
2026-03-06,603097.SSE,sell,2026-03-05 13:04:00,2026-03-06 14:50:00,37.88,41.6,208,753.9,0.0982,尾盘平仓
2026-03-09,603709.SSE,sell,2026-03-06 14:01:00,2026-03-09 09:46:00,29.5488,28.956,331,-221.45,-0.02006,止损
2026-03-09,002809.SZSE,sell,2026-03-06 13:56:00,2026-03-09 10:10:00,37.7895,37.0245,240,-207.55,-0.02024,止损
2026-03-09,605001.SSE,sell,2026-03-06 13:13:00,2026-03-09 13:04:00,11.12,11.094,836,-45.87,-0.00234,模型转空
2026-03-09,603334.SSE,sell,2026-03-06 09:35:00,2026-03-09 13:55:00,54.82,55.94,98,92.4,0.02043,模型转空
2026-03-10,601666.SSE,sell,2026-03-09 09:48:00,2026-03-10 09:35:00,32.0677,31.123,286,-294.14,-0.02946,止损
2026-03-10,002769.SZSE,sell,2026-03-09 09:35:00,2026-03-10 10:22:00,57.0763,57.8761,172,112.57,0.01401,模型转空
2026-03-10,002012.SZSE,sell,2026-03-09 10:15:00,2026-03-10 13:01:00,36.177,37.392,272,305.33,0.03358,模型转空
2026-03-10,000426.SZSE,sell,2026-03-09 13:05:00,2026-03-10 13:28:00,1295.4279,1358.2766,7,449.13,0.04852,模型转空
2026-03-10,002730.SZSE,sell,2026-03-09 13:59:00,2026-03-10 13:38:00,44.1,46.08,217,406.52,0.0449,模型转空
2026-03-11,301618.SZSE,sell,2026-03-10 09:35:00,2026-03-11 10:23:00,70.498,70.61,101,-9.52,0.00159,模型转空
2026-03-11,600376.SSE,sell,2026-03-10 13:01:00,2026-03-11 13:38:00,56.4899,57.0374,169,68.37,0.00969,模型转空
2026-03-11,002890.SZSE,sell,2026-03-10 13:31:00,2026-03-11 13:52:00,42.4542,42.8364,229,62.76,0.009,模型转空
2026-03-11,600487.SSE,sell,2026-03-10 10:26:00,2026-03-11 14:00:00,457.3332,477.887,21,413.45,0.04494,模型转空
2026-03-11,600108.SSE,sell,2026-03-10 13:47:00,2026-03-11 14:50:00,69.4618,76.6512,138,973.28,0.1035,尾盘平仓
2026-03-12,600433.SSE,sell,2026-03-11 13:51:00,2026-03-12 11:27:00,26.5919,26.0153,367,-236.58,-0.02168,止损
2026-03-12,000066.SZSE,sell,2026-03-11 10:23:00,2026-03-12 13:47:00,178.9302,178.225,47,-56.44,-0.00394,模型转空
2026-03-12,002831.SZSE,sell,2026-03-11 14:08:00,2026-03-12 13:50:00,83.8761,82.1658,115,-221.53,-0.02039,止损
2026-03-13,301002.SZSE,sell,2026-03-12 09:35:00,2026-03-13 09:35:00,57.935,55.881,144,-320.25,-0.03545,止损
2026-03-13,600487.SSE,sell,2026-03-12 09:35:00,2026-03-13 09:35:00,496.431,479.8053,10,-195.32,-0.03349,止损
2026-03-13,002361.SZSE,sell,2026-03-12 11:28:00,2026-03-13 09:35:00,116.31,111.51,80,-410.34,-0.04127,止损
2026-03-16,600487.SSE,sell,2026-03-13 09:35:00,2026-03-16 09:35:00,479.8053,457.5159,10,-255.43,-0.04646,止损
2026-03-16,300196.SZSE,sell,2026-03-13 09:35:00,2026-03-16 09:43:00,67.3962,65.8602,138,-236.53,-0.02279,止损
2026-03-16,603231.SSE,sell,2026-03-13 09:35:00,2026-03-16 11:15:00,19.8,19.4,467,-210.77,-0.0202,止损
2026-03-16,300801.SZSE,sell,2026-03-13 09:35:00,2026-03-16 13:29:00,54.9986,55.0346,153,-17.32,0.00065,模型转空
2026-03-16,603041.SSE,sell,2026-03-13 09:35:00,2026-03-16 13:38:00,20.404,20.404,448,-23.91,0.0,模型转空
2026-03-17,600108.SSE,sell,2026-03-16 09:35:00,2026-03-17 09:35:00,77.3702,73.0565,121,-548.22,-0.05575,止损
2026-03-17,300606.SZSE,sell,2026-03-16 14:35:00,2026-03-17 10:12:00,62.26,61.0,129,-185.62,-0.02024,止损
2026-03-17,603313.SSE,sell,2026-03-16 09:43:00,2026-03-17 10:13:00,17.6537,17.6368,543,-33.77,-0.00096,模型转空
2026-03-17,300836.SZSE,sell,2026-03-16 11:18:00,2026-03-17 14:09:00,106.8562,111.3237,52,215.02,0.04181,模型转空
2026-03-18,300818.SZSE,sell,2026-03-17 09:35:00,2026-03-18 09:35:00,85.5077,82.4837,106,-346.29,-0.03537,止损
2026-03-18,600403.SSE,sell,2026-03-17 09:35:00,2026-03-18 09:35:00,38.853,37.8234,254,-286.52,-0.0265,止损
2026-03-18,301228.SZSE,sell,2026-03-17 10:13:00,2026-03-18 09:35:00,45.62,44.48,199,-250.83,-0.02499,止损
2026-03-18,603992.SSE,sell,2026-03-17 14:29:00,2026-03-18 09:35:00,35.03,33.66,273,-399.13,-0.03911,止损
2026-03-18,300536.SZSE,sell,2026-03-17 10:13:00,2026-03-18 14:22:00,27.151,28.978,343,602.94,0.06729,模型转空
2026-03-19,301638.SZSE,sell,2026-03-18 09:35:00,2026-03-19 09:35:00,32.65,30.66,299,-619.6,-0.06095,止损
2026-03-19,600810.SSE,sell,2026-03-18 09:35:00,2026-03-19 09:35:00,47.6673,45.0603,201,-548.54,-0.05469,止损
2026-03-19,301002.SZSE,sell,2026-03-18 09:35:00,2026-03-19 09:36:00,51.11,50.07,144,-171.89,-0.02035,止损
2026-03-19,002887.SZSE,sell,2026-03-18 09:35:00,2026-03-19 13:31:00,51.648,50.712,188,-201.19,-0.01812,模型转空
2026-03-19,603687.SSE,sell,2026-03-18 14:23:00,2026-03-19 14:50:00,11.3103,12.4203,884,955.13,0.09814,尾盘平仓
2026-03-20,605001.SSE,sell,2026-03-19 09:35:00,2026-03-20 09:35:00,11.107,10.86,836,-230.57,-0.02224,止损
2026-03-20,600487.SSE,sell,2026-03-19 09:35:00,2026-03-20 09:35:00,415.4036,404.6243,21,-253.34,-0.02595,止损
2026-03-20,605133.SSE,sell,2026-03-19 09:36:00,2026-03-20 09:55:00,37.088,36.334,222,-190.43,-0.02033,止损
2026-03-23,301515.SZSE,sell,2026-03-20 09:35:00,2026-03-23 09:35:00,23.688,22.028,389,-670.51,-0.07008,止损
2026-03-23,600490.SSE,sell,2026-03-20 09:35:00,2026-03-23 09:35:00,105.4588,97.4263,88,-732.56,-0.07617,止损
2026-03-23,300970.SZSE,sell,2026-03-20 10:02:00,2026-03-23 09:35:00,49.54,46.88,183,-512.26,-0.05369,止损
2026-03-23,603337.SSE,sell,2026-03-20 09:35:00,2026-03-23 09:50:00,98.1496,95.8748,85,-216.51,-0.02318,止损
2026-03-23,600930.SSE,sell,2026-03-20 09:35:00,2026-03-23 14:26:00,6.91,6.97,1379,58.19,0.00868,模型转空
2026-03-24,300403.SZSE,sell,2026-03-23 09:35:00,2026-03-24 09:40:00,61.4375,60.0875,159,-240.62,-0.02197,止损
2026-03-24,300978.SZSE,sell,2026-03-23 09:50:00,2026-03-24 09:42:00,12.67,12.38,754,-243.18,-0.02289,止损
2026-03-24,603331.SSE,sell,2026-03-23 09:35:00,2026-03-24 09:44:00,22.582,22.12,390,-203.81,-0.02046,止损
2026-03-24,300980.SZSE,sell,2026-03-23 09:35:00,2026-03-24 14:01:00,49.6054,55.8604,191,1172.23,0.1261,模型转空
2026-03-24,002753.SZSE,sell,2026-03-23 14:32:00,2026-03-24 14:28:00,27.9675,28.6425,355,214.33,0.02414,模型转空
2026-03-26,301638.SZSE,sell,2026-03-25 09:35:00,2026-03-26 09:35:00,30.63,28.6,299,-630.63,-0.06627,止损
2026-03-26,300606.SZSE,sell,2026-03-25 09:35:00,2026-03-26 09:35:00,57.175,55.93,129,-182.68,-0.02178,止损
2026-03-26,300886.SZSE,sell,2026-03-25 09:35:00,2026-03-26 11:21:00,36.4306,37.2496,226,162.69,0.02248,模型转空
2026-03-26,301170.SZSE,sell,2026-03-25 09:35:00,2026-03-26 13:09:00,28.81,28.22,289,-193.55,-0.02048,止损
2026-03-26,301539.SZSE,sell,2026-03-25 09:35:00,2026-03-26 13:56:00,19.3,19.07,487,-136.18,-0.01192,模型转空
2026-03-27,300825.SZSE,sell,2026-03-26 09:35:00,2026-03-27 09:35:00,13.125,12.375,733,-574.07,-0.05714,止损
2026-03-27,301515.SZSE,sell,2026-03-26 09:35:00,2026-03-27 09:35:00,22.648,22.118,389,-229.83,-0.0234,止损
2026-03-27,600487.SSE,sell,2026-03-26 13:10:00,2026-03-27 09:35:00,456.237,441.8037,21,-332.58,-0.03164,止损
2026-03-27,603687.SSE,sell,2026-03-26 13:57:00,2026-03-27 09:35:00,16.7503,15.4203,589,-808.09,-0.0794,止损
2026-03-27,603889.SSE,sell,2026-03-26 11:21:00,2026-03-27 10:31:00,52.7816,52.5086,186,-75.79,-0.00517,模型转空
