datetime,symbol,direction,price,volume,commission,amount,strategy
2022-02-08,300398.SZSE,买入,128.20020000000002,100.0,5.13,12820.02,SignalRankStrategy
2022-02-08,000860.SZSE,买入,98.88387020000009,100.0,5.1,9888.39,SignalRankStrategy
2022-02-08,002639.SZSE,买入,31.34248,500.0,5.16,15671.24,SignalRankStrategy
2022-02-08,300318.SZSE,买入,50.100448527488,300.0,5.15,15030.13,SignalRankStrategy
2022-02-08,300439.SZSE,买入,49.470295000000014,300.0,5.15,14841.09,SignalRankStrategy
2022-02-08,300624.SZSE,买入,66.394,200.0,5.13,13278.8,SignalRankStrategy
2022-02-08,300860.SZSE,买入,117.746,100.0,5.12,11774.6,SignalRankStrategy
2022-02-08,600882.SSE,买入,114.12258647837525,100.0,5.11,11412.26,SignalRankStrategy
2022-02-08,600986.SSE,买入,33.412270400000004,400.0,5.13,13364.91,SignalRankStrategy
2022-02-08,300149.SZSE,买入,76.31328520000001,200.0,5.15,15262.66,SignalRankStrategy
2022-02-08,300075.SZSE,买入,144.1512765,100.0,5.14,14415.13,SignalRankStrategy
2022-02-08,000503.SZSE,买入,84.74396360000001,100.0,5.08,8474.4,SignalRankStrategy
2022-02-08,002214.SZSE,买入,77.52379599999995,200.0,5.16,15504.76,SignalRankStrategy
2022-02-08,002232.SZSE,买入,53.504760000000005,200.0,5.11,10700.95,SignalRankStrategy
2022-02-08,300031.SZSE,买入,130.58,100.0,5.13,13058.0,SignalRankStrategy
2022-02-08,300219.SZSE,买入,63.740066000000006,200.0,5.13,12748.01,SignalRankStrategy
2022-02-08,300685.SZSE,买入,156.97600000000003,100.0,5.16,15697.6,SignalRankStrategy
2022-02-08,600105.SSE,买入,55.159647275166,200.0,5.11,11031.93,SignalRankStrategy
2022-02-08,603533.SSE,买入,19.304000000000002,800.0,5.15,15443.2,SignalRankStrategy
2022-02-08,603960.SSE,买入,86.15937520000003,100.0,5.09,8615.94,SignalRankStrategy
2022-02-08,688018.SSE,买入,144.885,100.0,5.14,14488.5,SignalRankStrategy
2022-02-08,300671.SZSE,买入,115.16840000000002,100.0,5.12,11516.84,SignalRankStrategy
2022-02-08,600812.SSE,买入,35.72754734647137,400.0,5.14,14291.02,SignalRankStrategy
2022-02-08,300311.SZSE,买入,57.30689509427305,200.0,5.11,11461.38,SignalRankStrategy
2022-02-08,600129.SSE,买入,58.03822000000002,200.0,5.12,11607.64,SignalRankStrategy
2022-03-08,000503.SZSE,卖出,91.09512840000001,100.0,14.2,9109.51,SignalRankStrategy
2022-03-08,000860.SZSE,卖出,92.45741820000005,100.0,14.34,9245.74,SignalRankStrategy
2022-03-08,002214.SZSE,卖出,69.05579599999994,200.0,18.95,13811.16,SignalRankStrategy
2022-03-08,002232.SZSE,卖出,53.61355999999999,200.0,15.83,10722.71,SignalRankStrategy
2022-03-08,002639.SZSE,卖出,37.62248,500.0,24.0,18811.24,SignalRankStrategy
2022-03-08,300031.SZSE,卖出,121.38,100.0,17.26,12138.0,SignalRankStrategy
2022-03-08,300075.SZSE,卖出,152.23127649999998,100.0,20.38,15223.13,SignalRankStrategy
2022-03-08,300149.SZSE,卖出,81.33328520000002,200.0,21.43,16266.66,SignalRankStrategy
2022-03-08,300219.SZSE,卖出,56.32006600000001,200.0,16.38,11264.01,SignalRankStrategy
2022-03-08,300311.SZSE,卖出,66.80706021575566,200.0,18.5,13361.41,SignalRankStrategy
2022-03-08,300318.SZSE,卖出,50.97289588748801,300.0,20.44,15291.87,SignalRankStrategy
2022-03-08,300398.SZSE,卖出,152.8594,100.0,20.44,15285.94,SignalRankStrategy
2022-03-08,300439.SZSE,卖出,48.340295000000005,300.0,19.65,14502.09,SignalRankStrategy
2022-03-08,300624.SZSE,卖出,59.76600000000002,200.0,17.07,11953.2,SignalRankStrategy
2022-03-08,300671.SZSE,卖出,142.412,100.0,19.38,14241.2,SignalRankStrategy
2022-03-08,300685.SZSE,卖出,146.02100000000004,100.0,19.75,14602.1,SignalRankStrategy
2022-03-08,600105.SSE,卖出,53.862007913986,200.0,15.88,10772.4,SignalRankStrategy
2022-03-08,600129.SSE,卖出,64.10830400000002,200.0,17.95,12821.66,SignalRankStrategy
2022-03-08,600812.SSE,卖出,34.669480816971365,400.0,19.01,13867.79,SignalRankStrategy
2022-03-08,600882.SSE,卖出,105.34710071108984,100.0,15.64,10534.71,SignalRankStrategy
2022-03-08,600986.SSE,卖出,33.1149024,400.0,18.38,13245.96,SignalRankStrategy
2022-03-08,603533.SSE,卖出,17.803999999999995,800.0,19.39,14243.2,SignalRankStrategy
2022-03-08,603960.SSE,卖出,72.02145320000002,100.0,12.27,7202.15,SignalRankStrategy
2022-03-08,688018.SSE,卖出,157.465,100.0,20.9,15746.5,SignalRankStrategy
2022-03-08,002530.SZSE,买入,28.642000000000003,500.0,5.14,14321.0,SignalRankStrategy
2022-03-08,603129.SSE,买入,114.76764000000001,100.0,5.11,11476.76,SignalRankStrategy
2022-03-08,603583.SSE,买入,94.76989999999999,100.0,5.09,9476.99,SignalRankStrategy
2022-03-08,688266.SSE,买入,38.21,400.0,5.15,15284.0,SignalRankStrategy
2022-03-08,688788.SSE,买入,91.83,100.0,5.09,9183.0,SignalRankStrategy
2022-03-08,603348.SSE,买入,37.82999999999999,400.0,5.15,15132.0,SignalRankStrategy
2022-03-08,300572.SZSE,买入,57.120344319999994,200.0,5.11,11424.07,SignalRankStrategy
2022-03-08,000950.SZSE,买入,15.045312499999998,1000.0,5.15,15045.31,SignalRankStrategy
2022-03-08,300065.SZSE,买入,119.4348762,100.0,5.12,11943.49,SignalRankStrategy
2022-03-08,605376.SSE,买入,55.5,200.0,5.11,11100.0,SignalRankStrategy
2022-03-08,603187.SSE,买入,83.82095999999999,100.0,5.08,8382.1,SignalRankStrategy
2022-03-08,002803.SZSE,买入,42.365531999999995,300.0,5.13,12709.66,SignalRankStrategy
2022-03-08,600933.SSE,买入,15.040000000000001,1000.0,5.15,15040.0,SignalRankStrategy
2022-03-08,002918.SZSE,买入,50.657999999999994,300.0,5.15,15197.4,SignalRankStrategy
2022-03-08,002036.SZSE,买入,114.83225464709506,100.0,5.11,11483.23,SignalRankStrategy
2022-03-08,002605.SZSE,买入,86.27698800000003,100.0,5.09,8627.7,SignalRankStrategy
2022-03-08,002906.SZSE,买入,42.71000000000001,300.0,5.13,12813.0,SignalRankStrategy
2022-03-08,603997.SSE,买入,17.632999999999992,900.0,5.16,15869.7,SignalRankStrategy
2022-03-08,688388.SSE,买入,99.18,100.0,5.1,9918.0,SignalRankStrategy
2022-03-08,688198.SSE,买入,157.20999999999998,100.0,5.16,15721.0,SignalRankStrategy
2022-03-08,688318.SSE,买入,136.55999999999997,100.0,5.14,13656.0,SignalRankStrategy
2022-03-08,002585.SZSE,买入,71.28860000000002,200.0,5.14,14257.72,SignalRankStrategy
2022-04-07,000950.SZSE,卖出,14.098124999999998,1000.0,19.24,14098.12,SignalRankStrategy
2022-04-07,002036.SZSE,卖出,103.35271363209509,100.0,15.44,10335.27,SignalRankStrategy
2022-04-07,002530.SZSE,卖出,30.510000000000005,500.0,20.41,15255.0,SignalRankStrategy
2022-04-07,002605.SZSE,卖出,89.496988,100.0,14.04,8949.7,SignalRankStrategy
2022-04-07,002803.SZSE,卖出,44.224032,300.0,18.4,13267.21,SignalRankStrategy
2022-04-07,002906.SZSE,卖出,37.040000000000006,300.0,16.22,11112.0,SignalRankStrategy
2022-04-07,002918.SZSE,卖出,51.964000000000006,300.0,20.75,15589.2,SignalRankStrategy
2022-04-07,300065.SZSE,卖出,118.47437620000002,100.0,16.97,11847.44,SignalRankStrategy
2022-04-07,300572.SZSE,卖出,48.89234432000001,200.0,14.88,9778.47,SignalRankStrategy
2022-04-07,300860.SZSE,卖出,108.92899999999997,100.0,16.0,10892.9,SignalRankStrategy
2022-04-07,600933.SSE,卖出,12.63,1000.0,17.76,12630.0,SignalRankStrategy
2022-04-07,603129.SSE,卖出,107.81764,100.0,15.89,10781.76,SignalRankStrategy
2022-04-07,603187.SSE,卖出,84.21255999999998,100.0,13.51,8421.26,SignalRankStrategy
2022-04-07,603348.SSE,卖出,36.79999999999999,400.0,19.87,14720.0,SignalRankStrategy
2022-04-07,603583.SSE,卖出,82.95559999999998,100.0,13.38,8295.56,SignalRankStrategy
2022-04-07,688198.SSE,卖出,149.39,100.0,20.09,14939.0,SignalRankStrategy
2022-04-07,688266.SSE,卖出,36.39000000000001,400.0,19.7,14556.0,SignalRankStrategy
2022-04-07,688318.SSE,卖出,131.68,100.0,18.3,13168.0,SignalRankStrategy
2022-04-07,688388.SSE,卖出,90.03,100.0,14.09,9003.0,SignalRankStrategy
2022-04-07,688788.SSE,卖出,76.53999999999999,100.0,12.73,7654.0,SignalRankStrategy
2022-04-07,300204.SZSE,买入,144.4697402612432,100.0,5.14,14446.97,SignalRankStrategy
2022-04-07,603305.SSE,买入,30.980000000000004,400.0,5.12,12392.0,SignalRankStrategy
2022-04-07,300709.SZSE,买入,59.197399999999995,200.0,5.12,11839.48,SignalRankStrategy
2022-04-07,300393.SZSE,买入,96.48444164640001,100.0,5.1,9648.44,SignalRankStrategy
2022-04-07,002534.SZSE,买入,36.76099999999998,400.0,5.15,14704.4,SignalRankStrategy
2022-04-07,300842.SZSE,买入,46.12,300.0,5.14,13836.0,SignalRankStrategy
2022-04-07,300747.SZSE,买入,131.04524999999995,100.0,5.13,13104.52,SignalRankStrategy
2022-04-07,601137.SSE,买入,31.5,400.0,5.13,12600.0,SignalRankStrategy
2022-04-07,002123.SZSE,买入,81.676,100.0,5.08,8167.6,SignalRankStrategy
2022-04-07,002531.SZSE,买入,98.7765432,100.0,5.1,9877.65,SignalRankStrategy
2022-04-07,600876.SSE,买入,32.5366,400.0,5.13,13014.64,SignalRankStrategy
2022-04-07,300679.SZSE,买入,109.1468,100.0,5.11,10914.68,SignalRankStrategy
2022-04-07,600773.SSE,买入,140.3572584402825,100.0,5.14,14035.73,SignalRankStrategy
2022-04-07,300768.SZSE,买入,27.840000000000003,500.0,5.14,13920.0,SignalRankStrategy
2022-04-07,603212.SSE,买入,18.710000000000004,800.0,5.15,14968.0,SignalRankStrategy
2022-04-07,688007.SSE,买入,20.800000000000004,700.0,5.15,14560.0,SignalRankStrategy
2022-04-07,688018.SSE,买入,126.185,100.0,5.13,12618.5,SignalRankStrategy
2022-04-07,688033.SSE,买入,17.334999999999997,800.0,5.14,13868.0,SignalRankStrategy
2022-04-07,688408.SSE,买入,79.14,100.0,5.08,7914.0,SignalRankStrategy
2022-04-12,605376.SSE,卖出,40.27,140.0,10.69,5637.8,__RISK_DRAWDOWN__
2022-04-12,603997.SSE,卖出,13.472999999999999,630.0,13.57,8487.99,__RISK_DRAWDOWN__
2022-04-12,002585.SZSE,卖出,53.287,140.0,12.53,7460.18,__RISK_DRAWDOWN__
2022-04-12,300204.SZSE,卖出,133.2339537828432,70.0,14.42,9326.38,__RISK_DRAWDOWN__
2022-04-12,603305.SSE,卖出,28.19,280.0,12.97,7893.2,__RISK_DRAWDOWN__
2022-04-12,300709.SZSE,卖出,55.10580000000001,140.0,12.79,7714.81,__RISK_DRAWDOWN__
2022-04-12,300393.SZSE,卖出,86.8081918432,70.0,11.14,6076.57,__RISK_DRAWDOWN__
2022-04-12,002534.SZSE,卖出,33.41099999999998,280.0,14.45,9355.08,__RISK_DRAWDOWN__
2022-04-12,300842.SZSE,卖出,41.35,210.0,13.77,8683.5,__RISK_DRAWDOWN__
2022-04-12,300747.SZSE,卖出,120.7315,70.0,13.54,8451.2,__RISK_DRAWDOWN__
2022-04-12,601137.SSE,卖出,29.559999999999995,280.0,13.36,8276.8,__RISK_DRAWDOWN__
2022-04-12,002123.SZSE,卖出,90.512,70.0,11.4,6335.84,__RISK_DRAWDOWN__
2022-04-12,002531.SZSE,卖出,92.7805432,70.0,11.56,6494.64,__RISK_DRAWDOWN__
2022-04-12,600876.SSE,卖出,31.451599999999996,280.0,13.89,8806.45,__RISK_DRAWDOWN__
2022-04-12,300679.SZSE,卖出,99.15839999999999,70.0,12.01,6941.09,__RISK_DRAWDOWN__
2022-04-12,600773.SSE,卖出,122.42198253503582,70.0,13.66,8569.54,__RISK_DRAWDOWN__
2022-04-12,300768.SZSE,卖出,25.41,350.0,13.98,8893.5,__RISK_DRAWDOWN__
2022-04-12,603212.SSE,卖出,17.439999999999998,560.0,14.86,9766.4,__RISK_DRAWDOWN__
2022-04-12,688007.SSE,卖出,18.949999999999996,490.0,14.38,9285.5,__RISK_DRAWDOWN__
2022-04-12,688018.SSE,卖出,114.015,70.0,13.06,7981.05,__RISK_DRAWDOWN__
2022-04-12,688033.SSE,卖出,16.474999999999998,560.0,14.32,9226.0,__RISK_DRAWDOWN__
2022-04-12,688408.SSE,卖出,69.49000000000001,70.0,9.91,4864.3,__RISK_DRAWDOWN__
2022-04-26,605376.SSE,卖出,37.93000000000001,60.0,7.3,2275.8,__RISK_DRAWDOWN__
2022-04-26,603997.SSE,卖出,11.853000000000002,270.0,8.23,3200.31,__RISK_DRAWDOWN__
2022-04-26,002585.SZSE,卖出,44.8032,60.0,7.72,2688.19,__RISK_DRAWDOWN__
2022-04-26,300204.SZSE,卖出,105.65299458124319,30.0,8.2,3169.59,__RISK_DRAWDOWN__
2022-04-26,603305.SSE,卖出,25.46,120.0,8.09,3055.2,__RISK_DRAWDOWN__
2022-04-26,300709.SZSE,卖出,47.66460000000001,60.0,7.89,2859.88,__RISK_DRAWDOWN__
2022-04-26,300393.SZSE,卖出,70.866809032,30.0,7.15,2126.0,__RISK_DRAWDOWN__
2022-04-26,002534.SZSE,卖出,28.334999999999994,120.0,8.43,3400.2,__RISK_DRAWDOWN__
2022-04-26,300842.SZSE,卖出,33.690000000000005,90.0,8.06,3032.1,__RISK_DRAWDOWN__
2022-04-26,300747.SZSE,卖出,103.8565,30.0,8.15,3115.69,__RISK_DRAWDOWN__
2022-04-26,601137.SSE,卖出,21.519999999999996,120.0,7.61,2582.4,__RISK_DRAWDOWN__
2022-04-26,002123.SZSE,卖出,64.592,30.0,6.96,1937.76,__RISK_DRAWDOWN__
2022-04-26,002531.SZSE,卖出,72.3325432,30.0,7.19,2169.98,__RISK_DRAWDOWN__
2022-04-26,600876.SSE,卖出,22.9458,120.0,7.78,2753.5,__RISK_DRAWDOWN__
2022-04-26,300679.SZSE,卖出,93.47219999999999,30.0,7.83,2804.17,__RISK_DRAWDOWN__
2022-04-26,600773.SSE,卖出,95.86337176322259,30.0,7.9,2875.9,__RISK_DRAWDOWN__
2022-04-26,300768.SZSE,卖出,21.83,150.0,8.31,3274.5,__RISK_DRAWDOWN__
2022-04-26,603212.SSE,卖出,18.07,240.0,9.38,4336.8,__RISK_DRAWDOWN__
2022-04-26,688007.SSE,卖出,15.62,210.0,8.31,3280.2,__RISK_DRAWDOWN__
2022-04-26,688018.SSE,卖出,103.25500000000001,30.0,8.13,3097.65,__RISK_DRAWDOWN__
2022-04-26,688033.SSE,卖出,14.795,240.0,8.59,3550.8,__RISK_DRAWDOWN__
2022-04-26,688408.SSE,卖出,52.22,30.0,6.58,1566.6,__RISK_DRAWDOWN__
2022-11-03,002585.SZSE,买入,43.234599999999986,300.0,5.13,12970.38,SignalRankStrategy
2022-11-03,603363.SSE,买入,17.746000000000006,700.0,5.12,12422.2,SignalRankStrategy
2022-11-03,002171.SZSE,买入,39.099672,300.0,5.12,11729.9,SignalRankStrategy
2022-11-03,300755.SZSE,买入,42.726,300.0,5.13,12817.8,SignalRankStrategy
2022-11-03,002645.SZSE,买入,79.86144000000002,100.0,5.08,7986.14,SignalRankStrategy
2022-11-03,300409.SZSE,买入,82.7009838,100.0,5.08,8270.1,SignalRankStrategy
2022-11-03,300068.SZSE,买入,47.68974800000001,200.0,5.1,9537.95,SignalRankStrategy
2022-11-03,002891.SZSE,买入,54.3634949,200.0,5.11,10872.7,SignalRankStrategy
2022-11-03,002967.SZSE,买入,29.010000000000005,400.0,5.12,11604.0,SignalRankStrategy
2022-11-03,600550.SSE,买入,26.720712,500.0,5.13,13360.36,SignalRankStrategy
2022-11-03,300457.SZSE,买入,117.92979625000002,100.0,5.12,11792.98,SignalRankStrategy
2022-11-03,600172.SSE,买入,51.72184000000002,200.0,5.1,10344.37,SignalRankStrategy
2022-11-03,603995.SSE,买入,38.286,300.0,5.11,11485.8,SignalRankStrategy
2022-11-03,603008.SSE,买入,38.725,300.0,5.12,11617.5,SignalRankStrategy
2022-11-03,002531.SZSE,买入,93.8085432,100.0,5.09,9380.85,SignalRankStrategy
2022-11-03,002641.SZSE,买入,28.329743999999998,400.0,5.11,11331.9,SignalRankStrategy
2022-11-03,600063.SSE,买入,79.946081549376,100.0,5.08,7994.61,SignalRankStrategy
2022-11-03,603055.SSE,买入,12.904000000000002,1000.0,5.13,12904.0,SignalRankStrategy
2022-11-03,600428.SSE,买入,41.422751999999996,300.0,5.12,12426.83,SignalRankStrategy
2022-11-03,000601.SZSE,买入,85.66697454190718,100.0,5.09,8566.7,SignalRankStrategy
2022-11-03,002612.SZSE,买入,45.39,300.0,5.14,13617.0,SignalRankStrategy
2022-11-03,002810.SZSE,买入,81.87144000000002,100.0,5.08,8187.14,SignalRankStrategy
2022-12-01,000601.SZSE,卖出,92.87070278258214,100.0,14.38,9287.07,SignalRankStrategy
2022-12-01,002171.SZSE,卖出,40.375672,300.0,17.23,12112.7,SignalRankStrategy
2022-12-01,002531.SZSE,卖出,107.3245432,100.0,15.84,10732.45,SignalRankStrategy
2022-12-01,002585.SZSE,卖出,56.05860000000001,300.0,21.99,16817.58,SignalRankStrategy
2022-12-01,002612.SZSE,卖出,54.11000000000001,300.0,21.4,16233.0,SignalRankStrategy
2022-12-01,002641.SZSE,卖出,30.331503999999992,400.0,17.25,12132.6,SignalRankStrategy
2022-12-01,002645.SZSE,卖出,85.995406,100.0,13.69,8599.54,SignalRankStrategy
2022-12-01,002810.SZSE,卖出,82.47160000000001,100.0,13.33,8247.16,SignalRankStrategy
2022-12-01,002891.SZSE,卖出,56.89349490000001,200.0,16.49,11378.7,SignalRankStrategy
2022-12-01,002967.SZSE,卖出,29.15,400.0,16.78,11660.0,SignalRankStrategy
2022-12-01,300068.SZSE,卖出,53.06974800000001,200.0,15.72,10613.95,SignalRankStrategy
2022-12-01,300409.SZSE,卖出,92.7249838,100.0,14.37,9272.5,SignalRankStrategy
2022-12-01,300457.SZSE,卖出,116.39104625,100.0,16.76,11639.1,SignalRankStrategy
2022-12-01,300755.SZSE,卖出,57.897999999999996,300.0,22.54,17369.4,SignalRankStrategy
2022-12-01,600063.SSE,卖出,86.82597718585596,100.0,13.77,8682.6,SignalRankStrategy
2022-12-01,600428.SSE,卖出,43.74035999999998,300.0,18.25,13122.11,SignalRankStrategy
2022-12-01,600550.SSE,卖出,29.000295999999995,500.0,19.65,14500.15,SignalRankStrategy
2022-12-01,603008.SSE,卖出,45.14,300.0,18.68,13542.0,SignalRankStrategy
2022-12-01,603055.SSE,卖出,14.102,1000.0,19.24,14102.0,SignalRankStrategy
2022-12-01,603995.SSE,卖出,46.85,300.0,19.2,14055.0,SignalRankStrategy
2022-12-01,688408.SSE,买入,86.27000000000001,100.0,5.09,8627.0,SignalRankStrategy
2022-12-01,688680.SSE,买入,136.35999999999999,100.0,5.14,13636.0,SignalRankStrategy
2022-12-01,688017.SSE,买入,140.924,100.0,5.14,14092.4,SignalRankStrategy
2022-12-01,603728.SSE,买入,38.6876,300.0,5.12,11606.28,SignalRankStrategy
2022-12-01,688268.SSE,买入,80.91,100.0,5.08,8091.0,SignalRankStrategy
2022-12-01,601677.SSE,买入,23.88600000000001,600.0,5.14,14331.6,SignalRankStrategy
2022-12-01,000710.SZSE,买入,46.079992,300.0,5.14,13824.0,SignalRankStrategy
2022-12-01,002258.SZSE,买入,106.62565149999998,100.0,5.11,10662.57,SignalRankStrategy
2022-12-01,002301.SZSE,买入,35.49999999999999,400.0,5.14,14200.0,SignalRankStrategy
2022-12-01,002895.SZSE,买入,24.29,600.0,5.15,14574.0,SignalRankStrategy
2022-12-01,300319.SZSE,买入,63.59829695721,200.0,5.13,12719.66,SignalRankStrategy
2022-12-01,300377.SZSE,买入,94.10999999999999,100.0,5.09,9411.0,SignalRankStrategy
2022-12-01,300497.SZSE,买入,84.83399999999999,100.0,5.08,8483.4,SignalRankStrategy
2022-12-01,300709.SZSE,买入,57.341,200.0,5.11,11468.2,SignalRankStrategy
2022-12-01,300762.SZSE,买入,51.46708000000001,200.0,5.1,10293.42,SignalRankStrategy
2022-12-01,300770.SZSE,买入,67.15000000000002,200.0,5.13,13430.0,SignalRankStrategy
2022-12-01,600072.SSE,买入,61.28867424048003,200.0,5.12,12257.73,SignalRankStrategy
2022-12-01,600206.SSE,买入,57.325645000000016,200.0,5.11,11465.13,SignalRankStrategy
2022-12-01,600552.SSE,买入,82.04727500000001,100.0,5.08,8204.73,SignalRankStrategy
2022-12-29,000710.SZSE,卖出,40.113296000000005,300.0,17.15,12033.99,SignalRankStrategy
2022-12-29,002258.SZSE,卖出,99.58879969999997,100.0,15.06,9958.88,SignalRankStrategy
2022-12-29,002301.SZSE,卖出,33.005,400.0,18.33,13202.0,SignalRankStrategy
2022-12-29,002895.SZSE,卖出,26.64,600.0,21.14,15984.0,SignalRankStrategy
2022-12-29,300319.SZSE,卖出,61.126411807210005,200.0,17.35,12225.28,SignalRankStrategy
2022-12-29,300377.SZSE,卖出,88.68999999999998,100.0,13.96,8869.0,SignalRankStrategy
2022-12-29,300497.SZSE,卖出,72.37239999999998,100.0,12.31,7237.24,SignalRankStrategy
2022-12-29,300709.SZSE,卖出,53.68932000000001,200.0,15.85,10737.86,SignalRankStrategy
2022-12-29,300762.SZSE,卖出,53.08548000000002,200.0,15.72,10617.1,SignalRankStrategy
2022-12-29,300770.SZSE,卖出,70.55000000000001,200.0,19.25,14110.0,SignalRankStrategy
2022-12-29,600072.SSE,卖出,55.14523943728004,200.0,16.14,11029.05,SignalRankStrategy
2022-12-29,600206.SSE,卖出,53.29614500000001,200.0,15.77,10659.23,SignalRankStrategy
2022-12-29,600552.SSE,卖出,73.28152500000002,100.0,12.4,7328.15,SignalRankStrategy
2022-12-29,601677.SSE,卖出,26.540000000000003,600.0,21.08,15924.0,SignalRankStrategy
2022-12-29,603363.SSE,卖出,17.115,700.0,17.1,11980.5,SignalRankStrategy
2022-12-29,603728.SSE,卖出,43.9326,300.0,18.31,13179.78,SignalRankStrategy
2022-12-29,688408.SSE,卖出,98.73,100.0,14.97,9873.0,SignalRankStrategy
2022-12-29,688680.SSE,卖出,188.16,100.0,24.0,18816.0,SignalRankStrategy
2022-12-29,600557.SSE,买入,140.78009637759988,100.0,5.14,14078.01,SignalRankStrategy
2022-12-29,603439.SSE,买入,13.99,1000.0,5.14,13990.0,SignalRankStrategy
2022-12-29,600246.SSE,买入,74.50840000000001,200.0,5.15,14901.68,SignalRankStrategy
2022-12-29,688298.SSE,买入,120.528,100.0,5.12,12052.8,SignalRankStrategy
2022-12-29,688520.SSE,买入,60.3,200.0,5.12,12060.0,SignalRankStrategy
2022-12-29,300942.SZSE,买入,17.734,800.0,5.14,14187.2,SignalRankStrategy
2022-12-29,300039.SZSE,买入,89.383856,100.0,5.09,8938.39,SignalRankStrategy
2022-12-29,000032.SZSE,买入,70.47303916799999,200.0,5.14,14094.61,SignalRankStrategy
2022-12-29,300910.SZSE,买入,110.41,100.0,5.11,11041.0,SignalRankStrategy
2022-12-29,605199.SSE,买入,16.330000000000002,900.0,5.15,14697.0,SignalRankStrategy
2022-12-29,300158.SZSE,买入,44.73392,300.0,5.13,13420.18,SignalRankStrategy
2022-12-29,301060.SZSE,买入,19.810000000000002,700.0,5.14,13867.0,SignalRankStrategy
2022-12-29,000951.SZSE,买入,64.0214176,200.0,5.13,12804.28,SignalRankStrategy
2022-12-29,002182.SZSE,买入,66.51,200.0,5.13,13302.0,SignalRankStrategy
2022-12-29,600073.SSE,买入,25.140668800000007,500.0,5.13,12570.33,SignalRankStrategy
2022-12-29,603027.SSE,买入,117.84249599999998,100.0,5.12,11784.25,SignalRankStrategy
2022-12-29,600129.SSE,买入,91.39983400000004,100.0,5.09,9139.98,SignalRankStrategy
2022-12-29,002737.SZSE,买入,98.55999999999999,100.0,5.1,9856.0,SignalRankStrategy
2022-12-29,301078.SZSE,买入,12.879999999999999,1100.0,5.14,14168.0,SignalRankStrategy
2022-12-29,603595.SSE,买入,116.789626,100.0,5.12,11678.96,SignalRankStrategy
2022-12-29,300598.SZSE,买入,89.86740323,100.0,5.09,8986.74,SignalRankStrategy
2022-12-29,002314.SZSE,买入,9.675999999999998,1500.0,5.15,14514.0,SignalRankStrategy
2022-12-29,600882.SSE,买入,90.77462443228087,100.0,5.09,9077.46,SignalRankStrategy
2022-12-29,002733.SZSE,买入,41.51749999999999,300.0,5.12,12455.25,SignalRankStrategy
2022-12-29,600729.SSE,买入,79.96110880000003,100.0,5.08,7996.11,SignalRankStrategy
2023-02-03,000032.SZSE,卖出,95.20989471999998,200.0,24.23,19041.98,SignalRankStrategy
2023-02-03,000951.SZSE,卖出,70.71066560000001,200.0,19.28,14142.13,SignalRankStrategy
2023-02-03,002182.SZSE,卖出,71.46999999999998,200.0,19.44,14294.0,SignalRankStrategy
2023-02-03,002314.SZSE,卖出,9.515999999999998,1500.0,19.42,14274.0,SignalRankStrategy
2023-02-03,002733.SZSE,卖出,44.760000000000005,300.0,18.56,13428.0,SignalRankStrategy
2023-02-03,002737.SZSE,卖出,120.17999999999998,100.0,17.14,12018.0,SignalRankStrategy
2023-02-03,300158.SZSE,卖出,41.71392,300.0,17.64,12514.18,SignalRankStrategy
2023-02-03,300598.SZSE,卖出,110.86791274,100.0,16.2,11086.79,SignalRankStrategy
2023-02-03,300910.SZSE,卖出,128.31,100.0,17.96,12831.0,SignalRankStrategy
2023-02-03,300942.SZSE,卖出,17.924,800.0,19.48,14339.2,SignalRankStrategy
2023-02-03,301060.SZSE,卖出,21.71,700.0,20.35,15197.0,SignalRankStrategy
2023-02-03,301078.SZSE,卖出,13.11,1100.0,19.57,14421.0,SignalRankStrategy
2023-02-03,600073.SSE,卖出,26.51110400000001,500.0,18.39,13255.55,SignalRankStrategy
2023-02-03,600129.SSE,卖出,109.81739600000004,100.0,16.09,10981.74,SignalRankStrategy
2023-02-03,600172.SSE,卖出,58.73494400000002,200.0,16.86,11746.99,SignalRankStrategy
2023-02-03,600729.SSE,卖出,85.8598288,100.0,13.67,8585.98,SignalRankStrategy
2023-02-03,600882.SSE,卖出,97.65028479148275,100.0,14.86,9765.03,SignalRankStrategy
2023-02-03,603027.SSE,卖出,132.78121599999997,100.0,18.41,13278.12,SignalRankStrategy
2023-02-03,603439.SSE,卖出,15.170000000000002,1000.0,20.32,15170.0,SignalRankStrategy
2023-02-03,603595.SSE,卖出,141.877226,100.0,19.33,14187.72,SignalRankStrategy
2023-02-03,605199.SSE,卖出,16.639999999999997,900.0,20.13,14976.0,SignalRankStrategy
2023-02-03,688017.SSE,卖出,178.074,100.0,22.99,17807.4,SignalRankStrategy
2023-02-03,688268.SSE,卖出,83.88999999999999,100.0,13.47,8389.0,SignalRankStrategy
2023-02-03,688520.SSE,卖出,72.99,200.0,19.74,14598.0,SignalRankStrategy
2023-02-03,688518.SSE,买入,37.529999999999994,400.0,5.15,15012.0,SignalRankStrategy
2023-02-03,300204.SZSE,买入,98.05472452044322,100.0,5.1,9805.47,SignalRankStrategy
2023-02-03,300451.SZSE,买入,160.52146846000002,100.0,5.16,16052.15,SignalRankStrategy
2023-02-03,300687.SZSE,买入,149.40515999999997,100.0,5.15,14940.52,SignalRankStrategy
2023-02-03,600996.SSE,买入,14.213,1100.0,5.16,15634.3,SignalRankStrategy
2023-02-03,002158.SZSE,买入,92.39784719999999,100.0,5.09,9239.78,SignalRankStrategy
2023-02-03,002240.SZSE,买入,66.99000000000001,200.0,5.13,13398.0,SignalRankStrategy
2023-02-03,002950.SZSE,买入,21.175000000000004,700.0,5.15,14822.5,SignalRankStrategy
2023-02-03,300627.SZSE,买入,121.08639999999998,100.0,5.12,12108.64,SignalRankStrategy
2023-02-03,300775.SZSE,买入,38.623000000000005,400.0,5.15,15449.2,SignalRankStrategy
2023-02-03,300803.SZSE,买入,57.03999999999999,200.0,5.11,11408.0,SignalRankStrategy
2023-02-03,600562.SSE,买入,113.70487,100.0,5.11,11370.49,SignalRankStrategy
2023-02-03,603733.SSE,买入,32.51,400.0,5.13,13004.0,SignalRankStrategy
2023-02-03,002918.SZSE,买入,53.412,200.0,5.11,10682.4,SignalRankStrategy
2023-02-03,300332.SZSE,买入,25.188416,600.0,5.15,15113.05,SignalRankStrategy
2023-02-03,300423.SZSE,买入,33.07047780480001,400.0,5.13,13228.19,SignalRankStrategy
2023-02-03,300662.SZSE,买入,50.943,300.0,5.15,15282.9,SignalRankStrategy
2023-03-03,002158.SZSE,卖出,92.15693266,100.0,14.31,9215.69,SignalRankStrategy
2023-03-03,002240.SZSE,卖出,60.79400000000001,200.0,17.28,12158.8,SignalRankStrategy
2023-03-03,002918.SZSE,卖出,62.34250000000001,200.0,17.59,12468.5,SignalRankStrategy
2023-03-03,002950.SZSE,卖出,22.01,700.0,20.56,15407.0,SignalRankStrategy
2023-03-03,300039.SZSE,卖出,96.56731199999999,100.0,14.75,9656.73,SignalRankStrategy
2023-03-03,300332.SZSE,卖出,24.568415999999996,600.0,19.89,14741.05,SignalRankStrategy
2023-03-03,300423.SZSE,卖出,46.29579127360001,400.0,23.7,18518.32,SignalRankStrategy
2023-03-03,300451.SZSE,卖出,169.10093979500002,100.0,22.08,16910.09,SignalRankStrategy
2023-03-03,300627.SZSE,卖出,128.55359999999996,100.0,17.98,12855.36,SignalRankStrategy
2023-03-03,300662.SZSE,卖出,49.67300000000001,300.0,20.05,14901.9,SignalRankStrategy
2023-03-03,300687.SZSE,卖出,147.91636,100.0,19.94,14791.64,SignalRankStrategy
2023-03-03,300775.SZSE,卖出,38.743,400.0,20.65,15497.2,SignalRankStrategy
2023-03-03,300803.SZSE,卖出,51.85,200.0,15.47,10370.0,SignalRankStrategy
2023-03-03,600557.SSE,卖出,205.19957198719996,100.0,25.86,20519.96,SignalRankStrategy
2023-03-03,600562.SSE,卖出,117.03340999999998,100.0,16.82,11703.34,SignalRankStrategy
2023-03-03,600996.SSE,卖出,15.263,1100.0,21.96,16789.3,SignalRankStrategy
2023-03-03,603733.SSE,卖出,30.7,400.0,17.4,12280.0,SignalRankStrategy
2023-03-03,688518.SSE,卖出,33.239999999999995,400.0,18.43,13296.0,SignalRankStrategy
2023-03-03,002239.SZSE,买入,26.46248000000001,600.0,5.16,15877.49,SignalRankStrategy
2023-03-03,002318.SZSE,买入,94.018745125,100.0,5.09,9401.87,SignalRankStrategy
2023-03-03,002697.SZSE,买入,41.47359999999999,300.0,5.12,12442.08,SignalRankStrategy
2023-03-03,300409.SZSE,买入,90.80098380000003,100.0,5.09,9080.1,SignalRankStrategy
2023-03-03,300428.SZSE,买入,112.97059999999998,100.0,5.11,11297.06,SignalRankStrategy
2023-03-03,600933.SSE,买入,25.43,600.0,5.15,15258.0,SignalRankStrategy
2023-03-03,603298.SSE,买入,30.883999999999997,500.0,5.15,15442.0,SignalRankStrategy
2023-03-03,603666.SSE,买入,117.24375999999997,100.0,5.12,11724.38,SignalRankStrategy
2023-03-03,603985.SSE,买入,119.12066800000002,100.0,5.12,11912.07,SignalRankStrategy
2023-03-03,603995.SSE,买入,49.494499999999995,300.0,5.15,14848.35,SignalRankStrategy
2023-03-03,002838.SZSE,买入,91.53920000000001,100.0,5.09,9153.92,SignalRankStrategy
2023-03-03,300080.SZSE,买入,15.983999999999998,1000.0,5.16,15984.0,SignalRankStrategy
2023-03-03,601137.SSE,买入,39.13999999999999,400.0,5.16,15656.0,SignalRankStrategy
2023-03-03,601208.SSE,买入,39.62200000000001,400.0,5.16,15848.8,SignalRankStrategy
2023-03-03,603308.SSE,买入,30.856799999999996,500.0,5.15,15428.4,SignalRankStrategy
2023-03-03,603567.SSE,买入,31.116,500.0,5.16,15558.0,SignalRankStrategy
2023-03-03,603713.SSE,买入,128.59999999999997,100.0,5.13,12860.0,SignalRankStrategy
2023-03-03,688100.SSE,买入,28.740000000000006,500.0,5.14,14370.0,SignalRankStrategy
2023-03-03,300709.SZSE,买入,45.22916000000001,300.0,5.14,13568.75,SignalRankStrategy
2023-03-03,000710.SZSE,买入,44.584624,300.0,5.13,13375.39,SignalRankStrategy
2023-03-03,002234.SZSE,买入,45.31,300.0,5.14,13593.0,SignalRankStrategy
2023-03-03,002959.SZSE,买入,98.57500000000002,100.0,5.1,9857.5,SignalRankStrategy
2023-03-31,000710.SZSE,卖出,48.18132800000001,300.0,19.6,14454.4,SignalRankStrategy
2023-03-31,002234.SZSE,卖出,45.61000000000001,300.0,18.82,13683.0,SignalRankStrategy
2023-03-31,002318.SZSE,卖出,83.41999512500001,100.0,13.43,8342.0,SignalRankStrategy
2023-03-31,002697.SZSE,卖出,44.2416,300.0,18.41,13272.48,SignalRankStrategy
2023-03-31,002838.SZSE,卖出,84.7992,100.0,13.56,8479.92,SignalRankStrategy
2023-03-31,002959.SZSE,卖出,97.24199999999999,100.0,14.82,9724.2,SignalRankStrategy
2023-03-31,300080.SZSE,卖出,15.626,1000.0,20.78,15626.0,SignalRankStrategy
2023-03-31,300204.SZSE,卖出,83.1508820868432,100.0,13.4,8315.09,SignalRankStrategy
2023-03-31,300409.SZSE,卖出,85.8129838,100.0,13.67,8581.3,SignalRankStrategy
2023-03-31,300428.SZSE,卖出,99.63059999999997,100.0,15.06,9963.06,SignalRankStrategy
2023-03-31,300709.SZSE,卖出,48.017160000000004,300.0,19.55,14405.15,SignalRankStrategy
2023-03-31,600933.SSE,卖出,25.36,600.0,20.37,15216.0,SignalRankStrategy
2023-03-31,601137.SSE,卖出,34.279999999999994,400.0,18.85,13712.0,SignalRankStrategy
2023-03-31,601208.SSE,卖出,35.702000000000005,400.0,19.42,14280.8,SignalRankStrategy
2023-03-31,603298.SSE,卖出,29.281999999999996,500.0,19.79,14641.0,SignalRankStrategy
2023-03-31,603308.SSE,卖出,28.582799999999988,500.0,19.43,14291.4,SignalRankStrategy
2023-03-31,603567.SSE,卖出,32.03600000000001,500.0,21.18,16018.0,SignalRankStrategy
2023-03-31,603666.SSE,卖出,107.94903999999998,100.0,15.9,10794.9,SignalRankStrategy
2023-03-31,603713.SSE,卖出,109.69999999999999,100.0,16.08,10970.0,SignalRankStrategy
2023-03-31,603985.SSE,卖出,100.23986239999999,100.0,15.12,10023.99,SignalRankStrategy
2023-03-31,603995.SSE,卖出,44.82,300.0,18.58,13446.0,SignalRankStrategy
2023-03-31,688100.SSE,卖出,30.790000000000003,500.0,20.55,15395.0,SignalRankStrategy
2023-03-31,688298.SSE,卖出,106.33999999999996,100.0,15.74,10634.0,SignalRankStrategy
2023-03-31,301236.SZSE,买入,72.235,200.0,5.14,14447.0,SignalRankStrategy
2023-03-31,605369.SSE,买入,102.13399999999999,100.0,5.1,10213.4,SignalRankStrategy
2023-03-31,301031.SZSE,买入,134.38,100.0,5.13,13438.0,SignalRankStrategy
2023-03-31,603025.SSE,买入,37.603199999999994,400.0,5.15,15041.28,SignalRankStrategy
2023-03-31,688700.SSE,买入,93.71000000000001,100.0,5.09,9371.0,SignalRankStrategy
2023-03-31,603595.SSE,买入,96.28802600000002,100.0,5.1,9628.8,SignalRankStrategy
2023-03-31,002865.SZSE,买入,145.69000000000003,100.0,5.15,14569.0,SignalRankStrategy
2023-03-31,300634.SZSE,买入,26.589999999999996,500.0,5.13,13295.0,SignalRankStrategy
2023-03-31,000615.SZSE,买入,76.10146020520003,200.0,5.15,15220.29,SignalRankStrategy
2023-03-31,001323.SZSE,买入,37.830000000000005,400.0,5.15,15132.0,SignalRankStrategy
2023-03-31,000761.SZSE,买入,9.274178799999996,1700.0,5.16,15766.1,SignalRankStrategy
2023-03-31,300457.SZSE,买入,108.36729625,100.0,5.11,10836.73,SignalRankStrategy
2023-03-31,600602.SSE,买入,74.45056852090342,200.0,5.15,14890.11,SignalRankStrategy
2023-03-31,603118.SSE,买入,25.506400000000006,600.0,5.15,15303.84,SignalRankStrategy
2023-03-31,688578.SSE,买入,23.910000000000004,600.0,5.14,14346.0,SignalRankStrategy
2023-03-31,001308.SZSE,买入,50.263999999999996,300.0,5.15,15079.2,SignalRankStrategy
2023-03-31,002918.SZSE,买入,50.862,300.0,5.15,15258.6,SignalRankStrategy
2023-03-31,300151.SZSE,买入,158.985165,100.0,5.16,15898.52,SignalRankStrategy
2023-03-31,300607.SZSE,买入,86.93319720000001,100.0,5.09,8693.32,SignalRankStrategy
2023-03-31,001270.SZSE,买入,117.01,100.0,5.12,11701.0,SignalRankStrategy
2023-03-31,600072.SSE,买入,67.93834172208007,200.0,5.14,13587.67,SignalRankStrategy
2023-03-31,002274.SZSE,买入,25.682750000000006,600.0,5.15,15409.65,SignalRankStrategy
2023-03-31,002446.SZSE,买入,48.327549999999974,300.0,5.14,14498.26,SignalRankStrategy
2023-03-31,002662.SZSE,买入,17.866,800.0,5.14,14292.8,SignalRankStrategy
2023-05-04,000761.SZSE,卖出,9.481978799999997,1700.0,21.28,16119.36,SignalRankStrategy
2023-05-04,001270.SZSE,卖出,120.99,100.0,17.22,12099.0,SignalRankStrategy
2023-05-04,001308.SZSE,卖出,48.02230000000001,300.0,19.55,14406.69,SignalRankStrategy
2023-05-04,001323.SZSE,卖出,35.5,400.0,19.34,14200.0,SignalRankStrategy
2023-05-04,002239.SZSE,卖出,23.267279999999996,600.0,19.1,13960.37,SignalRankStrategy
2023-05-04,002274.SZSE,卖出,25.224,600.0,20.29,15134.4,SignalRankStrategy
2023-05-04,002446.SZSE,卖出,46.168269999999985,300.0,18.99,13850.48,SignalRankStrategy
2023-05-04,002662.SZSE,卖出,17.005999999999997,800.0,18.74,13604.8,SignalRankStrategy
2023-05-04,002865.SZSE,卖出,138.12886000000003,100.0,18.95,13812.89,SignalRankStrategy
2023-05-04,002918.SZSE,卖出,46.91500000000001,300.0,19.22,14074.5,SignalRankStrategy
2023-05-04,300151.SZSE,卖出,137.36516500000002,100.0,18.87,13736.52,SignalRankStrategy
2023-05-04,300457.SZSE,卖出,105.70354624999999,100.0,15.68,10570.35,SignalRankStrategy
2023-05-04,300634.SZSE,卖出,27.71999999999999,500.0,19.0,13860.0,SignalRankStrategy
2023-05-04,301031.SZSE,卖出,130.19,100.0,18.15,13019.0,SignalRankStrategy
2023-05-04,301236.SZSE,卖出,60.065000000000005,200.0,17.13,12013.0,SignalRankStrategy
2023-05-04,600072.SSE,卖出,99.44446309168003,200.0,25.09,19888.89,SignalRankStrategy
2023-05-04,600246.SSE,卖出,61.56079999999999,200.0,17.44,12312.16,SignalRankStrategy
2023-05-04,600602.SSE,卖出,67.8038089505802,200.0,18.7,13560.76,SignalRankStrategy
2023-05-04,603025.SSE,卖出,34.314900000000016,400.0,18.86,13725.96,SignalRankStrategy
2023-05-04,603118.SSE,卖出,23.0444,600.0,18.96,13826.64,SignalRankStrategy
2023-05-04,605369.SSE,卖出,89.402,100.0,14.03,8940.2,SignalRankStrategy
2023-05-04,688700.SSE,卖出,84.67999999999999,100.0,13.55,8468.0,SignalRankStrategy
2023-06-01,300607.SZSE,卖出,71.51671720000003,100.0,12.22,7151.67,SignalRankStrategy
2023-06-01,603595.SSE,卖出,80.1303464,100.0,13.09,8013.03,SignalRankStrategy
2023-06-01,688578.SSE,卖出,27.929999999999996,600.0,21.93,16758.0,SignalRankStrategy
2023-07-03,000615.SZSE,卖出,42.351764205200006,200.0,13.56,8470.35,SignalRankStrategy
2023-10-31,300887.SZSE,买入,84.63408,100.0,5.08,8463.41,SignalRankStrategy
2023-10-31,000928.SZSE,买入,14.546913854,1000.0,5.15,14546.91,SignalRankStrategy
2023-10-31,301316.SZSE,买入,25.53,500.0,5.13,12765.0,SignalRankStrategy
2023-10-31,603129.SSE,买入,105.28764000000001,100.0,5.11,10528.76,SignalRankStrategy
2023-10-31,688133.SSE,买入,72.35947999999999,200.0,5.14,14471.9,SignalRankStrategy
2023-10-31,000736.SZSE,买入,51.01403685800855,200.0,5.1,10202.81,SignalRankStrategy
2023-10-31,002605.SZSE,买入,102.15698800000001,100.0,5.1,10215.7,SignalRankStrategy
2023-10-31,688261.SSE,买入,118.24,100.0,5.12,11824.0,SignalRankStrategy
2023-10-31,600633.SSE,买入,102.16680000000002,100.0,5.1,10216.68,SignalRankStrategy
2023-10-31,002777.SZSE,买入,121.86740000000002,100.0,5.12,12186.74,SignalRankStrategy
2023-10-31,600610.SSE,买入,54.64057600000001,200.0,5.11,10928.12,SignalRankStrategy
2023-10-31,300737.SZSE,买入,12.662,1200.0,5.15,15194.4,SignalRankStrategy
2023-10-31,688337.SSE,买入,62.79599999999999,200.0,5.13,12559.2,SignalRankStrategy
2023-10-31,301367.SZSE,买入,108.01,100.0,5.11,10801.0,SignalRankStrategy
2023-10-31,300457.SZSE,买入,118.49229625,100.0,5.12,11849.23,SignalRankStrategy
2023-10-31,603305.SSE,买入,36.32679999999999,400.0,5.15,14530.72,SignalRankStrategy
2023-10-31,301267.SZSE,买入,61.98500000000001,200.0,5.12,12397.0,SignalRankStrategy
2023-10-31,601567.SSE,买入,71.31000000000002,200.0,5.14,14262.0,SignalRankStrategy
2023-10-31,601918.SSE,买入,7.9239999999999995,1900.0,5.15,15055.6,SignalRankStrategy
2023-10-31,300085.SZSE,买入,129.37400000000002,100.0,5.13,12937.4,SignalRankStrategy
2023-10-31,600449.SSE,买入,65.07486000000003,200.0,5.13,13014.97,SignalRankStrategy
2023-10-31,000560.SZSE,买入,14.315892583220995,1000.0,5.14,14315.89,SignalRankStrategy
2023-11-28,000560.SZSE,卖出,14.737809993700997,1000.0,19.89,14737.81,SignalRankStrategy
2023-11-28,000736.SZSE,卖出,52.75523721694208,200.0,15.66,10551.05,SignalRankStrategy
2023-11-28,000928.SZSE,卖出,14.257273854000003,1000.0,19.4,14257.27,SignalRankStrategy
2023-11-28,002605.SZSE,卖出,105.53698800000001,100.0,15.66,10553.7,SignalRankStrategy
2023-11-28,002777.SZSE,卖出,132.87296000000003,100.0,18.42,13287.3,SignalRankStrategy
2023-11-28,300085.SZSE,卖出,145.16200000000003,100.0,19.66,14516.2,SignalRankStrategy
2023-11-28,300457.SZSE,卖出,109.52854624999999,100.0,16.06,10952.85,SignalRankStrategy
2023-11-28,300737.SZSE,卖出,12.660000000000002,1200.0,20.34,15192.0,SignalRankStrategy
2023-11-28,301267.SZSE,卖出,57.720000000000006,200.0,16.66,11544.0,SignalRankStrategy
2023-11-28,301367.SZSE,卖出,118.99,100.0,17.02,11899.0,SignalRankStrategy
2023-11-28,600449.SSE,卖出,70.21722000000003,200.0,19.18,14043.44,SignalRankStrategy
2023-11-28,600633.SSE,卖出,113.314,100.0,16.44,11331.4,SignalRankStrategy
2023-11-28,601567.SSE,卖出,78.86500000000002,200.0,20.93,15773.0,SignalRankStrategy
2023-11-28,601918.SSE,卖出,8.547999999999998,1900.0,21.4,16241.2,SignalRankStrategy
2023-11-28,603129.SSE,卖出,103.51764,100.0,15.46,10351.76,SignalRankStrategy
2023-11-28,603305.SSE,卖出,43.303999999999995,400.0,22.49,17321.6,SignalRankStrategy
2023-11-28,688133.SSE,卖出,75.79747999999998,200.0,20.31,15159.5,SignalRankStrategy
2023-11-28,688261.SSE,卖出,126.94199999999998,100.0,17.82,12694.2,SignalRankStrategy
2023-11-28,688337.SSE,卖出,70.7828,200.0,19.3,14156.56,SignalRankStrategy
2023-11-28,000058.SZSE,买入,20.17902030719196,700.0,5.14,14125.31,SignalRankStrategy
2023-11-28,000059.SZSE,买入,10.585719999999998,1400.0,5.15,14820.01,SignalRankStrategy
2023-11-28,000989.SZSE,买入,37.63865599999999,400.0,5.15,15055.46,SignalRankStrategy
2023-11-28,002123.SZSE,买入,114.364,100.0,5.11,11436.4,SignalRankStrategy
2023-11-28,002139.SZSE,买入,156.853409426,100.0,5.16,15685.34,SignalRankStrategy
2023-11-28,002191.SZSE,买入,42.88612640000001,300.0,5.13,12865.84,SignalRankStrategy
2023-11-28,002312.SZSE,买入,133.01968256200004,100.0,5.13,13301.97,SignalRankStrategy
2023-11-28,300002.SZSE,买入,132.6674350912,100.0,5.13,13266.74,SignalRankStrategy
2023-11-28,300075.SZSE,买入,156.0920265,100.0,5.16,15609.2,SignalRankStrategy
2023-11-28,300233.SZSE,买入,39.860032,300.0,5.12,11958.01,SignalRankStrategy
2023-11-28,300525.SZSE,买入,131.48332799999997,100.0,5.13,13148.33,SignalRankStrategy
2023-11-28,300767.SZSE,买入,58.78032864116639,200.0,5.12,11756.07,SignalRankStrategy
2023-11-28,300910.SZSE,买入,95.10999999999999,100.0,5.1,9511.0,SignalRankStrategy
2023-11-28,301078.SZSE,买入,8.83,1700.0,5.15,15011.0,SignalRankStrategy
2023-11-28,600510.SSE,买入,34.98487000000001,400.0,5.14,13993.95,SignalRankStrategy
2023-11-28,603229.SSE,买入,48.85759199999998,300.0,5.15,14657.28,SignalRankStrategy
2023-11-28,603881.SSE,买入,40.6922,300.0,5.12,12207.66,SignalRankStrategy
2023-11-28,688277.SSE,买入,14.35,1100.0,5.16,15785.0,SignalRankStrategy
2023-11-28,688298.SSE,买入,81.272,100.0,5.08,8127.2,SignalRankStrategy
2023-11-28,688388.SSE,买入,30.366,500.0,5.15,15183.0,SignalRankStrategy
2023-11-28,603888.SSE,买入,70.71250000000002,200.0,5.14,14142.5,SignalRankStrategy
2023-12-26,000058.SZSE,卖出,18.211655625174565,700.0,17.88,12748.16,SignalRankStrategy
2023-12-26,000059.SZSE,卖出,10.01372,1400.0,19.16,14019.21,SignalRankStrategy
2023-12-26,000989.SZSE,卖出,36.197807999999995,400.0,19.62,14479.12,SignalRankStrategy
2023-12-26,002123.SZSE,卖出,100.808,100.0,15.18,10080.8,SignalRankStrategy
2023-12-26,002139.SZSE,卖出,144.74496942600007,100.0,19.62,14474.5,SignalRankStrategy
2023-12-26,002312.SZSE,卖出,122.358650678,100.0,17.36,12235.87,SignalRankStrategy
2023-12-26,300002.SZSE,卖出,131.3497070912,100.0,18.27,13134.97,SignalRankStrategy
2023-12-26,300075.SZSE,卖出,144.48902650000002,100.0,19.59,14448.9,SignalRankStrategy
2023-12-26,300233.SZSE,卖出,37.50003199999999,300.0,16.36,11250.01,SignalRankStrategy
2023-12-26,300525.SZSE,卖出,130.401904,100.0,18.17,13040.19,SignalRankStrategy
2023-12-26,300767.SZSE,卖出,51.0494627931664,200.0,15.31,10209.89,SignalRankStrategy
2023-12-26,300910.SZSE,卖出,100.67599999999999,100.0,15.17,10067.6,SignalRankStrategy
2023-12-26,301078.SZSE,卖出,8.01,1700.0,18.75,13617.0,SignalRankStrategy
2023-12-26,301316.SZSE,卖出,22.809999999999995,500.0,16.52,11405.0,SignalRankStrategy
2023-12-26,600510.SSE,卖出,33.59987,400.0,18.57,13439.95,SignalRankStrategy
2023-12-26,600610.SSE,卖出,58.08003200000002,200.0,16.73,11616.01,SignalRankStrategy
2023-12-26,603229.SSE,卖出,43.700824,300.0,18.24,13110.25,SignalRankStrategy
2023-12-26,603881.SSE,卖出,38.084999999999994,300.0,16.54,11425.5,SignalRankStrategy
2023-12-26,603888.SSE,卖出,67.0675,200.0,18.55,13413.5,SignalRankStrategy
2023-12-26,688277.SSE,卖出,12.73,1100.0,19.14,14003.0,SignalRankStrategy
2023-12-26,688298.SSE,卖出,72.98639999999999,100.0,12.37,7298.64,SignalRankStrategy
2023-12-26,688388.SSE,卖出,29.058,500.0,19.67,14529.0,SignalRankStrategy
2023-12-26,300366.SZSE,买入,75.00500000000002,200.0,5.15,15001.0,SignalRankStrategy
2023-12-26,603985.SSE,买入,107.23577680000001,100.0,5.11,10723.58,SignalRankStrategy
2023-12-26,001270.SZSE,买入,86.38600000000001,100.0,5.09,8638.6,SignalRankStrategy
2023-12-26,600775.SSE,买入,16.320025,900.0,5.15,14688.02,SignalRankStrategy
2023-12-26,000727.SZSE,买入,14.797941999999999,1000.0,5.15,14797.94,SignalRankStrategy
2023-12-26,603123.SSE,买入,11.592999999999996,1200.0,5.14,13911.6,SignalRankStrategy
2023-12-26,002941.SZSE,买入,13.405,1100.0,5.15,14745.5,SignalRankStrategy
2023-12-26,000813.SZSE,买入,12.111184,1200.0,5.15,14533.42,SignalRankStrategy
2023-12-26,603533.SSE,买入,20.503999999999998,700.0,5.14,14352.8,SignalRankStrategy
2023-12-26,688598.SSE,买入,96.54240000000001,100.0,5.1,9654.24,SignalRankStrategy
2023-12-26,603118.SSE,买入,21.942400000000003,600.0,5.13,13165.44,SignalRankStrategy
2023-12-26,301267.SZSE,买入,48.695,300.0,5.15,14608.5,SignalRankStrategy
2023-12-26,688798.SSE,买入,95.80000000000001,100.0,5.1,9580.0,SignalRankStrategy
2023-12-26,002416.SZSE,买入,27.862,500.0,5.14,13931.0,SignalRankStrategy
2023-12-26,600057.SSE,买入,81.784285235645,100.0,5.08,8178.43,SignalRankStrategy
2023-12-26,601001.SSE,买入,29.769000000000002,500.0,5.15,14884.5,SignalRankStrategy
2023-12-26,601019.SSE,买入,11.500000000000002,1300.0,5.15,14950.0,SignalRankStrategy
2023-12-26,603477.SSE,买入,35.37599999999999,400.0,5.14,14150.4,SignalRankStrategy
2023-12-26,688266.SSE,买入,49.760000000000005,300.0,5.15,14928.0,SignalRankStrategy
2023-12-26,300762.SZSE,买入,58.856264,200.0,5.12,11771.25,SignalRankStrategy
2023-12-26,688711.SSE,买入,59.4078,200.0,5.12,11881.56,SignalRankStrategy
2023-12-26,000555.SZSE,买入,35.883650159999995,400.0,5.14,14353.46,SignalRankStrategy
2024-01-11,300887.SZSE,卖出,70.39372,70.0,9.98,4927.56,__RISK_DRAWDOWN__
2024-01-11,002191.SZSE,卖出,39.4101264,210.0,13.36,8276.13,__RISK_DRAWDOWN__
2024-01-11,300366.SZSE,卖出,68.805,140.0,14.73,9632.7,__RISK_DRAWDOWN__
2024-01-11,603985.SSE,卖出,95.28782440000002,70.0,11.74,6670.15,__RISK_DRAWDOWN__
2024-01-11,001270.SZSE,卖出,79.77199999999999,70.0,10.64,5584.04,__RISK_DRAWDOWN__
2024-01-11,600775.SSE,卖出,15.895025000000004,630.0,15.11,10013.87,__RISK_DRAWDOWN__
2024-01-11,000727.SZSE,卖出,13.439461999999997,700.0,14.5,9407.62,__RISK_DRAWDOWN__
2024-01-11,603123.SSE,卖出,11.102999999999996,840.0,14.42,9326.52,__RISK_DRAWDOWN__
2024-01-11,002941.SZSE,卖出,12.634999999999998,770.0,14.83,9728.95,__RISK_DRAWDOWN__
2024-01-11,000813.SZSE,卖出,11.757031999999999,840.0,14.97,9875.91,__RISK_DRAWDOWN__
2024-01-11,603533.SSE,卖出,18.893999999999995,490.0,14.35,9258.06,__RISK_DRAWDOWN__
2024-01-11,688598.SSE,卖出,94.58359999999999,70.0,11.69,6620.85,__RISK_DRAWDOWN__
2024-01-11,603118.SSE,卖出,20.7784,420.0,13.81,8726.93,__RISK_DRAWDOWN__
2024-01-11,301267.SZSE,卖出,45.81,210.0,14.72,9620.1,__RISK_DRAWDOWN__
2024-01-11,688798.SSE,卖出,87.15599999999998,70.0,11.16,6100.92,__RISK_DRAWDOWN__
2024-01-11,002416.SZSE,卖出,27.697999999999993,350.0,14.79,9694.3,__RISK_DRAWDOWN__
2024-01-11,600057.SSE,卖出,84.34354146665623,70.0,10.96,5904.05,__RISK_DRAWDOWN__
2024-01-11,601001.SSE,卖出,29.989,350.0,15.6,10496.15,__RISK_DRAWDOWN__
2024-01-11,601019.SSE,卖出,11.100000000000001,910.0,15.2,10101.0,__RISK_DRAWDOWN__
2024-01-11,603477.SSE,卖出,34.376,280.0,14.72,9625.28,__RISK_DRAWDOWN__
2024-01-11,688266.SSE,卖出,49.49,210.0,15.5,10392.9,__RISK_DRAWDOWN__
2024-01-11,300762.SZSE,卖出,51.832104000000015,140.0,12.33,7256.49,__RISK_DRAWDOWN__
2024-01-11,688711.SSE,卖出,56.49260000000001,140.0,12.99,7908.96,__RISK_DRAWDOWN__
2024-01-11,000555.SZSE,卖出,32.26005016,280.0,14.12,9032.81,__RISK_DRAWDOWN__
2024-01-24,000555.SZSE,卖出,29.70365015999999,120.0,8.6,3564.44,SignalRankStrategy
2024-01-24,000727.SZSE,卖出,12.569450000000002,300.0,8.81,3770.84,SignalRankStrategy
2024-01-24,001270.SZSE,卖出,72.17,30.0,7.19,2165.1,SignalRankStrategy
2024-01-24,002191.SZSE,卖出,38.01812640000001,90.0,8.46,3421.63,SignalRankStrategy
2024-01-24,002416.SZSE,卖出,26.569999999999997,150.0,9.03,3985.5,SignalRankStrategy
2024-01-24,002941.SZSE,卖出,11.635,330.0,8.88,3839.55,SignalRankStrategy
2024-01-24,300366.SZSE,卖出,64.00500000000001,60.0,8.88,3840.3,SignalRankStrategy
2024-01-24,300762.SZSE,卖出,46.58922400000001,60.0,7.82,2795.35,SignalRankStrategy
2024-01-24,300887.SZSE,卖出,60.72879999999999,30.0,6.84,1821.86,SignalRankStrategy
2024-01-24,301267.SZSE,卖出,44.685,90.0,9.06,4021.65,SignalRankStrategy
2024-01-24,600057.SSE,卖出,76.82071079287347,30.0,7.33,2304.62,SignalRankStrategy
2024-01-24,600775.SSE,卖出,15.409025000000005,270.0,9.2,4160.44,SignalRankStrategy
2024-01-24,601001.SSE,卖出,27.349,150.0,9.14,4102.35,SignalRankStrategy
2024-01-24,601019.SSE,卖出,10.26,390.0,9.04,4001.4,SignalRankStrategy
2024-01-24,603118.SSE,卖出,19.5684,180.0,8.56,3522.31,SignalRankStrategy
2024-01-24,603123.SSE,卖出,9.862999999999998,360.0,8.59,3550.68,SignalRankStrategy
2024-01-24,603477.SSE,卖出,32.376,120.0,8.92,3885.12,SignalRankStrategy
2024-01-24,603533.SSE,卖出,17.533999999999995,210.0,8.72,3682.14,SignalRankStrategy
2024-01-24,603985.SSE,卖出,85.6421156,30.0,7.59,2569.26,SignalRankStrategy
2024-01-24,688266.SSE,卖出,45.330000000000005,90.0,9.12,4079.7,SignalRankStrategy
2024-01-24,688598.SSE,卖出,85.008,30.0,7.58,2550.24,SignalRankStrategy
2024-01-24,688711.SSE,卖出,53.2278,60.0,8.23,3193.67,SignalRankStrategy
2024-01-24,688798.SSE,卖出,90.306,30.0,7.74,2709.18,SignalRankStrategy
2024-02-29,000813.SZSE,卖出,10.134008,360.0,8.68,3648.24,SignalRankStrategy
2024-07-26,600595.SSE,买入,7.306252800000001,1900.0,5.14,13881.88,SignalRankStrategy
2024-07-26,300783.SZSE,买入,18.264200000000002,700.0,5.13,12784.94,SignalRankStrategy
2024-07-26,301153.SZSE,买入,64.39800000000001,200.0,5.13,12879.6,SignalRankStrategy
2024-07-26,600961.SSE,买入,11.334,1200.0,5.14,13600.8,SignalRankStrategy
2024-07-26,000737.SZSE,买入,38.784504,300.0,5.12,11635.35,SignalRankStrategy
2024-07-26,688639.SSE,买入,91.57620000000001,100.0,5.09,9157.62,SignalRankStrategy
2024-07-26,002840.SZSE,买入,32.8045976,400.0,5.13,13121.84,SignalRankStrategy
2024-07-26,603477.SSE,买入,22.536,600.0,5.14,13521.6,SignalRankStrategy
2024-07-26,688066.SSE,买入,19.419000000000004,700.0,5.14,13593.3,SignalRankStrategy
2024-07-26,000688.SZSE,买入,39.142660127999996,300.0,5.12,11742.8,SignalRankStrategy
2024-07-26,300140.SZSE,买入,20.85,600.0,5.13,12510.0,SignalRankStrategy
2024-07-26,600490.SSE,买入,30.498812499999996,400.0,5.12,12199.52,SignalRankStrategy
2024-07-26,002541.SZSE,买入,58.74899399999998,200.0,5.12,11749.8,SignalRankStrategy
2024-07-26,688676.SSE,买入,40.31000000000001,300.0,5.12,12093.0,SignalRankStrategy
2024-07-26,301301.SZSE,买入,11.577558999999999,1200.0,5.14,13893.07,SignalRankStrategy
2024-07-26,002085.SZSE,买入,76.75630729600003,100.0,5.08,7675.63,SignalRankStrategy
2024-07-26,301238.SZSE,买入,13.78,1000.0,5.14,13780.0,SignalRankStrategy
2024-07-26,600246.SSE,买入,68.95432000000001,200.0,5.14,13790.86,SignalRankStrategy
2024-07-26,603666.SSE,买入,39.03975999999999,300.0,5.12,11711.93,SignalRankStrategy
2024-07-26,688033.SSE,买入,5.3999999999999995,2600.0,5.14,14040.0,SignalRankStrategy
2024-07-26,688598.SSE,买入,36.80782399999999,300.0,5.11,11042.35,SignalRankStrategy
2024-07-26,000420.SZSE,买入,21.133995999999996,600.0,5.13,12680.4,SignalRankStrategy
2024-07-26,000913.SZSE,买入,43.221231999999986,300.0,5.13,12966.37,SignalRankStrategy
2024-07-26,002125.SZSE,买入,37.083983999999994,300.0,5.11,11125.2,SignalRankStrategy
2024-07-26,002182.SZSE,买入,45.072,300.0,5.14,13521.6,SignalRankStrategy
2024-07-26,002544.SZSE,买入,106.77360000000006,100.0,5.11,10677.36,SignalRankStrategy
2024-07-26,688776.SSE,买入,65.8538,200.0,5.13,13170.76,SignalRankStrategy
2024-08-23,000420.SZSE,卖出,20.151319999999995,600.0,17.21,12090.79,SignalRankStrategy
2024-08-23,000688.SZSE,卖出,38.61014396800001,300.0,16.7,11583.04,SignalRankStrategy
2024-08-23,000737.SZSE,卖出,37.943164,300.0,16.5,11382.95,SignalRankStrategy
2024-08-23,000913.SZSE,卖出,43.942544,300.0,18.31,13182.76,SignalRankStrategy
2024-08-23,002085.SZSE,卖出,79.17566729600001,100.0,13.0,7917.57,SignalRankStrategy
2024-08-23,002125.SZSE,卖出,34.770224000000006,300.0,15.54,10431.07,SignalRankStrategy
2024-08-23,002182.SZSE,卖出,41.062000000000005,300.0,17.44,12318.6,SignalRankStrategy
2024-08-23,002544.SZSE,卖出,103.81360000000004,100.0,15.49,10381.36,SignalRankStrategy
2024-08-23,300140.SZSE,卖出,19.549999999999997,600.0,16.85,11730.0,SignalRankStrategy
2024-08-23,300783.SZSE,卖出,17.824199999999998,700.0,17.6,12476.94,SignalRankStrategy
2024-08-23,301153.SZSE,卖出,60.781600000000005,200.0,17.28,12156.32,SignalRankStrategy
2024-08-23,301238.SZSE,卖出,13.889999999999999,1000.0,19.03,13890.0,SignalRankStrategy
2024-08-23,301301.SZSE,卖出,11.127559,1200.0,18.49,13353.07,SignalRankStrategy
2024-08-23,600490.SSE,卖出,29.675562499999987,400.0,16.99,11870.22,SignalRankStrategy
2024-08-23,600961.SSE,卖出,10.760499999999999,1200.0,18.04,12912.6,SignalRankStrategy
2024-08-23,688033.SSE,卖出,5.0600000000000005,2600.0,18.29,13156.0,SignalRankStrategy
2024-08-23,688066.SSE,卖出,18.096999999999998,700.0,17.79,12667.9,SignalRankStrategy
2024-08-23,688639.SSE,卖出,72.4655,100.0,12.32,7246.55,SignalRankStrategy
2024-08-23,688776.SSE,卖出,55.6978,200.0,16.25,11139.56,SignalRankStrategy
2024-08-23,600595.SSE,卖出,7.373254000000004,1330.0,14.9,9806.43,__RISK_DRAWDOWN__
2024-08-23,002840.SZSE,卖出,27.5525976,280.0,12.79,7714.73,__RISK_DRAWDOWN__
2024-08-23,603477.SSE,卖出,17.116,420.0,12.26,7188.72,__RISK_DRAWDOWN__
2024-08-23,002541.SZSE,卖出,53.151993999999995,140.0,12.52,7441.28,__RISK_DRAWDOWN__
2024-08-23,688676.SSE,卖出,33.45000000000001,210.0,12.09,7024.5,__RISK_DRAWDOWN__
2024-08-23,600246.SSE,卖出,70.94528,140.0,15.03,9932.34,__RISK_DRAWDOWN__
2024-08-23,603666.SSE,卖出,41.21495999999999,210.0,13.74,8655.14,__RISK_DRAWDOWN__
2024-08-23,688598.SSE,卖出,34.097480000000004,210.0,12.23,7160.47,__RISK_DRAWDOWN__
2024-09-24,002541.SZSE,卖出,49.407994,60.0,7.99,2964.48,SignalRankStrategy
2024-09-24,600246.SSE,卖出,67.78519999999999,60.0,9.11,4067.11,SignalRankStrategy
2024-09-24,600595.SSE,卖出,8.243265999999998,570.0,9.75,4698.66,SignalRankStrategy
2024-09-24,603666.SSE,卖出,42.36744,90.0,8.85,3813.07,SignalRankStrategy
2024-09-24,688598.SSE,卖出,34.20774,90.0,8.11,3078.7,SignalRankStrategy
2024-10-29,002840.SZSE,卖出,29.016597599999997,120.0,8.52,3481.99,SignalRankStrategy
2024-10-29,603477.SSE,卖出,20.066,180.0,8.65,3611.88,SignalRankStrategy
2024-10-29,688676.SSE,卖出,36.90000000000001,90.0,8.35,3321.0,SignalRankStrategy
2025-03-27,688327.SSE,买入,21.626,600.0,5.13,12975.6,SignalRankStrategy
2025-03-27,000736.SZSE,买入,24.405631435202384,500.0,5.12,12202.82,SignalRankStrategy
2025-03-27,603636.SSE,买入,66.676110668,200.0,5.13,13335.22,SignalRankStrategy
2025-03-27,688048.SSE,买入,71.45,100.0,5.07,7145.0,SignalRankStrategy
2025-03-27,688400.SSE,买入,29.705000000000002,400.0,5.12,11882.0,SignalRankStrategy
2025-03-27,300735.SZSE,买入,53.40699999999999,200.0,5.11,10681.4,SignalRankStrategy
2025-03-27,002123.SZSE,买入,109.79526160000003,100.0,5.11,10979.53,SignalRankStrategy
2025-03-27,603496.SSE,买入,82.49963420303999,100.0,5.08,8249.96,SignalRankStrategy
2025-03-27,002265.SZSE,买入,22.181000000000004,600.0,5.13,13308.6,SignalRankStrategy
2025-03-27,688141.SSE,买入,28.71,400.0,5.11,11484.0,SignalRankStrategy
2025-03-27,603398.SSE,买入,48.08804000000001,200.0,5.1,9617.61,SignalRankStrategy
2025-03-27,301536.SZSE,买入,64.7,200.0,5.13,12940.0,SignalRankStrategy
2025-03-27,603118.SSE,买入,26.203800000000005,500.0,5.13,13101.9,SignalRankStrategy
2025-03-27,300723.SZSE,买入,61.60500000000001,200.0,5.12,12321.0,SignalRankStrategy
2025-03-27,688326.SSE,买入,82.69000000000001,100.0,5.08,8269.0,SignalRankStrategy
2025-03-27,301325.SZSE,买入,73.37400000000001,100.0,5.07,7337.4,SignalRankStrategy
2025-03-27,603920.SSE,买入,41.764,300.0,5.13,12529.2,SignalRankStrategy
2025-03-27,688322.SSE,买入,56.279999999999994,200.0,5.11,11256.0,SignalRankStrategy
2025-03-27,688515.SSE,买入,97.78,100.0,5.1,9778.0,SignalRankStrategy
2025-03-27,002171.SZSE,买入,49.275672,200.0,5.1,9855.13,SignalRankStrategy
2025-03-27,002320.SZSE,买入,85.42242379999998,100.0,5.09,8542.24,SignalRankStrategy
2025-03-27,002612.SZSE,买入,37.09,300.0,5.11,11127.0,SignalRankStrategy
2025-03-27,600388.SSE,买入,98.27319999999999,100.0,5.1,9827.32,SignalRankStrategy
2025-04-25,002123.SZSE,卖出,95.08726159999999,100.0,14.6,9508.73,SignalRankStrategy
2025-04-25,002171.SZSE,卖出,47.623672000000006,200.0,14.62,9524.73,SignalRankStrategy
2025-04-25,002265.SZSE,卖出,20.221000000000004,600.0,17.25,12132.6,SignalRankStrategy
2025-04-25,002320.SZSE,卖出,79.23324779999996,100.0,13.0,7923.32,SignalRankStrategy
2025-04-25,002612.SZSE,卖出,37.790000000000006,300.0,16.45,11337.0,SignalRankStrategy
2025-04-25,300723.SZSE,卖出,105.13600000000004,200.0,26.49,21027.2,SignalRankStrategy
2025-04-25,300735.SZSE,卖出,46.52559999999999,200.0,14.4,9305.12,SignalRankStrategy
2025-04-25,301325.SZSE,卖出,60.862,100.0,11.15,6086.2,SignalRankStrategy
2025-04-25,301536.SZSE,卖出,55.84,200.0,16.28,11168.0,SignalRankStrategy
2025-04-25,600388.SSE,卖出,91.5332,100.0,14.24,9153.32,SignalRankStrategy
2025-04-25,603920.SSE,卖出,37.45400000000001,300.0,16.35,11236.2,SignalRankStrategy
2025-04-25,688048.SSE,卖出,72.548,100.0,12.33,7254.8,SignalRankStrategy
2025-04-25,688322.SSE,卖出,62.67,200.0,17.66,12534.0,SignalRankStrategy
2025-04-25,688326.SSE,卖出,78.19,100.0,12.9,7819.0,SignalRankStrategy
2025-04-25,688400.SSE,卖出,25.674999999999997,400.0,15.37,10270.0,SignalRankStrategy
2025-04-25,688515.SSE,卖出,105.99,100.0,15.7,10599.0,SignalRankStrategy
2025-04-25,603169.SSE,买入,11.860800000000001,1100.0,5.13,13046.88,SignalRankStrategy
2025-04-25,300657.SZSE,买入,87.6745,100.0,5.09,8767.45,SignalRankStrategy
2025-04-25,301029.SZSE,买入,31.169200000000004,400.0,5.12,12467.68,SignalRankStrategy
2025-04-25,688408.SSE,买入,69.51320000000001,100.0,5.07,6951.32,SignalRankStrategy
2025-04-25,688503.SSE,买入,71.85475520000001,100.0,5.07,7185.48,SignalRankStrategy
2025-04-25,688676.SSE,买入,32.11,400.0,5.13,12844.0,SignalRankStrategy
2025-04-25,000737.SZSE,买入,42.288888,300.0,5.13,12686.67,SignalRankStrategy
2025-04-25,002851.SZSE,买入,108.7105,100.0,5.11,10871.05,SignalRankStrategy
2025-04-25,300693.SZSE,买入,102.10528074999996,100.0,5.1,10210.53,SignalRankStrategy
2025-04-25,300068.SZSE,买入,37.069748000000004,300.0,5.11,11120.92,SignalRankStrategy
2025-04-25,300366.SZSE,买入,36.665,300.0,5.11,10999.5,SignalRankStrategy
2025-04-25,688183.SSE,买入,25.860000000000003,500.0,5.13,12930.0,SignalRankStrategy
2025-04-25,688167.SSE,买入,62.32861,200.0,5.12,12465.72,SignalRankStrategy
2025-04-25,600094.SSE,买入,4.122772368649994,3100.0,5.13,12780.59,SignalRankStrategy
2025-04-25,300229.SZSE,买入,92.89251510000001,100.0,5.09,9289.25,SignalRankStrategy
2025-04-25,600986.SSE,买入,41.9552048,300.0,5.13,12586.56,SignalRankStrategy
2025-05-28,000736.SZSE,卖出,19.720830484513638,500.0,14.96,9860.42,SignalRankStrategy
2025-05-28,300068.SZSE,卖出,37.64974800000001,300.0,16.41,11294.92,SignalRankStrategy
2025-05-28,300366.SZSE,卖出,47.98500000000001,300.0,19.54,14395.5,SignalRankStrategy
2025-05-28,300693.SZSE,卖出,103.33134593749998,100.0,15.44,10333.13,SignalRankStrategy
2025-05-28,301029.SZSE,卖出,31.37959999999999,400.0,17.68,12551.84,SignalRankStrategy
2025-05-28,600094.SSE,卖出,4.102772368649995,3100.0,17.85,12718.59,SignalRankStrategy
2025-05-28,600986.SSE,卖出,48.869404800000005,300.0,19.81,14660.82,SignalRankStrategy
2025-05-28,603169.SSE,卖出,13.488800000000005,1100.0,19.99,14837.68,SignalRankStrategy
2025-05-28,603398.SSE,卖出,16.990840000000002,200.0,8.43,3398.17,SignalRankStrategy
2025-05-28,603636.SSE,卖出,58.49334782799999,200.0,16.82,11698.67,SignalRankStrategy
2025-05-28,688141.SSE,卖出,30.74,400.0,17.42,12296.0,SignalRankStrategy
2025-05-28,688167.SSE,卖出,70.08861,200.0,19.16,14017.72,SignalRankStrategy
2025-05-28,688183.SSE,卖出,29.439999999999998,500.0,19.87,14720.0,SignalRankStrategy
2025-05-28,688408.SSE,卖出,66.24499999999999,100.0,11.69,6624.5,SignalRankStrategy
2025-05-28,688676.SSE,卖出,33.04600000000001,400.0,18.35,13218.4,SignalRankStrategy
2025-05-28,301510.SZSE,买入,30.607500000000005,400.0,5.12,12243.0,SignalRankStrategy
2025-05-28,688343.SSE,买入,48.129999999999995,200.0,5.1,9626.0,SignalRankStrategy
2025-05-28,688190.SSE,买入,86.92,100.0,5.09,8692.0,SignalRankStrategy
2025-05-28,688372.SSE,买入,87.076,100.0,5.09,8707.6,SignalRankStrategy
2025-05-28,300475.SZSE,买入,64.70150834479999,200.0,5.13,12940.3,SignalRankStrategy
2025-05-28,300570.SZSE,买入,127.61399999999999,100.0,5.13,12761.4,SignalRankStrategy
2025-05-28,601020.SSE,买入,23.53697600000001,500.0,5.12,11768.49,SignalRankStrategy
2025-05-28,688433.SSE,买入,34.915200000000006,300.0,5.1,10474.56,SignalRankStrategy
2025-05-28,688097.SSE,买入,25.205000000000002,500.0,5.13,12602.5,SignalRankStrategy
2025-05-28,688631.SSE,买入,77.32,100.0,5.08,7732.0,SignalRankStrategy
2025-05-28,300773.SZSE,买入,44.41,300.0,5.13,13323.0,SignalRankStrategy
2025-06-26,000737.SZSE,卖出,45.499492000000004,300.0,18.79,13649.85,SignalRankStrategy
2025-06-26,002851.SZSE,卖出,113.88799999999999,100.0,16.5,11388.8,SignalRankStrategy
2025-06-26,300229.SZSE,卖出,95.5755151,100.0,14.65,9557.55,SignalRankStrategy
2025-06-26,300475.SZSE,卖出,83.23579504679995,200.0,21.81,16647.16,SignalRankStrategy
2025-06-26,300570.SZSE,卖出,172.45,100.0,22.42,17245.0,SignalRankStrategy
2025-06-26,300657.SZSE,卖出,94.7231,100.0,14.57,9472.31,SignalRankStrategy
2025-06-26,300773.SZSE,卖出,69.11,300.0,26.12,20733.0,SignalRankStrategy
2025-06-26,301510.SZSE,卖出,30.267500000000002,400.0,17.23,12107.0,SignalRankStrategy
2025-06-26,601020.SSE,卖出,24.888976,500.0,17.57,12444.49,SignalRankStrategy
2025-06-26,603118.SSE,卖出,26.909800000000004,500.0,18.59,13454.9,SignalRankStrategy
2025-06-26,603496.SSE,卖出,70.41486505135997,100.0,12.11,7041.49,SignalRankStrategy
2025-06-26,688097.SSE,卖出,27.647,500.0,18.96,13823.5,SignalRankStrategy
2025-06-26,688190.SSE,卖出,92.08999999999997,100.0,14.3,9209.0,SignalRankStrategy
2025-06-26,688327.SSE,卖出,19.197999999999997,600.0,16.63,11518.8,SignalRankStrategy
2025-06-26,688343.SSE,卖出,49.86000000000001,200.0,15.07,9972.0,SignalRankStrategy
2025-06-26,688372.SSE,卖出,101.86429999999999,100.0,15.29,10186.43,SignalRankStrategy
2025-06-26,688433.SSE,卖出,35.39520000000001,300.0,15.72,10618.56,SignalRankStrategy
2025-06-26,688503.SSE,卖出,89.43345828799998,100.0,14.03,8943.35,SignalRankStrategy
2025-06-26,688631.SSE,卖出,86.8,100.0,13.77,8680.0,SignalRankStrategy
2025-06-26,688050.SSE,买入,127.102,100.0,5.13,12710.2,SignalRankStrategy
2025-06-26,000719.SZSE,买入,60.36984019987996,200.0,5.12,12073.97,SignalRankStrategy
2025-06-26,600012.SSE,买入,28.452200000000005,500.0,5.14,14226.1,SignalRankStrategy
2025-06-26,688321.SSE,买入,24.67,500.0,5.12,12335.0,SignalRankStrategy
2025-06-26,300119.SZSE,买入,116.97685864313478,100.0,5.12,11697.69,SignalRankStrategy
2025-06-26,601107.SSE,买入,8.161,1700.0,5.14,13873.7,SignalRankStrategy
2025-06-26,601969.SSE,买入,7.63814,1800.0,5.14,13748.65,SignalRankStrategy
2025-06-26,603323.SSE,买入,10.886910000000004,1300.0,5.14,14152.98,SignalRankStrategy
2025-06-26,605296.SSE,买入,42.175,300.0,5.13,12652.5,SignalRankStrategy
2025-06-26,605009.SSE,买入,93.93236000000002,100.0,5.09,9393.24,SignalRankStrategy
2025-06-26,002588.SZSE,买入,87.48134000000005,100.0,5.09,8748.13,SignalRankStrategy
2025-06-26,600908.SSE,买入,7.8,1800.0,5.14,14040.0,SignalRankStrategy
2025-06-26,000902.SZSE,买入,47.97675999999999,300.0,5.14,14393.03,SignalRankStrategy
2025-06-26,002053.SZSE,买入,24.70000000000001,500.0,5.12,12350.0,SignalRankStrategy
2025-06-26,002727.SZSE,买入,37.510000000000005,300.0,5.11,11253.0,SignalRankStrategy
2025-06-26,600315.SSE,买入,94.65552978460003,100.0,5.09,9465.55,SignalRankStrategy
2025-06-26,601369.SSE,买入,19.2225,700.0,5.13,13455.75,SignalRankStrategy
2025-06-26,000420.SZSE,买入,28.572856,500.0,5.14,14286.43,SignalRankStrategy
2025-06-26,000657.SZSE,买入,76.3265119521727,100.0,5.08,7632.65,SignalRankStrategy
2025-06-26,001337.SZSE,买入,24.960000000000004,500.0,5.12,12480.0,SignalRankStrategy
2025-06-26,002215.SZSE,买入,83.64658801600002,100.0,5.08,8364.66,SignalRankStrategy
2025-06-26,002913.SZSE,买入,63.80400000000001,200.0,5.13,12760.8,SignalRankStrategy
2025-06-26,300772.SZSE,买入,22.43323176,600.0,5.13,13459.94,SignalRankStrategy
2025-06-26,600246.SSE,买入,69.91192000000002,200.0,5.14,13982.38,SignalRankStrategy
2025-06-26,600557.SSE,买入,125.55197814922239,100.0,5.13,12555.2,SignalRankStrategy
2025-06-26,002378.SZSE,买入,22.207199999999997,600.0,5.13,13324.32,SignalRankStrategy
2025-06-26,002506.SZSE,买入,24.830430784,500.0,5.12,12415.22,SignalRankStrategy
2025-07-24,000420.SZSE,卖出,30.128144000000002,500.0,20.21,15064.07,SignalRankStrategy
2025-07-24,000657.SZSE,卖出,109.01301565772471,100.0,16.01,10901.3,SignalRankStrategy
2025-07-24,000719.SZSE,卖出,63.72443430899999,200.0,17.87,12744.89,SignalRankStrategy
2025-07-24,000902.SZSE,卖出,50.22475999999998,300.0,20.22,15067.43,SignalRankStrategy
2025-07-24,001337.SZSE,卖出,24.63,500.0,17.44,12315.0,SignalRankStrategy
2025-07-24,002053.SZSE,卖出,24.540000000000006,500.0,17.39,12270.0,SignalRankStrategy
2025-07-24,002215.SZSE,卖出,91.09814561600004,100.0,14.2,9109.81,SignalRankStrategy
2025-07-24,002378.SZSE,卖出,25.255199999999995,600.0,20.3,15153.12,SignalRankStrategy
2025-07-24,002506.SZSE,卖出,26.725089343999997,500.0,18.5,13362.54,SignalRankStrategy
2025-07-24,002588.SZSE,卖出,89.30682000000002,100.0,14.02,8930.68,SignalRankStrategy
2025-07-24,002727.SZSE,卖出,36.01000000000001,300.0,15.91,10803.0,SignalRankStrategy
2025-07-24,002913.SZSE,卖出,75.78929000000001,200.0,20.31,15157.86,SignalRankStrategy
2025-07-24,300119.SZSE,卖出,128.51562968513477,100.0,17.98,12851.56,SignalRankStrategy
2025-07-24,300772.SZSE,卖出,22.76539968,600.0,18.8,13659.24,SignalRankStrategy
2025-07-24,600012.SSE,卖出,28.0002,500.0,19.14,14000.1,SignalRankStrategy
2025-07-24,600246.SSE,卖出,76.30784,200.0,20.41,15261.57,SignalRankStrategy
2025-07-24,600315.SSE,卖出,107.37549598460004,100.0,15.84,10737.55,SignalRankStrategy
2025-07-24,600557.SSE,卖出,135.00157850762233,100.0,18.64,13500.16,SignalRankStrategy
2025-07-24,600908.SSE,卖出,7.840000000000001,1800.0,19.25,14112.0,SignalRankStrategy
2025-07-24,601107.SSE,卖出,7.751,1700.0,18.31,13176.7,SignalRankStrategy
2025-07-24,601369.SSE,卖出,20.192499999999992,700.0,19.28,14134.75,SignalRankStrategy
2025-07-24,601969.SSE,卖出,8.47814,1800.0,20.41,15260.65,SignalRankStrategy
2025-07-24,603323.SSE,卖出,10.520850000000003,1300.0,18.81,13677.11,SignalRankStrategy
2025-07-24,605009.SSE,卖出,91.93065999999999,100.0,14.28,9193.07,SignalRankStrategy
2025-07-24,605296.SSE,卖出,46.49700000000001,300.0,19.09,13949.1,SignalRankStrategy
2025-07-24,688050.SSE,卖出,132.77,100.0,18.41,13277.0,SignalRankStrategy
2025-07-24,688321.SSE,卖出,36.21,500.0,23.29,18105.0,SignalRankStrategy
2025-07-24,002581.SZSE,买入,21.586000000000002,700.0,5.15,15110.2,SignalRankStrategy
2025-07-24,002096.SZSE,买入,81.06249999999999,100.0,5.08,8106.25,SignalRankStrategy
2025-07-24,000600.SZSE,买入,55.004238880767986,200.0,5.11,11000.85,SignalRankStrategy
2025-07-24,000917.SZSE,买入,60.608433459199986,200.0,5.12,12121.69,SignalRankStrategy
2025-07-24,002093.SZSE,买入,151.41,100.0,5.15,15141.0,SignalRankStrategy
2025-07-24,002326.SZSE,买入,76.61550323920001,100.0,5.08,7661.55,SignalRankStrategy
2025-07-24,002416.SZSE,买入,36.76599999999999,400.0,5.15,14706.4,SignalRankStrategy
2025-07-24,002487.SZSE,买入,144.43699999999995,100.0,5.14,14443.7,SignalRankStrategy
2025-07-24,002518.SZSE,买入,124.10152000000002,100.0,5.12,12410.15,SignalRankStrategy
2025-07-24,002967.SZSE,买入,29.169999999999995,500.0,5.15,14585.0,SignalRankStrategy
2025-07-24,600643.SSE,买入,51.95516576927742,200.0,5.1,10391.03,SignalRankStrategy
2025-07-24,601187.SSE,买入,8.719999999999999,1700.0,5.15,14824.0,SignalRankStrategy
2025-07-24,603219.SSE,买入,22.369999999999997,600.0,5.13,13422.0,SignalRankStrategy
2025-07-24,605123.SSE,买入,79.654,100.0,5.08,7965.4,SignalRankStrategy
2025-07-24,605168.SSE,买入,112.24982360700002,100.0,5.11,11224.98,SignalRankStrategy
2025-07-24,688266.SSE,买入,126.91000000000001,100.0,5.13,12691.0,SignalRankStrategy
2025-07-24,688543.SSE,买入,77.6772,100.0,5.08,7767.72,SignalRankStrategy
2025-07-24,688717.SSE,买入,58.9475,200.0,5.12,11789.5,SignalRankStrategy
2025-07-24,000810.SZSE,买入,63.53146,200.0,5.13,12706.29,SignalRankStrategy
2025-07-24,002434.SZSE,买入,55.94134399999999,200.0,5.11,11188.27,SignalRankStrategy
2025-07-24,002617.SZSE,买入,60.115499999999976,200.0,5.12,12023.1,SignalRankStrategy
2025-07-24,002635.SZSE,买入,69.785,200.0,5.14,13957.0,SignalRankStrategy
2025-07-24,002706.SZSE,买入,111.4858,100.0,5.11,11148.58,SignalRankStrategy
2025-07-24,300102.SZSE,买入,60.88999999999999,200.0,5.12,12178.0,SignalRankStrategy
2025-07-24,300183.SZSE,买入,87.866,100.0,5.09,8786.6,SignalRankStrategy
2025-07-24,300261.SZSE,买入,65.86009688320001,200.0,5.13,13172.02,SignalRankStrategy
2025-08-21,000600.SZSE,卖出,55.381241793536,200.0,16.19,11076.25,SignalRankStrategy
2025-08-21,000810.SZSE,卖出,69.40826000000001,200.0,19.02,13881.65,SignalRankStrategy
2025-08-21,000917.SZSE,卖出,62.6671821312,200.0,17.66,12533.44,SignalRankStrategy
2025-08-21,002093.SZSE,卖出,159.43,100.0,21.1,15943.0,SignalRankStrategy
2025-08-21,002096.SZSE,卖出,70.24249999999996,100.0,12.09,7024.25,SignalRankStrategy
2025-08-21,002326.SZSE,卖出,93.03094974079998,100.0,14.4,9303.09,SignalRankStrategy
2025-08-21,002416.SZSE,卖出,38.68999999999999,400.0,20.63,15476.0,SignalRankStrategy
2025-08-21,002434.SZSE,卖出,63.241344,200.0,17.77,12648.27,SignalRankStrategy
2025-08-21,002518.SZSE,卖出,173.71292000000014,100.0,22.55,17371.29,SignalRankStrategy
2025-08-21,002581.SZSE,卖出,22.112,700.0,20.63,15478.4,SignalRankStrategy
2025-08-21,002617.SZSE,卖出,61.548999999999985,200.0,17.43,12309.8,SignalRankStrategy
2025-08-21,002635.SZSE,卖出,80.475,200.0,21.26,16095.0,SignalRankStrategy
2025-08-21,002706.SZSE,卖出,136.3088,100.0,18.77,13630.88,SignalRankStrategy
2025-08-21,002967.SZSE,卖出,36.397999999999996,500.0,23.38,18199.0,SignalRankStrategy
2025-08-21,300102.SZSE,卖出,73.16999999999999,200.0,19.78,14634.0,SignalRankStrategy
2025-08-21,300183.SZSE,卖出,93.08200000000001,100.0,14.4,9308.2,SignalRankStrategy
2025-08-21,300261.SZSE,卖出,72.08309208320003,200.0,19.56,14416.62,SignalRankStrategy
2025-08-21,601187.SSE,卖出,8.18,1700.0,19.05,13906.0,SignalRankStrategy
2025-08-21,603219.SSE,卖出,31.071999999999992,600.0,23.83,18643.2,SignalRankStrategy
2025-08-21,605123.SSE,卖出,77.79399999999998,100.0,12.86,7779.4,SignalRankStrategy
2025-08-21,605168.SSE,卖出,120.90398780424998,100.0,17.21,12090.4,SignalRankStrategy
2025-08-21,688266.SSE,卖出,105.87,100.0,15.69,10587.0,SignalRankStrategy
2025-08-21,688543.SSE,卖出,84.31,100.0,13.52,8431.0,SignalRankStrategy
2025-08-21,300855.SZSE,买入,61.302500000000016,200.0,5.12,12260.5,SignalRankStrategy
2025-08-21,002428.SZSE,买入,150.726,100.0,5.15,15072.6,SignalRankStrategy
2025-08-21,601519.SSE,买入,48.39380000000001,300.0,5.15,14518.14,SignalRankStrategy
2025-08-21,000813.SZSE,买入,16.407424,900.0,5.15,14766.68,SignalRankStrategy
2025-08-21,001914.SZSE,买入,103.93529002047538,100.0,5.1,10393.53,SignalRankStrategy
2025-08-21,002925.SZSE,买入,40.35999999999999,300.0,5.12,12108.0,SignalRankStrategy
2025-08-21,301015.SZSE,买入,28.263000000000005,500.0,5.14,14131.5,SignalRankStrategy
2025-08-21,600129.SSE,买入,78.31619200000004,200.0,5.16,15663.24,SignalRankStrategy
2025-08-21,601595.SSE,买入,40.71499999999998,300.0,5.12,12214.5,SignalRankStrategy
2025-08-21,603063.SSE,买入,36.134,400.0,5.14,14453.6,SignalRankStrategy
2025-08-21,605090.SSE,买入,44.71945199999999,300.0,5.13,13415.84,SignalRankStrategy
2025-08-21,688050.SSE,买入,139.558,100.0,5.14,13955.8,SignalRankStrategy
2025-08-21,688190.SSE,买入,102.17999999999998,100.0,5.1,10218.0,SignalRankStrategy
2025-08-21,603193.SSE,买入,31.480000000000004,500.0,5.16,15740.0,SignalRankStrategy
2025-08-21,600063.SSE,买入,72.92073326495996,200.0,5.15,14584.15,SignalRankStrategy
2025-08-21,002073.SZSE,买入,85.02596299999999,100.0,5.09,8502.6,SignalRankStrategy
2025-08-21,301155.SZSE,买入,78.97000000000001,200.0,5.16,15794.0,SignalRankStrategy
2025-08-21,000737.SZSE,买入,56.41593600000001,200.0,5.11,11283.19,SignalRankStrategy
2025-08-21,600861.SSE,买入,57.05632999999998,200.0,5.11,11411.27,SignalRankStrategy
2025-08-21,603698.SSE,买入,25.077099999999998,600.0,5.15,15046.26,SignalRankStrategy
2025-08-21,300761.SZSE,买入,39.448,400.0,5.16,15779.2,SignalRankStrategy
2025-08-21,601718.SSE,买入,4.418000000000001,3600.0,5.16,15904.8,SignalRankStrategy
2025-08-21,603300.SSE,买入,60.224443839999985,200.0,5.12,12044.89,SignalRankStrategy
2025-08-21,300850.SZSE,买入,112.95217999999998,100.0,5.11,11295.22,SignalRankStrategy
2025-09-18,000813.SZSE,卖出,19.108375999999996,900.0,22.37,17197.54,SignalRankStrategy
2025-09-18,001914.SZSE,卖出,100.36628241547537,100.0,15.14,10036.63,SignalRankStrategy
2025-09-18,002073.SZSE,卖出,85.725963,100.0,13.66,8572.6,SignalRankStrategy
2025-09-18,002428.SZSE,卖出,150.39400000000003,100.0,20.19,15039.4,SignalRankStrategy
2025-09-18,002487.SZSE,卖出,185.14199999999997,100.0,23.7,18514.2,SignalRankStrategy
2025-09-18,002925.SZSE,卖出,38.793,300.0,16.75,11637.9,SignalRankStrategy
2025-09-18,300761.SZSE,卖出,47.56400000000001,400.0,24.22,19025.6,SignalRankStrategy
2025-09-18,300850.SZSE,卖出,106.97877999999997,100.0,15.8,10697.88,SignalRankStrategy
2025-09-18,300855.SZSE,卖出,56.89500000000002,200.0,16.49,11379.0,SignalRankStrategy
2025-09-18,301015.SZSE,卖出,33.043000000000006,500.0,21.69,16521.5,SignalRankStrategy
2025-09-18,301155.SZSE,卖出,84.09,200.0,21.99,16818.0,SignalRankStrategy
2025-09-18,600063.SSE,卖出,82.81149245190397,200.0,21.73,16562.3,SignalRankStrategy
2025-09-18,600129.SSE,卖出,72.70803800000003,200.0,19.69,14541.61,SignalRankStrategy
2025-09-18,600643.SSE,卖出,51.46667722940106,200.0,15.4,10293.34,SignalRankStrategy
2025-09-18,600861.SSE,卖出,54.52667999999998,200.0,16.01,10905.34,SignalRankStrategy
2025-09-18,601519.SSE,卖出,47.43000000000001,300.0,19.37,14229.0,SignalRankStrategy
2025-09-18,601595.SSE,卖出,38.739,300.0,16.74,11621.7,SignalRankStrategy
2025-09-18,601718.SSE,卖出,4.378000000000002,3600.0,20.92,15760.8,SignalRankStrategy
2025-09-18,603063.SSE,卖出,35.523999999999994,400.0,19.35,14209.6,SignalRankStrategy
2025-09-18,603193.SSE,卖出,29.55,500.0,19.92,14775.0,SignalRankStrategy
2025-09-18,603300.SSE,卖出,56.14332384,200.0,16.34,11228.66,SignalRankStrategy
2025-09-18,603698.SSE,卖出,27.2996,600.0,21.54,16379.76,SignalRankStrategy
2025-09-18,605090.SSE,卖出,47.72625199999999,300.0,19.46,14317.88,SignalRankStrategy
2025-09-18,688050.SSE,卖出,140.04200000000003,100.0,19.14,14004.2,SignalRankStrategy
2025-09-18,688190.SSE,卖出,117.84999999999998,100.0,16.9,11785.0,SignalRankStrategy
2025-09-18,688717.SSE,卖出,76.13749999999999,200.0,20.38,15227.5,SignalRankStrategy
2025-09-18,600475.SSE,买入,69.00499200000007,200.0,5.14,13801.0,SignalRankStrategy
2025-09-18,600967.SSE,买入,100.171016,100.0,5.1,10017.1,SignalRankStrategy
2025-09-18,601606.SSE,买入,47.192,300.0,5.14,14157.6,SignalRankStrategy
2025-09-18,688658.SSE,买入,27.420000000000005,600.0,5.16,16452.0,SignalRankStrategy
2025-09-18,002174.SZSE,买入,39.017925999999996,400.0,5.16,15607.17,SignalRankStrategy
2025-09-18,600057.SSE,买入,93.60587629444652,100.0,5.09,9360.59,SignalRankStrategy
2025-09-18,600810.SSE,买入,51.41565921800004,300.0,5.15,15424.7,SignalRankStrategy
2025-09-18,603099.SSE,买入,49.880500000000005,300.0,5.15,14964.15,SignalRankStrategy
2025-09-18,603530.SSE,买入,31.280000000000005,500.0,5.16,15640.0,SignalRankStrategy
2025-09-18,301626.SZSE,买入,125.17000000000002,100.0,5.13,12517.0,SignalRankStrategy
2025-09-18,601778.SSE,买入,4.07267,4100.0,5.17,16697.95,SignalRankStrategy
2025-09-18,002265.SZSE,买入,31.141000000000005,500.0,5.16,15570.5,SignalRankStrategy
2025-09-18,600997.SSE,买入,32.64738859999999,500.0,5.16,16323.69,SignalRankStrategy
2025-09-18,603567.SSE,买入,27.272000000000002,600.0,5.16,16363.2,SignalRankStrategy
2025-09-18,002959.SZSE,买入,75.66900000000001,200.0,5.15,15133.8,SignalRankStrategy
2025-09-18,301325.SZSE,买入,83.80199999999999,100.0,5.08,8380.2,SignalRankStrategy
2025-09-18,600596.SSE,买入,119.16755320000001,100.0,5.12,11916.76,SignalRankStrategy
2025-09-18,600821.SSE,买入,35.396500270000004,400.0,5.14,14158.6,SignalRankStrategy
2025-09-18,603100.SSE,买入,35.194500000000005,400.0,5.14,14077.8,SignalRankStrategy
2025-09-18,002612.SZSE,买入,43.15,300.0,5.13,12945.0,SignalRankStrategy
2025-09-18,600315.SSE,买入,119.25431178460005,100.0,5.12,11925.43,SignalRankStrategy
2025-09-18,601949.SSE,买入,7.938,2100.0,5.17,16669.8,SignalRankStrategy
2025-09-18,300102.SZSE,买入,67.24,200.0,5.13,13448.0,SignalRankStrategy
2025-09-18,301109.SZSE,买入,35.099999999999994,400.0,5.14,14040.0,SignalRankStrategy
2025-09-18,600059.SSE,买入,111.6836084800001,100.0,5.11,11168.36,SignalRankStrategy
2025-10-24,000737.SZSE,卖出,79.3387,200.0,21.03,15867.74,SignalRankStrategy
2025-10-24,002174.SZSE,卖出,40.287926,400.0,21.28,16115.17,SignalRankStrategy
2025-10-24,002612.SZSE,卖出,41.39,300.0,17.54,12417.0,SignalRankStrategy
2025-10-24,002959.SZSE,卖出,70.501,200.0,19.24,14100.2,SignalRankStrategy
2025-10-24,300102.SZSE,卖出,63.21999999999999,200.0,17.77,12644.0,SignalRankStrategy
2025-10-24,301109.SZSE,卖出,35.184999999999995,400.0,19.21,14074.0,SignalRankStrategy
2025-10-24,301325.SZSE,卖出,68.026,100.0,11.87,6802.6,SignalRankStrategy
2025-10-24,301626.SZSE,卖出,126.55000000000001,100.0,17.78,12655.0,SignalRankStrategy
2025-10-24,600057.SSE,卖出,96.91741559283604,100.0,14.79,9691.74,SignalRankStrategy
2025-10-24,600059.SSE,卖出,111.54022496000009,100.0,16.27,11154.02,SignalRankStrategy
2025-10-24,600315.SSE,卖出,117.06447892460005,100.0,16.82,11706.45,SignalRankStrategy
2025-10-24,600596.SSE,卖出,113.14657360000002,100.0,16.43,11314.66,SignalRankStrategy
2025-10-24,600810.SSE,卖出,54.002683638000036,300.0,21.36,16200.81,SignalRankStrategy
2025-10-24,600821.SSE,卖出,35.44140641000001,400.0,19.32,14176.56,SignalRankStrategy
2025-10-24,600997.SSE,卖出,34.156888599999995,500.0,22.25,17078.44,SignalRankStrategy
2025-10-24,601778.SSE,卖出,3.6326700000000005,4100.0,20.04,14893.95,SignalRankStrategy
2025-10-24,601949.SSE,卖出,7.867999999999999,2100.0,21.69,16522.8,SignalRankStrategy
2025-10-24,603099.SSE,卖出,52.610500000000016,300.0,20.94,15783.15,SignalRankStrategy
2025-10-24,603100.SSE,卖出,34.862500000000004,400.0,19.08,13945.0,SignalRankStrategy
2025-10-24,603530.SSE,卖出,37.21,500.0,23.79,18605.0,SignalRankStrategy
2025-10-24,603567.SSE,卖出,26.672,600.0,21.16,16003.2,SignalRankStrategy
2025-10-24,603300.SSE,买入,39.80908383999999,400.0,5.16,15923.63,SignalRankStrategy
2025-10-24,688166.SSE,买入,52.90199999999999,300.0,5.16,15870.6,SignalRankStrategy
2025-10-24,688062.SSE,买入,42.239999999999995,300.0,5.13,12672.0,SignalRankStrategy
2025-10-24,300723.SZSE,买入,144.738,100.0,5.14,14473.8,SignalRankStrategy
2025-10-24,688321.SSE,买入,28.91,500.0,5.14,14455.0,SignalRankStrategy
2025-10-24,002716.SZSE,买入,24.988000000000007,600.0,5.15,14992.8,SignalRankStrategy
2025-10-24,002488.SZSE,买入,59.73999999999999,200.0,5.12,11948.0,SignalRankStrategy
2025-10-24,600012.SSE,买入,25.277000000000005,600.0,5.15,15166.2,SignalRankStrategy
2025-10-24,003006.SZSE,买入,25.260000000000005,600.0,5.15,15156.0,SignalRankStrategy
2025-10-24,300492.SZSE,买入,157.01849399999998,100.0,5.16,15701.85,SignalRankStrategy
2025-10-24,002545.SZSE,买入,72.65500000000002,200.0,5.15,14531.0,SignalRankStrategy
2025-10-24,002967.SZSE,买入,34.289999999999985,400.0,5.14,13716.0,SignalRankStrategy
2025-10-24,300602.SZSE,买入,145.736688913055,100.0,5.15,14573.67,SignalRankStrategy
2025-10-24,301039.SZSE,买入,10.849999999999998,1500.0,5.16,16275.0,SignalRankStrategy
2025-10-24,600775.SSE,买入,16.549525000000003,900.0,5.15,14894.57,SignalRankStrategy
2025-11-21,002265.SZSE,卖出,26.621000000000002,500.0,18.44,13310.5,SignalRankStrategy
2025-11-21,002488.SZSE,卖出,55.16375,200.0,16.14,11032.75,SignalRankStrategy
2025-11-21,002545.SZSE,卖出,84.06500000000003,200.0,21.98,16813.0,SignalRankStrategy
2025-11-21,002716.SZSE,卖出,23.210200000000004,600.0,19.07,13926.12,SignalRankStrategy
2025-11-21,002967.SZSE,卖出,33.30999999999999,400.0,18.46,13324.0,SignalRankStrategy
2025-11-21,003006.SZSE,卖出,23.130000000000003,600.0,19.02,13878.0,SignalRankStrategy
2025-11-21,300492.SZSE,卖出,157.593494,100.0,20.92,15759.35,SignalRankStrategy
2025-11-21,301039.SZSE,卖出,11.23,1500.0,22.01,16845.0,SignalRankStrategy
2025-11-21,600012.SSE,卖出,26.217000000000002,600.0,20.89,15730.2,SignalRankStrategy
2025-11-21,600475.SSE,卖出,67.53132160000006,200.0,18.64,13506.26,SignalRankStrategy
2025-11-21,600775.SSE,卖出,15.868025000000005,900.0,19.42,14281.22,SignalRankStrategy
2025-11-21,600967.SSE,卖出,89.53821599999999,100.0,14.04,8953.82,SignalRankStrategy
2025-11-21,601606.SSE,卖出,51.19200000000001,300.0,20.51,15357.6,SignalRankStrategy
2025-11-21,688062.SSE,卖出,41.99,300.0,17.72,12597.0,SignalRankStrategy
2025-11-21,688166.SSE,卖出,51.46199999999999,300.0,20.59,15438.6,SignalRankStrategy
2025-11-21,688321.SSE,卖出,27.39,500.0,18.83,13695.0,SignalRankStrategy
2025-11-21,688658.SSE,卖出,24.719999999999995,600.0,19.98,14832.0,SignalRankStrategy
2025-11-21,688660.SSE,买入,16.075,1000.0,5.16,16075.0,SignalRankStrategy
2025-11-21,600094.SSE,买入,7.758234958849994,2000.0,5.16,15516.47,SignalRankStrategy
2025-11-21,688631.SSE,买入,62.31999999999999,200.0,5.12,12464.0,SignalRankStrategy
2025-11-21,688326.SSE,买入,91.24000000000001,100.0,5.09,9124.0,SignalRankStrategy
2025-11-21,688709.SSE,买入,36.80200000000001,400.0,5.15,14720.8,SignalRankStrategy
2025-11-21,688503.SSE,买入,118.125794288,100.0,5.12,11812.58,SignalRankStrategy
2025-11-21,688306.SSE,买入,10.57,1500.0,5.16,15855.0,SignalRankStrategy
2025-11-21,688343.SSE,买入,69.99,200.0,5.14,13998.0,SignalRankStrategy
2025-11-21,601869.SSE,买入,76.819,200.0,5.15,15363.8,SignalRankStrategy
2025-11-21,688400.SSE,买入,35.50999999999999,400.0,5.14,14204.0,SignalRankStrategy
2025-11-21,688141.SSE,买入,38.16,400.0,5.15,15264.0,SignalRankStrategy
2025-11-21,688206.SSE,买入,33.120000000000005,400.0,5.13,13248.0,SignalRankStrategy
2025-11-21,600595.SSE,买入,43.67275440000002,300.0,5.13,13101.83,SignalRankStrategy
2025-11-21,301631.SZSE,买入,144.07999999999998,100.0,5.14,14408.0,SignalRankStrategy
2025-11-21,300468.SZSE,买入,155.07329776612178,100.0,5.16,15507.33,SignalRankStrategy
2025-11-21,001311.SZSE,买入,56.96450000000001,200.0,5.11,11392.9,SignalRankStrategy
2025-11-21,002006.SZSE,买入,158.345,100.0,5.16,15834.5,SignalRankStrategy
2025-11-21,002073.SZSE,买入,84.035963,100.0,5.08,8403.6,SignalRankStrategy
2025-11-21,002832.SZSE,买入,94.39550000000003,100.0,5.09,9439.55,SignalRankStrategy
2025-11-21,600461.SSE,买入,44.437992320000006,300.0,5.13,13331.4,SignalRankStrategy
2025-11-21,600623.SSE,买入,25.55048900000002,600.0,5.15,15330.29,SignalRankStrategy
2025-11-21,603103.SSE,买入,23.365400000000005,600.0,5.14,14019.24,SignalRankStrategy
2025-11-21,603308.SSE,买入,50.9146,300.0,5.15,15274.38,SignalRankStrategy
2025-12-19,001311.SZSE,卖出,69.90679999999999,200.0,19.12,13981.36,SignalRankStrategy
2025-12-19,002006.SZSE,卖出,157.45020000000002,100.0,20.9,15745.02,SignalRankStrategy
2025-12-19,002073.SZSE,卖出,77.62596299999998,100.0,12.84,7762.6,SignalRankStrategy
2025-12-19,002832.SZSE,卖出,89.41337,100.0,14.03,8941.34,SignalRankStrategy
2025-12-19,300468.SZSE,卖出,149.96071328118262,100.0,20.15,14996.07,SignalRankStrategy
2025-12-19,300602.SZSE,卖出,140.632594313055,100.0,19.2,14063.26,SignalRankStrategy
2025-12-19,301631.SZSE,卖出,146.64999999999998,100.0,19.81,14665.0,SignalRankStrategy
2025-12-19,600461.SSE,卖出,45.45479232,300.0,18.77,13636.44,SignalRankStrategy
2025-12-19,600595.SSE,卖出,53.48389000000002,300.0,21.21,16045.17,SignalRankStrategy
2025-12-19,600623.SSE,卖出,23.828789000000015,600.0,19.44,14297.27,SignalRankStrategy
2025-12-19,601869.SSE,卖出,112.79899999999999,200.0,28.43,22559.8,SignalRankStrategy
2025-12-19,603103.SSE,卖出,23.1494,600.0,19.03,13889.64,SignalRankStrategy
2025-12-19,603300.SSE,卖出,37.92316383999999,400.0,20.32,15169.27,SignalRankStrategy
2025-12-19,603308.SSE,卖出,59.9386,300.0,23.16,17981.58,SignalRankStrategy
2025-12-19,688206.SSE,卖出,34.220000000000006,400.0,18.82,13688.0,SignalRankStrategy
2025-12-19,688326.SSE,卖出,98.7,100.0,14.97,9870.0,SignalRankStrategy
2025-12-19,688343.SSE,卖出,70.99,200.0,19.34,14198.0,SignalRankStrategy
2025-12-19,688400.SSE,卖出,41.93,400.0,21.94,16772.0,SignalRankStrategy
2025-12-19,688503.SSE,卖出,127.13024228799999,100.0,17.84,12713.02,SignalRankStrategy
2025-12-19,688709.SSE,卖出,41.04200000000001,400.0,21.58,16416.8,SignalRankStrategy
2025-12-19,002488.SZSE,买入,46.12749999999999,300.0,5.14,13838.25,SignalRankStrategy
2025-12-19,002320.SZSE,买入,135.1317458,100.0,5.14,13513.17,SignalRankStrategy
2025-12-19,600986.SSE,买入,41.4004688,400.0,5.17,16560.19,SignalRankStrategy
2025-12-19,600403.SSE,买入,40.220236,400.0,5.16,16088.09,SignalRankStrategy
2025-12-19,600751.SSE,买入,15.604130759999999,1000.0,5.16,15604.13,SignalRankStrategy
2025-12-19,603026.SSE,买入,74.44999999999999,200.0,5.15,14890.0,SignalRankStrategy
2025-12-19,688596.SSE,买入,30.71038,500.0,5.15,15355.19,SignalRankStrategy
2025-12-19,300457.SZSE,买入,148.59729624999997,100.0,5.15,14859.73,SignalRankStrategy
2025-12-19,002326.SZSE,买入,129.76242818079996,100.0,5.13,12976.24,SignalRankStrategy
2025-12-19,002182.SZSE,买入,60.611999999999995,200.0,5.12,12122.4,SignalRankStrategy
2025-12-19,300415.SZSE,买入,97.27400000000002,100.0,5.1,9727.4,SignalRankStrategy
2025-12-19,600869.SSE,买入,78.8668,200.0,5.16,15773.36,SignalRankStrategy
2025-12-19,603119.SSE,买入,117.45349999999999,100.0,5.12,11745.35,SignalRankStrategy
2025-12-19,688116.SSE,买入,68.97908000000001,200.0,5.14,13795.82,SignalRankStrategy
2025-12-19,600776.SSE,买入,66.21193,200.0,5.13,13242.39,SignalRankStrategy
2025-12-19,688409.SSE,买入,105.69800000000002,100.0,5.11,10569.8,SignalRankStrategy
2025-12-19,002023.SZSE,买入,121.85486800000002,100.0,5.12,12185.49,SignalRankStrategy
2025-12-19,002967.SZSE,买入,35.71399999999999,400.0,5.14,14285.6,SignalRankStrategy
2025-12-19,301291.SZSE,买入,43.79,300.0,5.13,13137.0,SignalRankStrategy
2026-01-20,002023.SZSE,卖出,138.52734800000002,100.0,18.99,13852.73,SignalRankStrategy
2026-01-20,002182.SZSE,卖出,80.752,200.0,21.31,16150.4,SignalRankStrategy
2026-01-20,002320.SZSE,卖出,141.2809218,100.0,19.27,14128.09,SignalRankStrategy
2026-01-20,002326.SZSE,卖出,161.483737232,100.0,21.31,16148.37,SignalRankStrategy
2026-01-20,002488.SZSE,卖出,71.13874999999997,300.0,26.89,21341.62,SignalRankStrategy
2026-01-20,002967.SZSE,卖出,40.653999999999996,400.0,21.42,16261.6,SignalRankStrategy
2026-01-20,300415.SZSE,卖出,108.09000000000002,100.0,15.92,10809.0,SignalRankStrategy
2026-01-20,300457.SZSE,卖出,173.38354625,100.0,22.51,17338.35,SignalRankStrategy
2026-01-20,301291.SZSE,卖出,51.85,300.0,20.71,15555.0,SignalRankStrategy
2026-01-20,600094.SSE,卖出,11.302413968849995,2000.0,28.48,22604.83,SignalRankStrategy
2026-01-20,600751.SSE,卖出,17.7886692,1000.0,22.97,17788.67,SignalRankStrategy
2026-01-20,600776.SSE,卖出,81.67312999999994,200.0,21.5,16334.63,SignalRankStrategy
2026-01-20,600869.SSE,卖出,103.2308,200.0,26.01,20646.16,SignalRankStrategy
2026-01-20,600986.SSE,卖出,56.6357088,400.0,28.54,22654.28,SignalRankStrategy
2026-01-20,603026.SSE,卖出,75.52999999999996,200.0,20.26,15106.0,SignalRankStrategy
2026-01-20,603119.SSE,卖出,155.4195,100.0,20.7,15541.95,SignalRankStrategy
2026-01-20,688116.SSE,卖出,75.47107999999999,200.0,20.25,15094.22,SignalRankStrategy
2026-01-20,688141.SSE,卖出,46.49,400.0,23.78,18596.0,SignalRankStrategy
2026-01-20,688306.SSE,卖出,12.14,1500.0,23.39,18210.0,SignalRankStrategy
2026-01-20,688409.SSE,卖出,136.388,100.0,18.78,13638.8,SignalRankStrategy
2026-01-20,688596.SSE,卖出,36.99038,500.0,23.68,18495.19,SignalRankStrategy
2026-01-20,688631.SSE,卖出,76.19,200.0,20.39,15238.0,SignalRankStrategy
2026-01-20,688660.SSE,卖出,16.384999999999998,1000.0,21.55,16385.0,SignalRankStrategy
2026-01-20,300779.SZSE,买入,149.80799999999996,100.0,5.15,14980.8,SignalRankStrategy
2026-01-20,603308.SSE,买入,77.5426,200.0,5.16,15508.52,SignalRankStrategy
2026-01-20,688652.SSE,买入,130.20999999999998,100.0,5.13,13021.0,SignalRankStrategy
2026-01-20,688523.SSE,买入,66.38000000000001,200.0,5.13,13276.0,SignalRankStrategy
2026-01-20,002985.SZSE,买入,84.17803000000004,200.0,5.17,16835.61,SignalRankStrategy
2026-01-20,001203.SZSE,买入,30.250000000000004,600.0,5.18,18150.0,SignalRankStrategy
2026-01-20,301556.SZSE,买入,116.1815,100.0,5.12,11618.15,SignalRankStrategy
2026-01-20,300171.SZSE,买入,155.03220300554722,100.0,5.16,15503.22,SignalRankStrategy
2026-01-20,000688.SZSE,买入,132.87617116799998,100.0,5.13,13287.62,SignalRankStrategy
2026-01-20,300910.SZSE,买入,122.622,100.0,5.12,12262.2,SignalRankStrategy
2026-01-20,603456.SSE,买入,79.41,200.0,5.16,15882.0,SignalRankStrategy
2026-01-20,300702.SZSE,买入,71.06863496000003,200.0,5.14,14213.73,SignalRankStrategy
2026-01-20,600827.SSE,买入,85.64794346948219,200.0,5.17,17129.59,SignalRankStrategy
2026-01-20,603358.SSE,买入,154.94551999999996,100.0,5.15,15494.55,SignalRankStrategy
2026-01-20,688382.SSE,买入,29.310000000000002,600.0,5.18,17586.0,SignalRankStrategy
2026-01-20,688690.SSE,买入,28.186840000000004,600.0,5.17,16912.1,SignalRankStrategy
2026-01-20,688696.SSE,买入,162.28751999999997,100.0,5.16,16228.75,SignalRankStrategy
2026-01-20,002901.SZSE,买入,53.959999999999994,300.0,5.16,16188.0,SignalRankStrategy
2026-01-20,002324.SZSE,买入,147.23154719999997,100.0,5.15,14723.15,SignalRankStrategy
2026-01-20,603983.SSE,买入,36.09,500.0,5.18,18045.0,SignalRankStrategy
2026-01-20,600783.SSE,买入,185.92048450000004,100.0,5.19,18592.05,SignalRankStrategy
2026-01-20,002416.SZSE,买入,39.429999999999986,400.0,5.16,15772.0,SignalRankStrategy
2026-01-20,301571.SZSE,买入,60.107,300.0,5.18,18032.1,SignalRankStrategy
2026-02-25,000688.SZSE,卖出,179.66598044800006,100.0,23.15,17966.6,SignalRankStrategy
2026-02-25,001203.SZSE,卖出,38.17,600.0,28.86,22902.0,SignalRankStrategy
2026-02-25,002324.SZSE,卖出,138.97474720000002,100.0,19.04,13897.47,SignalRankStrategy
2026-02-25,002416.SZSE,卖出,40.58599999999999,400.0,21.4,16234.4,SignalRankStrategy
2026-02-25,002901.SZSE,卖出,51.64,300.0,20.65,15492.0,SignalRankStrategy
2026-02-25,002985.SZSE,卖出,99.62803000000002,200.0,25.12,19925.61,SignalRankStrategy
2026-02-25,300171.SZSE,卖出,152.14988552154725,100.0,20.37,15214.99,SignalRankStrategy
2026-02-25,300702.SZSE,卖出,68.95423902,200.0,18.93,13790.85,SignalRankStrategy
2026-02-25,300910.SZSE,卖出,118.40299999999999,100.0,16.96,11840.3,SignalRankStrategy
2026-02-25,301571.SZSE,卖出,54.99700000000001,300.0,21.66,16499.1,SignalRankStrategy
2026-02-25,600403.SSE,卖出,41.183036,400.0,21.64,16473.21,SignalRankStrategy
2026-02-25,600783.SSE,卖出,163.85004050000006,100.0,21.55,16385.0,SignalRankStrategy
2026-02-25,600827.SSE,卖出,83.38146599601338,200.0,21.84,16676.29,SignalRankStrategy
2026-02-25,603308.SSE,卖出,95.59660000000001,200.0,24.31,19119.32,SignalRankStrategy
2026-02-25,603358.SSE,卖出,145.3764,100.0,19.68,14537.64,SignalRankStrategy
2026-02-25,603456.SSE,卖出,72.76599999999999,200.0,19.7,14553.2,SignalRankStrategy
2026-02-25,603983.SSE,卖出,33.17,500.0,21.75,16585.0,SignalRankStrategy
2026-02-25,688652.SSE,卖出,123.13,100.0,17.44,12313.0,SignalRankStrategy
2026-02-25,688690.SSE,卖出,28.33684,600.0,22.17,17002.1,SignalRankStrategy
2026-02-25,688696.SSE,卖出,145.11751999999998,100.0,19.66,14511.75,SignalRankStrategy
2026-02-25,603039.SSE,买入,182.20465216,100.0,5.18,18220.47,SignalRankStrategy
2026-02-25,300378.SZSE,买入,105.78646345600004,100.0,5.11,10578.65,SignalRankStrategy
2026-02-25,603171.SSE,买入,61.019999999999996,300.0,5.18,18306.0,SignalRankStrategy
2026-02-25,300455.SZSE,买入,96.95860000000002,100.0,5.1,9695.86,SignalRankStrategy
2026-02-25,600151.SSE,买入,75.82030912000005,200.0,5.15,15164.06,SignalRankStrategy
2026-02-25,301275.SZSE,买入,56.852,300.0,5.17,17055.6,SignalRankStrategy
2026-02-25,002163.SZSE,买入,70.74500000000002,200.0,5.14,14149.0,SignalRankStrategy
2026-02-25,300762.SZSE,买入,162.93562400000005,100.0,5.16,16293.56,SignalRankStrategy
2026-02-25,300492.SZSE,买入,175.939494,100.0,5.18,17593.95,SignalRankStrategy
2026-02-25,603119.SSE,买入,123.5245,100.0,5.12,12352.45,SignalRankStrategy
2026-02-25,688698.SSE,买入,84.99875,200.0,5.17,16999.75,SignalRankStrategy
2026-02-25,000555.SZSE,买入,55.54036724000001,300.0,5.17,16662.11,SignalRankStrategy
2026-02-25,002003.SZSE,买入,180.4531767527999,100.0,5.18,18045.32,SignalRankStrategy
2026-02-25,002043.SZSE,买入,118.67431390000004,100.0,5.12,11867.43,SignalRankStrategy
2026-02-25,002541.SZSE,买入,92.678994,200.0,5.19,18535.8,SignalRankStrategy
2026-02-25,002839.SZSE,买入,7.238,2600.0,5.19,18818.8,SignalRankStrategy
2026-02-25,600595.SSE,买入,58.462958400000026,300.0,5.18,17538.89,SignalRankStrategy
2026-02-25,300027.SZSE,买入,32.305371344,500.0,5.16,16152.69,SignalRankStrategy
2026-02-25,603306.SSE,买入,173.10340499999998,100.0,5.17,17310.34,SignalRankStrategy
2026-02-25,000935.SZSE,买入,73.25941201307263,200.0,5.15,14651.88,SignalRankStrategy
2026-03-23,300723.SZSE,卖出,85.48000000000003,70.0,11.04,5983.6,__RISK_DRAWDOWN__
2026-03-23,300779.SZSE,卖出,125.18999999999998,70.0,13.85,8763.3,__RISK_DRAWDOWN__
2026-03-23,688523.SSE,卖出,59.95,140.0,13.48,8393.0,__RISK_DRAWDOWN__
2026-03-23,301556.SZSE,卖出,84.8115,70.0,11.0,5936.8,__RISK_DRAWDOWN__
2026-03-23,688382.SSE,卖出,17.49,420.0,12.42,7345.8,__RISK_DRAWDOWN__
2026-03-23,603039.SSE,卖出,150.35375936000003,70.0,15.63,10524.76,__RISK_DRAWDOWN__
2026-03-23,300378.SZSE,卖出,88.82759345600003,70.0,11.28,6217.93,__RISK_DRAWDOWN__
2026-03-23,603171.SSE,卖出,53.190000000000005,210.0,16.28,11169.9,__RISK_DRAWDOWN__
2026-03-23,300455.SZSE,卖出,83.4706,70.0,10.9,5842.94,__RISK_DRAWDOWN__
2026-03-23,600151.SSE,卖出,65.06391488000001,140.0,14.2,9108.95,__RISK_DRAWDOWN__
2026-03-23,301275.SZSE,卖出,38.602000000000004,210.0,13.19,8106.42,__RISK_DRAWDOWN__
2026-03-23,002163.SZSE,卖出,57.67500000000001,140.0,13.16,8074.5,__RISK_DRAWDOWN__
2026-03-23,300762.SZSE,卖出,141.69834400000005,70.0,15.02,9918.88,__RISK_DRAWDOWN__
2026-03-23,300492.SZSE,卖出,149.21589400000002,70.0,15.55,10445.11,__RISK_DRAWDOWN__
2026-03-23,603119.SSE,卖出,95.06049999999999,70.0,11.72,6654.23,__RISK_DRAWDOWN__
2026-03-23,688698.SSE,卖出,67.17875,140.0,14.5,9405.02,__RISK_DRAWDOWN__
2026-03-23,000555.SZSE,卖出,52.286367240000004,210.0,16.09,10980.14,__RISK_DRAWDOWN__
2026-03-23,002003.SZSE,卖出,172.5268636108,70.0,17.2,12076.88,__RISK_DRAWDOWN__
2026-03-23,002043.SZSE,卖出,108.85331389999997,70.0,12.7,7619.73,__RISK_DRAWDOWN__
2026-03-23,002541.SZSE,卖出,87.15999399999998,140.0,17.32,12202.4,__RISK_DRAWDOWN__
2026-03-23,002839.SZSE,卖出,7.062,1820.0,17.98,12852.84,__RISK_DRAWDOWN__
2026-03-23,600595.SSE,卖出,47.393806000000026,210.0,15.05,9952.7,__RISK_DRAWDOWN__
2026-03-23,300027.SZSE,卖出,26.527773264000004,350.0,14.38,9284.72,__RISK_DRAWDOWN__
2026-03-23,603306.SSE,卖出,157.07390500000002,70.0,16.11,10995.17,__RISK_DRAWDOWN__
2026-03-23,000935.SZSE,卖出,64.35831594507263,140.0,14.1,9010.16,__RISK_DRAWDOWN__
2026-03-25,000555.SZSE,卖出,50.931167240000015,90.0,9.63,4583.81,SignalRankStrategy
2026-03-25,000935.SZSE,卖出,63.45515363307261,60.0,8.85,3807.31,SignalRankStrategy
2026-03-25,002003.SZSE,卖出,168.75616042,30.0,10.11,5062.68,SignalRankStrategy
2026-03-25,002043.SZSE,卖出,108.9127139,30.0,8.3,3267.38,SignalRankStrategy
2026-03-25,002163.SZSE,卖出,58.62000000000002,60.0,8.55,3517.2,SignalRankStrategy
2026-03-25,002541.SZSE,卖出,88.21299399999998,60.0,10.35,5292.78,SignalRankStrategy
2026-03-25,002839.SZSE,卖出,6.990000000000001,780.0,10.51,5452.2,SignalRankStrategy
2026-03-25,300027.SZSE,卖出,26.815653168000004,150.0,9.06,4022.35,SignalRankStrategy
2026-03-25,300378.SZSE,卖出,85.81770345600005,30.0,7.6,2574.53,SignalRankStrategy
2026-03-25,300455.SZSE,卖出,87.147,30.0,7.64,2614.41,SignalRankStrategy
2026-03-25,300492.SZSE,卖出,143.242094,30.0,9.34,4297.26,SignalRankStrategy
2026-03-25,300723.SZSE,卖出,85.23700000000002,30.0,7.58,2557.11,SignalRankStrategy
2026-03-25,300762.SZSE,卖出,139.93706400000002,30.0,9.24,4198.11,SignalRankStrategy
2026-03-25,300779.SZSE,卖出,121.88599999999998,30.0,8.69,3656.58,SignalRankStrategy
2026-03-25,600151.SSE,卖出,65.97765056000004,60.0,9.0,3958.66,SignalRankStrategy
2026-03-25,603039.SSE,卖出,147.115472,30.0,9.46,4413.46,SignalRankStrategy
2026-03-25,603171.SSE,卖出,50.970000000000006,90.0,9.63,4587.3,SignalRankStrategy
2026-03-25,603306.SSE,卖出,158.92640500000002,30.0,9.82,4767.79,SignalRankStrategy
2026-03-25,688382.SSE,卖出,17.589999999999996,180.0,8.2,3166.2,SignalRankStrategy
2026-03-25,688523.SSE,卖出,59.99,60.0,8.64,3599.4,SignalRankStrategy
2026-03-25,688698.SSE,卖出,66.02875,60.0,9.0,3961.73,SignalRankStrategy
2026-04-23,301556.SZSE,卖出,91.8115,30.0,7.78,2754.34,SignalRankStrategy
2026-04-23,600595.SSE,卖出,63.402026800000044,90.0,10.76,5706.18,SignalRankStrategy
2026-05-26,301275.SZSE,卖出,46.392,90.0,9.22,4175.28,SignalRankStrategy
2026-05-26,603119.SSE,卖出,142.69250000000002,30.0,9.32,4280.78,SignalRankStrategy
