date,equity,ret
2025-08-25,50000.0,0.0
2025-08-26,50000.0,0.0
2025-08-27,50000.0,0.0
2025-08-28,50000.0,0.0
2025-08-29,50000.0,0.0
2025-09-01,50000.0,0.0
2025-09-02,50000.0,0.0
2025-09-03,50000.0,0.0
2025-09-04,50000.0,0.0
2025-09-05,50000.0,0.0
2025-09-08,49791.37,-0.004173
2025-09-09,49762.28,-0.000584
2025-09-10,49897.01,0.002707
2025-09-11,49993.48,0.001933
2025-09-12,50127.33,0.002677
2025-09-15,50127.33,0.0
2025-09-16,49890.38,-0.004727
2025-09-17,49963.37,0.001463
2025-09-18,50162.83,0.003992
2025-09-19,50162.83,0.0
2025-09-22,50162.83,0.0
2025-09-23,50162.83,0.0
2025-09-24,50222.17,0.001183
2025-09-25,50255.58,0.000665
2025-09-26,50272.48,0.000336
2025-09-29,50272.48,0.0
2025-09-30,50272.48,0.0
2025-10-09,50371.87,0.001977
2025-10-10,50371.87,0.0
2025-10-13,50857.48,0.009641
2025-10-14,50756.28,-0.00199
2025-10-15,50405.84,-0.006904
2025-10-16,50476.3,0.001398
2025-10-17,50472.9,-6.7e-05
2025-10-20,50472.9,0.0
2025-10-21,50388.46,-0.001673
2025-10-22,50470.12,0.00162
2025-10-23,50470.12,0.0
2025-10-24,50470.12,0.0
2025-10-27,50533.04,0.001247
2025-10-28,50533.04,0.0
2025-10-29,50533.04,0.0
2025-10-30,50533.04,0.0
2025-10-31,50533.04,0.0
2025-11-03,50533.04,0.0
2025-11-04,50533.04,0.0
2025-11-05,50592.0,0.001167
2025-11-06,50592.0,0.0
2025-11-07,50592.0,0.0
2025-11-10,50910.34,0.006292
2025-11-11,50910.34,0.0
2025-11-12,50987.91,0.001524
2025-11-13,50987.91,0.0
2025-11-14,51271.06,0.005553
2025-11-17,51564.3,0.005719
2025-11-18,51613.44,0.000953
2025-11-19,51708.74,0.001846
2025-11-20,51931.19,0.004302
2025-11-21,52045.29,0.002197
2025-11-24,51829.74,-0.004142
2025-11-25,51915.07,0.001646
2025-11-26,51949.92,0.000671
2025-11-27,51949.92,0.0
2025-11-28,51949.92,0.0
2025-12-01,51949.92,0.0
2025-12-02,51958.63,0.000168
2025-12-03,51982.41,0.000458
2025-12-04,52232.33,0.004808
2025-12-05,52232.33,0.0
2025-12-08,52289.83,0.001101
2025-12-09,52340.64,0.000972
2025-12-10,52340.64,0.0
2025-12-11,52340.64,0.0
2025-12-12,52382.86,0.000807
2025-12-15,52382.86,0.0
2025-12-16,52456.59,0.001408
2025-12-17,52456.59,0.0
2025-12-18,52456.59,0.0
2025-12-19,52456.59,0.0
2025-12-22,52456.59,0.0
2025-12-23,52488.62,0.000611
2025-12-24,52566.06,0.001475
2025-12-25,52566.06,0.0
2025-12-26,52531.56,-0.000656
2025-12-29,52531.56,0.0
2025-12-30,52531.56,0.0
2025-12-31,52777.6,0.004684
2026-01-05,52858.44,0.001532
2026-01-06,52919.31,0.001152
2026-01-07,53133.55,0.004048
2026-01-08,53406.94,0.005145
2026-01-09,53406.94,0.0
2026-01-12,53441.1,0.00064
2026-01-13,53573.11,0.00247
2026-01-14,54333.25,0.014189
2026-01-15,54333.25,0.0
2026-01-16,54327.19,-0.000112
2026-01-19,54489.6,0.002989
2026-01-20,54489.6,0.0
2026-01-21,54489.6,0.0
2026-01-22,54489.6,0.0
2026-01-23,54489.6,0.0
2026-01-26,54417.44,-0.001324
2026-01-27,54417.44,0.0
2026-01-28,54476.23,0.00108
2026-01-29,54756.2,0.005139
2026-01-30,54851.81,0.001746
2026-02-02,54885.85,0.000621
2026-02-03,54909.46,0.00043
2026-02-04,54909.46,0.0
2026-02-05,54974.35,0.001182
2026-02-06,54974.35,0.0
2026-02-09,54974.35,0.0
2026-02-10,54974.35,0.0
2026-02-11,54974.35,0.0
2026-02-12,54974.35,0.0
2026-02-13,54974.35,0.0
2026-02-24,55032.98,0.001066
2026-02-25,55032.98,0.0
2026-02-26,55032.98,0.0
2026-02-27,55191.2,0.002875
2026-03-02,55191.2,0.0
2026-03-03,55149.54,-0.000755
2026-03-04,55149.54,0.0
2026-03-05,55160.47,0.000198
2026-03-06,55160.47,0.0
2026-03-09,55214.76,0.000984
2026-03-10,55214.76,0.0
2026-03-11,55226.07,0.000205
2026-03-12,55288.02,0.001122
2026-03-13,55288.02,0.0
2026-03-16,55326.39,0.000694
2026-03-17,55326.39,0.0
2026-03-18,55326.39,0.0
2026-03-19,55326.39,0.0
2026-03-20,55326.39,0.0
2026-03-23,55492.67,0.003005
2026-03-24,55492.67,0.0
2026-03-25,55316.68,-0.003171
2026-03-26,55355.43,0.0007
2026-03-27,55355.43,0.0
2026-03-30,55341.4,-0.000254
2026-03-31,55341.4,0.0
2026-04-01,55422.81,0.001471
2026-04-02,55543.78,0.002183
2026-04-03,55524.68,-0.000344
2026-04-07,55524.68,0.0
2026-04-08,55559.95,0.000635
2026-04-09,55559.95,0.0
2026-04-10,55559.95,0.0
2026-04-13,55606.37,0.000835
2026-04-14,55606.37,0.0
2026-04-15,55606.37,0.0
2026-04-16,55498.93,-0.001932
2026-04-17,55498.93,0.0
2026-04-20,55498.93,0.0
2026-04-21,55498.93,0.0
2026-04-22,55498.93,0.0
2026-04-23,55498.93,0.0
2026-04-24,55498.93,0.0
2026-04-27,55498.93,0.0
2026-04-28,55498.93,0.0
2026-04-29,55621.75,0.002213
2026-04-30,55621.75,0.0
2026-05-06,55668.41,0.000839
2026-05-07,55643.44,-0.000449
2026-05-08,55972.53,0.005914
2026-05-11,55957.95,-0.00026
2026-05-12,55957.95,0.0
2026-05-13,55982.1,0.000432
2026-05-14,55982.1,0.0
2026-05-15,56046.26,0.001146
2026-05-18,55748.54,-0.005312
2026-05-19,55840.22,0.001644
2026-05-20,55848.62,0.000151
2026-05-21,55880.96,0.000579
2026-05-22,55880.96,0.0
2026-05-25,55880.96,0.0
2026-05-26,55948.83,0.001215
2026-05-27,55948.83,0.0
2026-05-28,56015.24,0.001187
2026-05-29,55897.3,-0.002105
2026-06-01,55897.3,0.0
2026-06-02,56018.11,0.002161
2026-06-03,56314.43,0.00529
2026-06-04,56314.43,0.0
2026-06-05,56383.51,0.001227
2026-06-08,56816.04,0.007671
2026-06-09,56816.04,0.0
2026-06-10,56834.1,0.000318
2026-06-11,56834.1,0.0
2026-06-12,56808.99,-0.000442
2026-06-15,56808.99,0.0
2026-06-16,56899.06,0.001585
2026-06-17,56899.06,0.0
2026-06-18,56899.06,0.0
2026-06-22,56899.06,0.0
2026-06-23,56899.06,0.0
2026-06-24,56899.8,1.3e-05
2026-06-25,56678.82,-0.003884
2026-06-26,56678.82,0.0
2026-06-29,56721.4,0.000751
2026-06-30,56721.4,0.0
2026-07-01,56696.93,-0.000432
2026-07-02,56696.93,0.0
2026-07-03,56696.93,0.0
2026-07-06,56799.29,0.001805
2026-07-07,56799.29,0.0
2026-07-08,56796.66,-4.6e-05
2026-07-09,56884.98,0.001555
2026-07-10,56884.01,-1.7e-05
2026-07-13,57019.67,0.002385
2026-07-14,56841.54,-0.003124
2026-07-15,56833.73,-0.000137
2026-07-16,56840.58,0.00012
2026-07-17,56840.58,0.0
2026-07-20,56579.51,-0.004593
2026-07-21,56565.86,-0.000241
2026-07-22,56890.7,0.005743
2026-07-23,56994.85,0.001831
2026-07-24,56994.85,0.0
2026-07-27,56672.48,-0.005656
2026-07-28,56503.5,-0.002982
2026-07-29,56737.41,0.00414
2026-07-30,56998.27,0.004598
2026-07-31,57065.68,0.001183
2026-08-03,57065.68,0.0
2026-08-04,57101.82,0.000633
2026-08-05,57199.66,0.001713
2026-08-06,57218.22,0.000325
2026-08-07,57218.22,0.0
2026-08-10,57053.07,-0.002886
2026-08-11,57134.57,0.001428
2026-08-12,57134.57,0.0
2026-08-13,57134.57,0.0
2026-08-14,57100.02,-0.000605
2026-08-17,57100.02,0.0
2026-08-18,57100.02,0.0
2026-08-19,57100.02,0.0
2026-08-20,57053.88,-0.000808
2026-08-21,57053.88,0.0
2026-08-24,57106.41,0.000921
2026-08-25,57218.46,0.001962
2026-08-26,57218.46,0.0
2026-08-27,57218.46,0.0
2026-08-28,57218.46,0.0
2026-08-31,57217.67,-1.4e-05
2026-09-01,57292.32,0.001305
2026-09-02,57366.59,0.001296
2026-09-03,57366.59,0.0
2026-09-04,57366.59,0.0
